file,scripts,docs
website/app/llms.txt/route.ts,v1022_telb_round3_certificates.py;v1025_telb_c1_c2a_certificates.py;v1026_telb_round4_closure.py;v1029_local_tensor_constraints.py;v1030_alg2_sector_frame.py,changelog
website/app/sitemap.ts,,changelog;introduction
website/app/architecture/page.tsx,v526_seam_thermal_kms_nariai_bridge.py,
website/app/changelog/page.tsx,,changelog
website/app/layout.tsx,,introduction
website/app/method/page.tsx,v649_discipline_audit.py,changelog
website/app/objections/page.tsx,v436_overdet_floor2.py,
website/app/orientation/page.tsx,,introduction
website/app/prime-front/page.tsx,v379_seam_s3_rp.py;v535_hecke_from_geometry.py;v536_eichler_trace_layer.py;v537_halfintegral_bridge.py;v538_relative_trace_identity.py;v539_weil_structure_family.py;v540_amplitude_linear_carrier.py;v541_matching_lemma_ledger.py;v542_margin_chain_identities.py;v543_lumped_pair_identities.py;v544_long_lag_support.py;v562_dense_limit_identities.py;v564_cp_fiber_pin.py;v569_lambda_pencil_onemode.py;v570_separation_floor.py;v573_pair_band_structure.py;v576_cheb_loewner_edge.py;v582_density_dominance.py;v596_lock_projection.py;v618_uniform_constant.py;v619_flip_mechanics.py;v624_external_lattice_audit.py;v625_prime_shadow.py;v626_e8_code.py;v627_hodge_chamber.py;v629_root_incidence.py;v630_suzuki_contact.py;v631_w1_dictionary.py;v633_orbit60_quotient.py;v634_st31_structure.py;v635_p_canonicity.py;v636_p_construction.py;v637_fine_c1_bridge.py;v638_code_semantics.py;v640_w1_boundary.py;v641_w1_portability.py;v642_w1_matrix.py;v643_w1_theorem.py;v644_w2_form_density.py;v648_sign_uncertainty.py;v682_lk_split_theta.py;v691_hecke_sos.py;v692_rank3_lockgram.py;v693_rank3_density_close.py;v716_moonshot_arch_glue.py;v721_k1_node_capture.py;v735_strat3_ucp_inductive.py;v780_z1_compactness_trilogy.py;v805_e8_syndrome_algebra.py;v816_prime_mosco_selection.py;v823_prime_lagrange_floor.py;v824_prime_floor_skeleton.py;v829_prime_floor_depth.py;v830_prime_float_budget.py;v831_prime_alias_second_moment.py;v835_corner_hjelmslev_tower.py;v836_commutant_sos_closure.py;v837_corner_closure_quantifier.py;v838_corner_expectation_position.py;v839_paircorr_bridge_saturation.py;v840_gue_ablation_loopgain.py;v841_relation_carrier_ladder.py;v842_excess_certified_skeleton.py;v843_margin_law_excess_lean.py;v846_schur_spectral_mother.py;v847_wedge_cellcone_transport.py;v848_extraction_chain.py;v905_bfloor_ideal_certificate.py;v909_finite_wall_closure.py;v910_finite_zero_transfer.py;v911_wiring_freedom.py;v912_form_convergence_theorem.py;v913_signed_alignment_localization.py;v914_pascal_region_theorem.py;v915_eulerpick_certified_floors.py;v916_epstein_weil_violation.py;v917_driver_rate_certification.py;v918_doublelimit_reduction_theorem.py;v921_counting_dominance_closures.py;v922_spacing_jet_sumrule_theorems.py;v925_edge_cleanup_closures.py;v926_fullgap_growthlaw_theorems.py;v930_window_instrument_mechanism.py;v931_jetmass_floor_theorems.py;v935_thetainf_landau_bridge.py;v936_manifold_invariance_exclusion.py;v941_alignment_law_factorization.py;v942_pi_pattern_transfer_specificity.py;v948_krein_sign_characteristic.py;v949_commensurability_mechanism.py;v954_nodeless_pf.py;v955_tau_iiks_toda_dictionary.py;v956_signedmoment_halffilling_duality.py;v958_bordered_tau_readout_dictionary.py;v959_coupledtau_terminal_dictionary.py;v960_terminal_surface_closure.py;v961_midpoint_orientation_dictionary.py;v970_extraction_and_composition.py,
website/app/replication/page.tsx,v1022_telb_round3_certificates.py;v1025_telb_c1_c2a_certificates.py;v1026_telb_round4_closure.py,
website/app/review/page.tsx,v1022_telb_round3_certificates.py;v1025_telb_c1_c2a_certificates.py;v1026_telb_round4_closure.py;v1029_local_tensor_constraints.py;v1030_alg2_sector_frame.py;v258_dirac_covariance_induction.py;v261_modular_spectral_closure.py;v336_continuum_limit.py;v367_seam_s3_lattice.py;v368_seam_s3_inflow.py;v371_ftransfer_pole.py;v375_observatory_registry.py;v376_seam_s3_centralcharge.py;v379_seam_s3_rp.py;v469_seam_crossedproduct_route.py;v489_seam_modular_commutator.py;v490_seam_parity_census.py,changelog
website/app/tour/page.tsx,v529_seam_interacting_toy_fk.py,introduction
website/app/verification/page.tsx,v1022_telb_round3_certificates.py;v1025_telb_c1_c2a_certificates.py;v1026_telb_round4_closure.py;v1029_local_tensor_constraints.py;v1030_alg2_sector_frame.py;v1031_quantum_tensor_curvature.py;v1033_charged_disorder.py;v1034_parent_mirror.py;v1035_matter_coupling.py;v159_pyrate_gauge_crosscheck.py;v164_qcd_scale.py;v166_higgs_free_seam.py;v170_diamond_slice_compression.py;v258_dirac_covariance_induction.py;v261_modular_spectral_closure.py;v319_translation_clock.py;v336_continuum_limit.py;v367_seam_s3_lattice.py;v368_seam_s3_inflow.py;v371_ftransfer_pole.py;v375_observatory_registry.py;v376_seam_s3_centralcharge.py;v379_seam_s3_rp.py;v383_dynamics_universal.py;v391_alpha_quillen_progress.py;v469_seam_crossedproduct_route.py;v489_seam_modular_commutator.py;v490_seam_parity_census.py;v84_frozen_registry.py,
website/components/tour/tourData.ts,v526_seam_thermal_kms_nariai_bridge.py;v529_seam_interacting_toy_fk.py;v534_seam_straddle_cone.py,
website/components/ChangelogBrowser.tsx,,changelog
website/components/ClaimStack.tsx,v1026_telb_round4_closure.py;v1029_local_tensor_constraints.py;v1030_alg2_sector_frame.py;v367_seam_s3_lattice.py;v368_seam_s3_inflow.py;v371_ftransfer_pole.py;v375_observatory_registry.py;v376_seam_s3_centralcharge.py;v379_seam_s3_rp.py;v469_seam_crossedproduct_route.py;v489_seam_modular_commutator.py;v490_seam_parity_census.py;v624_external_lattice_audit.py,
website/components/CodePrimesBand.tsx,v625_prime_shadow.py;v626_e8_code.py;v630_suzuki_contact.py;v631_w1_dictionary.py;v638_code_semantics.py;v640_w1_boundary.py;v644_w2_form_density.py;v648_sign_uncertainty.py,
website/components/DownloadsSection.tsx,,changelog;introduction
website/components/DownloadsTeaser.tsx,,introduction;tfpt_1_architecture_e8;tfpt_5_redteam
website/components/FTransferDynamics.tsx,v303_ftransfer_dynamics.py,
website/components/Footer.tsx,,changelog;introduction;origin_theory;tfpt_horizon_readouts;tfpt_research_contracts
website/components/GeometryArc.tsx,v617_seam_cover_forcing.py;v620_cyclic_n_census.py;v622_seam_identification.py;v623_covered_seam.py;v628_orbifold_casimir.py;v629_root_incidence.py;v633_orbit60_quotient.py;v634_st31_structure.py;v639_twist_ope.py;v645_klein_rp.py,
website/components/GravityEmergence.tsx,v23_anchor_generator.py;v323_bw_geometric_modular.py;v358_grav_entropy_equilibrium.py;v359_grav_nonlinear_einstein.py;v473_entropic_action_bridge.py;v478_entropic_continuum_legs.py;v58_seam_horizon_chain.py,
website/components/Hero.tsx,,introduction
website/components/HonestyBand.tsx,v529_seam_interacting_toy_fk.py,
website/components/HorizonStory.tsx,v101_horizon_anchor.py;v102_seam_orientation.py,
website/components/MethodBand.tsx,v649_discipline_audit.py,
website/components/Navbar.tsx,,changelog
website/components/NonRhResearchUpdate.tsx,,changelog
website/components/OpenGates.tsx,v1000_spin2_sk_witnesses.py;v1022_telb_round3_certificates.py;v1025_telb_c1_c2a_certificates.py;v1026_telb_round4_closure.py;v1029_local_tensor_constraints.py;v1030_alg2_sector_frame.py;v1031_quantum_tensor_curvature.py;v1035_matter_coupling.py;v153_no_unit_theorem.py;v154_simple_current_theorem.py;v175_net_existence_full_cone.py;v187_ftransfer_laws.py;v234_seam_holomorphy_selection.py;v235_seam_chern_simons.py;v258_dirac_covariance_induction.py;v261_modular_spectral_closure.py;v265_qft4d_fork_freeze.py;v274_scale_overdetermination.py;v302_seam_gap.py;v304_idg_nonlocal_ghost.py;v335_seam_equiv_unify.py;v336_continuum_limit.py;v337_decoupling_theorem.py;v367_seam_s3_lattice.py;v368_seam_s3_inflow.py;v369_qgamb_redundancy.py;v370_grav_spin2_unitarity.py;v371_ftransfer_pole.py;v372_ftransfer_boltzmann.py;v373_ftransfer_relic.py;v374_ftransfer_qcd.py;v375_observatory_registry.py;v376_seam_s3_centralcharge.py;v379_seam_s3_rp.py;v380_grav_kms_hessian.py;v469_seam_crossedproduct_route.py;v489_seam_modular_commutator.py;v490_seam_parity_census.py;v722_phys_ramified_ns_r.py;v723_phys_modular_clock.py;v724_phys_t3b_modular_flows.py;v725_phys_vgeo_torsor_audit.py;v726_phys_car_pp_index.py;v777_ftransfer_clock_jets.py;v792_ftransfer_kms_coset.py,changelog
website/components/PapersSection.tsx,,introduction
website/components/PredictionsSection.tsx,,introduction
website/components/ProofOffensivesTeaser.tsx,v682_lk_split_theta.py;v700_orbit60_census.py;v716_moonshot_arch_glue.py;v721_k1_node_capture.py;v726_phys_car_pp_index.py,
website/components/ReconstructionChain.tsx,v1022_telb_round3_certificates.py;v1025_telb_c1_c2a_certificates.py;v1026_telb_round4_closure.py;v1029_local_tensor_constraints.py;v1030_alg2_sector_frame.py;v258_dirac_covariance_induction.py;v259_modular_cutoff_kappa.py;v260_k3_kummer_unification.py;v261_modular_spectral_closure.py;v335_seam_equiv_unify.py;v336_continuum_limit.py;v358_grav_entropy_equilibrium.py;v359_grav_nonlinear_einstein.py;v369_qgamb_redundancy.py;v371_ftransfer_pole.py;v375_observatory_registry.py;v379_seam_s3_rp.py;v469_seam_crossedproduct_route.py,
website/components/ResidualChain.tsx,v175_net_existence_full_cone.py;v176_seam_collar_realisation.py;v181_clock_is_conformal_symmetry.py;v194_raw_seam_dtn_rp.py;v199_seam_state_invariance.py;v201_seam_subprincipal_marks.py;v234_seam_holomorphy_selection.py;v235_seam_chern_simons.py;v258_dirac_covariance_induction.py;v261_modular_spectral_closure.py;v276_qgeo_flat_closes_commutator.py;v282_e8_tau_i_unification.py;v284_route_i_rp_uniqueness.py;v285_route_ii_seam_condensation.py;v286_seam_equivalence_contract.py;v287_free_rp_bulk_to_holomorphic_boundary.py;v288_full_l2_subprincipal_z4.py;v289_marklocal_raw.py;v292_flataway_heat_reduction.py;v293_flataway_spectral_hessian.py;v294_flataway_rp_energy.py;v295_flataway_a2_exact.py;v296_flataway_a2_closed.py;v297_route_a_literature_stack.py;v300_flataway_rigid.py;v301_route_a_invertible.py;v302_seam_gap.py;v335_seam_equiv_unify.py;v336_continuum_limit.py;v367_seam_s3_lattice.py;v368_seam_s3_inflow.py;v376_seam_s3_centralcharge.py;v379_seam_s3_rp.py;v458_seam_mmst_citation_audit.py;v469_seam_crossedproduct_route.py;v479_kronheimer_quiver_bridge.py;v480_multilocal_four_interval.py;v489_seam_modular_commutator.py;v490_seam_parity_census.py,changelog
website/components/RosettaLexicon.tsx,v1026_telb_round4_closure.py;v1029_local_tensor_constraints.py;v1030_alg2_sector_frame.py;v371_ftransfer_pole.py;v372_ftransfer_boltzmann.py;v373_ftransfer_relic.py;v374_ftransfer_qcd.py;v375_observatory_registry.py,
website/components/Safeguards.tsx,v100_numerology_null_mc.py;v431_e8_degree_ladder.py;v436_overdet_floor2.py,
website/components/ScriptIndex.tsx,v1000_spin2_sk_witnesses.py;v1001_nu_pentagon_chain.py;v1002_spin10_mirror_projector.py;v1003_nu_structural_nulls.py;v1004_milnor_frobenius_gray.py;v1005_relative_pencil_bridges.py;v1006_mmst_lemma_battery.py;v1007_det16_stability_battery.py;v1008_master_assembly_scaffold.py;v1009_rho0_minimizer.py;v100_numerology_null_mc.py;v1010_simplicity_bridge_census.py;v1011_3p1d_ladder_battery.py;v1012_toe_gate_witnesses.py;v1013_thermodynamic_dynamics.py;v1014_bridge_refinements.py;v1015_axiom_core_closure.py;v1016_state_gap_batteries.py;v1017_kernel_loewner_positivity.py;v1018_e8_directed_readout.py;v1019_coxeter_euler_completion.py;v101_horizon_anchor.py;v1020_spectator_sector_obstruction.py;v1021_all_place_tate_rank_audit.py;v1022_telb_round3_certificates.py;v1023_derivative_filtered_wall.py;v1024_parent_internal_boundaries.py;v1025_telb_c1_c2a_certificates.py;v1026_telb_round4_closure.py;v1027_signed_det_car_wall.py;v1028_gauss_d4_cap.py;v1029_local_tensor_constraints.py;v102_seam_orientation.py;v1030_alg2_sector_frame.py;v1031_quantum_tensor_curvature.py;v1032_covariant_curvature.py;v1033_charged_disorder.py;v1034_parent_mirror.py;v1035_matter_coupling.py;v103_trisection_normal_form.py;v104_nariai_clock.py;v105_residual_inventory.py;v106_review_validation.py;v107_quantum_clock_target.py;v108_pascal_ladder.py;v109_sheet_pairing.py;v10_projection_involution.py;v110_calderon_sheet.py;v111_quadratic_transport.py;v112_selfcounting_channel.py;v113_quasifree_kernel.py;v114_torsion_delta.py;v115_anchor_residue.py;v116_resonance_uniqueness.py;v117_monodromy_weyl_a3.py;v118_hexagon_family_dictionary.py;v119_review_validation_2.py;v11_unique_KQ.py;v120_address_table.py;v121_address_pinning.py;v122_margin_theorem.py;v123_inventory_update.py;v124_resummed_clock.py;v125_glue_qsystem.py;v126_clock_wall_bridge.py;v127_ring_resummation.py;v128_graded_hull.py;v129_entropy_power_law.py;v12_mass_generation_polynomials.py;v130_born_square.py;v131_measure_is_area.py;v132_detratio_anomaly.py;v133_zeta_budget.py;v134_dual_anchor.py;v135_det_surface.py;v136_dual_normal_selector.py;v137_qplus_cohomology.py;v138_vw_firewall.py;v139_selector_triangle.py;v13_open_gates.py;v140_canonical_map.py;v141_deck_selection.py;v142_frame_integrality.py;v143_graded_frobenius.py;v144_detratio_family.py;v145_pairing_atoms.py;v146_moebius_d4.py;v147_clock_gaussian.py;v148_fock_census.py;v149_cusp_normal.py;v14_carrier_uniqueness.py;v150_replica_eh_model.py;v151_bfk_split.py;v152_norm_is_anchor.py;v153_no_unit_theorem.py;v154_simple_current_theorem.py;v155_quasifree_boundary.py;v156_seam_net_construction.py;v157_rigid_fixed_point.py;v158_fixed_point_stable.py;v159_pyrate_gauge_crosscheck.py;v15_bootstrap_classification.py;v160_seam_gaussianity_from_pf.py;v161_one_particle_reduction.py;v162_seam_transport_identification.py;v163_rg_stability_flavor.py;v164_qcd_scale.py;v165_premise_a_closure.py;v166_higgs_free_seam.py;v167_inventory_post_closure.py;v168_qgeo_rigidity.py;v169_etaB_boltzmann_interface.py;v16_solar_dual_anchor.py;v170_diamond_slice_compression.py;v171_os_moment_cluster.py;v172_trace_anomaly_seed.py;v173_pfaffian_cp_car.py;v174_seam_fock_readings.py;v175_net_existence_full_cone.py;v176_seam_collar_realisation.py;v177_seam_marking_kernel.py;v178_marks_kernel_attempt.py;v179_conformal_realisation.py;v17_hexagonal_resolvent.py;v180_clock_is_mobius.py;v181_clock_is_conformal_symmetry.py;v182_reviewer_residual_map.py;v183_koide_f_corner_transfer.py;v184_etaB_anchored_boltzmann.py;v185_axion_relic_solver.py;v187_ftransfer_laws.py;v188_frontier_wording_guard.py;v189_riemann_roch_carrier.py;v18_quark_yukawa.py;v190_nariai_entropy_bound.py;v191_universal_branch_line.py;v192_qgeo_energy_clock.py;v193_qgeo_energy_commutator.py;v194_raw_seam_dtn_rp.py;v195_marks_lefschetz_character.py;v196_seam_energy_functional.py;v197_rr_carrier_clifford_d5.py;v198_modular_commutator_reduction.py;v199_seam_state_invariance.py;v19_monodromy_moduli.py;v1_e8_glue.py;v200_seam_variational_scan.py;v201_seam_subprincipal_marks.py;v202_rare_kaon.py;v203_eht_achromatic.py;v204_muon_seam_g2.py;v205_xi_threequarter.py;v206_h0_lambda_branch.py;v207_asymptotic_safety.py;v208_bh_thermodynamics.py;v209_bh_regular_core.py;v20_lepton_c_derivation.py;v210_mark_local_dtn.py;v211_axion_spine_angle.py;v212_leptogenesis_decuple.py;v213_ftransfer_functor.py;v214_seam_pillowcase.py;v215_seam_deck_killtest.py;v216_marks_gauss_bonnet.py;v217_marks_emergence_scan.py;v218_diamond_axis_geometry.py;v219_icosahedral_mckay.py;v21_solar_product_quark.py;v220_cp_hexagonal_modulus.py;v221_seam_qecc.py;v222_cm_norm_duality.py;v223_coxeter_totative_clock.py;v224_diamond_ftransfer_path.py;v225_dual_normal_frame.py;v227_degree_exponent_channel_split.py;v228_rr_index_gate.py;v229_lepton_frobenius_algebra.py;v22_open_gates_audit.py;v230_center_budget_norms.py;v231_cp_mu6_phases.py;v232_e8_kleinian_seam.py;v233_cp_triality_phase.py;v234_seam_holomorphy_selection.py;v235_seam_chern_simons.py;v236_brieskorn_capstone.py;v237_seam_sre_closure.py;v238_modular_lindblad_dynamics.py;v239_kms_thermal_time.py;v23_anchor_generator.py;v240_gns_os_reconstruction.py;v241_dhr_sectors.py;v242_spin_statistics_modular.py;v243_haag_ruelle_braiding.py;v244_spectral_action_contract.py;v245_spectral_matter_content.py;v246_unification_data_crosscheck.py;v247_e8_branching_no126.py;v248_ps_algebra.py;v249_ps_unification.py;v24_quark_ratio_closure.py;v250_dirac_triple_contract.py;v251_first_order_sigma.py;v252_full_finite_triple.py;v253_kappa_scalaron_ps.py;v254_inner_fluctuations.py;v255_spectral_action_expansion.py;v256_orientability_poincare.py;v257_quasiorient_modpd.py;v258_dirac_covariance_induction.py;v259_modular_cutoff_kappa.py;v25_frontier_conjectures.py;v260_k3_kummer_unification.py;v261_modular_spectral_closure.py;v262_fqcd_mp_me.py;v263_mnu_from_df.py;v264_raw_seam_marklocal.py;v265_qft4d_fork_freeze.py;v266_ps_threshold_proton.py;v267_qgeo_rigidity_minimal_axiom.py;v268_theta13_carrier_trace.py;v269_spert_paqft_skeleton.py;v26_flavor_frontier_unification.py;v270_pmns_jarlskog_assembly.py;v271_eg_oneloop_quartic.py;v272_nu_mass_scale.py;v273_eg_gauge_running.py;v274_scale_overdetermination.py;v275_qgamb_roadmap.py;v276_qgeo_flat_closes_commutator.py;v277_seam_calderon_e8_match.py;v278_lsz_bridge_unitarity.py;v279_qgeo_obligation_lemma.py;v27_wall_representative.py;v280_pillowcase_steklov.py;v281_holomorphy_modular_data.py;v282_e8_tau_i_unification.py;v283_live_killtest_scorecard.py;v284_route_i_rp_uniqueness.py;v285_route_ii_seam_condensation.py;v286_seam_equivalence_contract.py;v287_free_rp_bulk_to_holomorphic_boundary.py;v288_full_l2_subprincipal_z4.py;v289_marklocal_raw.py;v28_gravity_fR.py;v290_z4_smooth_curvature_adversary.py;v291_flataway_contract.py;v292_flataway_heat_reduction.py;v293_flataway_spectral_hessian.py;v294_flataway_rp_energy.py;v295_flataway_a2_exact.py;v296_flataway_a2_closed.py;v297_route_a_literature_stack.py;v298_e8_network_attractor.py;v299_hypergraph_0d_autonomous.py;v29_research_contract_certs.py;v2_carrier_pascal.py;v300_flataway_rigid.py;v301_route_a_invertible.py;v302_seam_gap.py;v303_ftransfer_dynamics.py;v304_idg_nonlocal_ghost.py;v305_witness_independence.py;v306_seed_crossval.py;v307_data_watchdog.py;v308_seam_equiv_chain.py;v309_modular_bedrock.py;v30_d4_character_variety.py;v310_carrier_sm_anomaly.py;v311_gap_decoupled_measure.py;v312_hypergraph_substrate.py;v313_golden_atoms_spectral.py;v314_rate_translation.py;v315_coxeter_coupling.py;v316_galois_readout.py;v317_galois_family.py;v318_arithmetic_capstone.py;v319_translation_clock.py;v31_R_dictionary.py;v320_galois_cp_relation.py;v321_killtest_board.py;v322_cp_lock_sharpened.py;v323_bw_geometric_modular.py;v324_hypergraph_fiber.py;v325_pillowcase_keystone.py;v326_ftransfer_suite.py;v327_hypergraph_rewrite.py;v328_theta13_pressure.py;v329_os_gap_reduction.py;v32_rh_splitting.py;v330_qgamb_admissible_measure.py;v331_necessity_of_H.py;v332_qgamb_metric_sector.py;v333_cm_selection.py;v334_conformal_resolution.py;v335_seam_equiv_unify.py;v336_continuum_limit.py;v337_decoupling_theorem.py;v338_theta13_budget.py;v339_firstprinciples_boundary.py;v33_explicit_flat_bundle.py;v340_As_reconcile.py;v341_alpha_quillen.py;v342_em_ward_heatkernel.py;v343_four_routes_analysis.py;v344_detk_synthesis.py;v345_hypergraph_homotopy.py;v346_seam_geometric_bridge.py;v347_seam_closure_modes.py;v348_seam_rigidity_route.py;v349_raw_seam_golden_test.py;v34_h2_bridge_attempt.py;v350_bootstrap_inputs_correction.py;v351_continuum_realisation_sharpened.py;v352_framework_irreducible.py;v353_selfloop_capstone.py;v354_e8_reverse_audit.py;v355_e8_unmapped_bandwidth.py;v356_continuum_mmst_applicability.py;v358_grav_entropy_equilibrium.py;v359_grav_nonlinear_einstein.py;v35_quark_qcd_boundary.py;v360_grav_gap_corrections.py;v361_grav_backreaction.py;v364_vgeo_sharpen.py;v365_qg_oneloop_saddle.py;v366_mmst_seam_collar.py;v367_seam_s3_lattice.py;v368_seam_s3_inflow.py;v369_qgamb_redundancy.py;v36_spectral_action_g2.py;v370_grav_spin2_unitarity.py;v371_ftransfer_pole.py;v372_ftransfer_boltzmann.py;v373_ftransfer_relic.py;v374_ftransfer_qcd.py;v375_observatory_registry.py;v376_seam_s3_centralcharge.py;v377_seam_s3_e8character.py;v378_seam_s3_modular.py;v379_seam_s3_rp.py;v37_plucker_anchor.py;v380_grav_kms_hessian.py;v381_qft4d_eg_allorder.py;v382_alpha_quillen_exact.py;v383_dynamics_universal.py;v384_residual_certification.py;v385_uvbranch_killtest.py;v386_grav_amplitude.py;v387_corrections_gap.py;v388_corrections_budget.py;v389_grav_loop_finiteness.py;v38_uwall_killswitch.py;v390_prime2_facet.py;v391_alpha_quillen_progress.py;v392_seam_s3_scalinglimit.py;v393_corrections_numeric.py;v394_coxeter_atoms.py;v395_hypergraph_coupled.py;v396_phi0_icosahedral.py;v397_external_clock_probe.py;v398_seam_state_rigidity.py;v399_gravity_complete.py;v39_uwall_selectors.py;v3_em_alpha.py;v400_grav_nonlocal_action.py;v401_metrology_closure.py;v402_ftransfer_suite.py;v403_facet_compositum.py;v404_e8_char_cm_duality.py;v405_seam_equiv_omega.py;v406_pmns_phase_origin.py;v407_dn_pairings_omega.py;v408_phi0_puncture_heatkernel.py;v409_coxeter_prime2_lemma.py;v40_harmonic_metric.py;v410_sheet_generator_binary.py;v411_ud_ratio_vpower.py;v412_sheet_source_corner_J.py;v413_sheet_characteristic_calculus.py;v414_center_resolvent_portal.py;v415_gaussian_operator.py;v416_atom_trichotomy.py;v417_eisenstein_cp_operator.py;v418_cyclotomic_norm_triple.py;v419_seam_galois_carrier.py;v41_leg_assignment.py;v420_fpole_qed_running.py;v422_galois_net_bridge.py;v423_no_ambient_dependency.py;v424_seam_lto_rp_reduction.py;v425_dyn_transfer_universal.py;v426_seam_lto_rp_kms.py;v427_overdet_witness_map.py;v428_overdet_reclass.py;v429_axion_pentagon_phi.py;v42_exterior_leg.py;v430_other_side_reverse_audit.py;v431_e8_degree_ladder.py;v432_overdet_floor.py;v433_alpha_quillen_heatkernel.py;v434_alpha_quillen_betafunction.py;v435_alpha_quillen_chernlevel.py;v436_overdet_floor2.py;v437_e8_degree_joint.py;v438_seam_hsmi_borchers.py;v439_seam_lieb_robinson.py;v43_exterior_bridge.py;v440_seam_lto_rp_beta.py;v441_seam_applicability_ledger.py;v442_seam_rigidity_uniform.py;v443_seam_e8_discriminator.py;v444_seam_edge_scaling.py;v445_seam_rigidity_forcing.py;v446_seam_clock_invariance.py;v447_seam_edge_chern.py;v448_seam_edge_fourpoint.py;v449_seam_mmst_uniform.py;v44_carrier_exterior.py;v450_seam_edge_entanglement.py;v451_seam_edge_cardy_tower.py;v452_seam_e8_modular.py;v453_seam_mu4_from_marks.py;v454_seam_edge_virasoro.py;v455_seam_bw_uniform.py;v456_seam_chirality_from_c3.py;v457_seam_character_killtest.py;v458_seam_mmst_citation_audit.py;v459_seam_lattice_voa_route.py;v45_family_exterior.py;v460_seam_s3_lto.py;v461_seam_strict_locality.py;v462_seam_spinor_continuum.py;v463_seam_c8_holomorphic_uniqueness.py;v464_seam_oneparticle_rigidity.py;v465_seed_crosssector_joint.py;v466_seed_leptonmass_channel.py;v467_thirdgen_mixing_pattern.py;v468_dm2_ratio_jarlskog.py;v469_seam_crossedproduct_route.py;v46_grand_mass_volume.py;v470_alpha_inflow_level.py;v471_seam_horizon_replica.py;v472_quillen_detline_moduli.py;v473_entropic_action_bridge.py;v474_entropic_hodge_carrier.py;v475_entropic_scalaron_gate.py;v476_entropic_compression_toy.py;v477_entropic_scaleflow.py;v478_entropic_continuum_legs.py;v479_kronheimer_quiver_bridge.py;v47_selection_theorem.py;v480_multilocal_four_interval.py;v481_seesaw_carrier_ladder.py;v482_seesaw_rung_decision.py;v483_pillowcase_exact_traces.py;v484_seam_contact_unit.py;v485_contact_diagonal_closed.py;v486_transfer_full_rule.py;v487_transfer_clock_rungs.py;v488_majorana_clebsch_door.py;v489_seam_modular_commutator.py;v48_em_ward.py;v490_seam_parity_census.py;v491_p2_partition_corollary.py;v492_celestial_z4_orbifold.py;v493_celestial_wp2_clock_deformation.py;v494_cosmo_running_mu_record.py;v495_celestial_wp3_gs_alignment.py;v496_celestial_wp4_character_shadow.py;v497_celestial_wp5a_null_ideal.py;v498_celestial_wp5b_singular_vector.py;v499_p2_weights_deligne_bg.py;v49_readout_rigidity.py;v4_flavor_matrix.py;v500_celestial_wp5c_gns_limit_state.py;v501_celestial_wp5d_two_interval_index.py;v502_celestial_wp5e_prefactor_level.py;v503_qgeo_emergence_light.py;v504_celestial_wp5d_klm_completeness.py;v505_celestial_wp5e_beta_equivariant_ledger.py;v506_seam_clock_rigidity.py;v507_seam_bit_origin.py;v508_celestial_wp5e_gamma_pairing.py;v509_celestial_wp5e_eps2_level_from_flux.py;v50_q_geometry.py;v510_seam_bit_freedom.py;v511_celestial_wp5e_delta2_tensor_ledger.py;v512_seam_tau_flag.py;v513_celestial_dterm_nonderivation.py;v514_celestial_wp5e_eps1_axion_slot.py;v515_celestial_wp5e_m1_omega_n.py;v516_celestial_wp5e_m2_twisted_ks_measure.py;v517_celestial_wp5e_m3_a0_uplift.py;v518_celestial_wp5e_delta1_derived_kill.py;v519_woit_theta_rp_free.py;v51_boundary_half_step.py;v520_celestial_wp5e_measure_decision.py;v521_seam_bit_rp_blind.py;v522_woit_beta1_gso_gauge.py;v523_celestial_wp5e_wm_derived.py;v524_woit_beta2_os_quotient.py;v525_seam_bit_twist_blind.py;v526_seam_thermal_kms_nariai_bridge.py;v527_seam_clock_silver_spectrum.py;v528_seam_bit_twist_class_definition.py;v529_seam_interacting_toy_fk.py;v52_pencil_endpoints.py;v530_center_quotient_compiler.py;v531_coxeter_tensor_stage_a.py;v532_e8_degree_modular_checksum.py;v533_ftransfer_disc7_norm.py;v534_seam_straddle_cone.py;v535_hecke_from_geometry.py;v536_eichler_trace_layer.py;v537_halfintegral_bridge.py;v538_relative_trace_identity.py;v539_weil_structure_family.py;v53_compiler_core.py;v540_amplitude_linear_carrier.py;v541_matching_lemma_ledger.py;v542_margin_chain_identities.py;v543_lumped_pair_identities.py;v544_long_lag_support.py;v545_hardy_core_identities.py;v546_capacity_chain_identities.py;v547_level_lemma_identities.py;v548_green_szego_identities.py;v549_gauge_parity_identities.py;v54_seam_horizon_keystones.py;v550_odd_sector_identities.py;v551_ritz_ceiling_certificate.py;v552_angle_instruments.py;v553_exact_form_identities.py;v554_sampling_harmonics_identities.py;v555_pareto_tv_identities.py;v556_gauge_ppr_identities.py;v557_cascade_vector_identities.py;v558_bilinear_rank_identities.py;v559_phase2_capstone.py;v55_coxeter_cycle.py;v560_frame_deficit_identities.py;v561_cp_channel_identities.py;v562_dense_limit_identities.py;v563_paper2_readouts.py;v564_cp_fiber_pin.py;v565_woit_beta3_pt_duality.py;v566_parabolic_anchor_selfcode.py;v567_carrier_free_q_reconstruction.py;v568_bit_selector_ladder.py;v569_lambda_pencil_onemode.py;v56_unique_attractor.py;v570_separation_floor.py;v571_cr_discrete_corners.py;v572_rp_bit_form.py;v573_pair_band_structure.py;v574_stageb_winding.py;v575_cr_continuous_uniflow.py;v576_cheb_loewner_edge.py;v577_nullray_census.py;v578_native_jets.py;v579_macro_kernel_signs.py;v57_horizon_crosslinks.py;v580_occupation_map.py;v581_locking_transport.py;v582_density_dominance.py;v583_pnt_model.py;v584_ext_source_response.py;v585_pnt_locking_split.py;v586_pnt_lock_direction.py;v587_w_closed_form.py;v588_closed_delta.py;v589_zero_comb.py;v58_seam_horizon_chain.py;v590_involution_existence.py;v591_pole_rank_one.py;v592_continuum_det_law.py;v593_cutoff_completion.py;v594_unconditional_cert.py;v595_mapping_completion.py;v596_lock_projection.py;v597_mu4_cover_model.py;v598_cover_dictionary.py;v599_real_structure.py;v59_area_law_evidence.py;v5_e8_cascade.py;v600_joint_embedding.py;v601_equivariant_dual.py;v602_duality_forms.py;v603_seam_marks.py;v604_equivariant_order.py;v605_translator.py;v606_mode_separation.py;v607_selection_rule.py;v608_gamma_free_slice.py;v609_translator_factorization.py;v60_lambda_metrology_branch.py;v610_curve_landscape.py;v611_periods.py;v612_polarization_frame.py;v613_canonical_periods.py;v614_transport_deck.py;v615_gamma_toy_interacting.py;v616_su2_internal_kinematic.py;v617_seam_cover_forcing.py;v618_uniform_constant.py;v619_flip_mechanics.py;v61_cft_bridge.py;v620_cyclic_n_census.py;v621_interacting_semigroup.py;v622_seam_identification.py;v623_covered_seam.py;v624_external_lattice_audit.py;v625_prime_shadow.py;v626_e8_code.py;v627_hodge_chamber.py;v628_orbifold_casimir.py;v629_root_incidence.py;v62_data_scorecard.py;v630_suzuki_contact.py;v631_w1_dictionary.py;v632_ftransfer_pgl2.py;v633_orbit60_quotient.py;v634_st31_structure.py;v635_p_canonicity.py;v636_p_construction.py;v637_fine_c1_bridge.py;v638_code_semantics.py;v639_twist_ope.py;v63_seam_engineering_index.py;v640_w1_boundary.py;v641_w1_portability.py;v642_w1_matrix.py;v643_w1_theorem.py;v644_w2_form_density.py;v645_klein_rp.py;v646_rm13_reverse.py;v647_st31_degree24.py;v648_sign_uncertainty.py;v649_discipline_audit.py;v64_causal_boundary_nogo.py;v650_orbifold_modular.py;v651_orbifold_assembly.py;v652_orbifold_arf.py;v653_bond_defect.py;v654_st31_degree8.py;v655_w2_mosco.py;v656_margin_link.py;v657_rid_alignment.py;v658_w3_uniform_bound.py;v659_w3_landscape.py;v65_falsification_layer.py;v660_theta_predicate.py;v661_garding.py;v662_garding_edgeband.py;v663_garding_envelope.py;v664_look_elsewhere.py;v665_keiper_li.py;v666_turing_cert.py;v667_baez_duarte.py;v668_ground_truth.py;v669_fejer_density.py;v66_e8_casimir_degrees.py;v670_w3_block_deflation.py;v671_lehmer_resonance.py;v672_li_corollary.py;v673_li_e4.py;v674_packet_garding.py;v675_needle_mechanism.py;v676_c1_mechanism.py;v677_w3_structure_theorem.py;v678_zero_gap_theorem.py;v679_orbifold_continuum_os.py;v67_area_law_coefficient.py;v680_pinch_attack.py;v681_coverage_hole.py;v682_lk_split_theta.py;v683_rank3_functionals.py;v684_rank3_zeroside.py;v685_rank3_uniformity.py;v686_geometric_sos.py;v687_extremal_kernel.py;v688_interpolation_detector.py;v689_gaussian_code_bridge.py;v68_seeley_dewitt_residual.py;v690_quartic_half.py;v691_hecke_sos.py;v692_rank3_lockgram.py;v693_rank3_density_close.py;v694_interpolation_lemma_closure.py;v695_z1_trace_operator.py;v696_z1_jacobi.py;v697_z1_uvarov.py;v698_z1_flow_recursion.py;v699_cone_dynamics.py;v69_d4_q_geometry.py;v6_bootstrap.py;v700_orbit60_census.py;v701_big_picture_hunt.py;v702_z1_lookahead.py;v703_chain_tolerance_scaling.py;v704_chain_mass_law.py;v705_chain_deck_sector.py;v706_chain_weyl_mass.py;v707_chain_section_edge.py;v708_chain_position_functional.py;v709_chain_zero_layer.py;v70_q_integer_lift.py;v710_chain_two_stage_hecke.py;v711_chain_firstbirth_scaling.py;v712_rank3_transverse_deck.py;v713_l1_montage.py;v714_moonshot_hecke_groupoid.py;v715_qgeo_car_continuum.py;v716_moonshot_arch_glue.py;v717_moonshot_state.py;v718_moonshot_spectral.py;v719_moonshot_traceformula.py;v71_simple_r_bridge.py;v720_moonshot_k2k3.py;v721_k1_node_capture.py;v722_phys_ramified_ns_r.py;v723_phys_modular_clock.py;v724_phys_t3b_modular_flows.py;v725_phys_vgeo_torsor_audit.py;v726_phys_car_pp_index.py;v727_l1_identification.py;v728_k1b_superresolution.py;v729_strat2_rp_universality.py;v72_q_det_from_cusp.py;v730_strat2_pinning_lemma.py;v731_strat2_gap_universality.py;v732_strat3_sonin_prolate.py;v733_strat3_gate0_census.py;v734_s1_canonical.py;v735_strat3_ucp_inductive.py;v736_orbit_packet.py;v737_seam48_intertwiner.py;v738_hecke_mod_ramified.py;v739_rank3_jet.py;v73_k_c3_half.py;v740_kms_extension_switch.py;v741_kms_toeplitz_semigroup.py;v742_channel_interference.py;v743_schur_cone_recursion.py;v744_hecke_channel_columns.py;v745_qgeo_car_l1_sector_lemma.py;v746_phys_gnet_local_functor.py;v747_automaton_multiway_tower.py;v748_automaton_sigma_orbifold_confluence.py;v749_simpler_tower.py;v74_compiler_micro_lemmas.py;v750_simpler_gluing.py;v751_ward_monotone.py;v752_projective_hamming_incidence.py;v753_ramified_polarity.py;v754_ramodd_twostep.py;v755_simpler_schur_recursion.py;v756_kms_incidence_stinespring.py;v757_fano_disc7_bridge.py;v758_simpler_certificate.py;v759_handoff_fixed_window_resolution.py;v75_upoint_to_vgeo.py;v760_antialias_exact.py;v761_atom_pole_abel.py;v762_dense_weil_core.py;v763_yosida_handoff.py;v765_handoff_redteam.py;v766_handoff_bulk.py;v767_handoff_frequency_gram.py;v768_handoff_tail_weil.py;v769_qf_contract_necessity.py;v76_gmetric_reduction.py;v770_qf_spectral_bundle.py;v771_qf_representation_census.py;v772_qf_feshbach_effective.py;v773_qf_cell_cocycle.py;v774_arf_spinor_compiler.py;v775_gaussian_class_d5_purity.py;v776_boundary_hamming_uniqueness.py;v777_ftransfer_clock_jets.py;v778_qgeo_gridsup_logsum.py;v779_gnet_gns_arf.py;v77_e8_conformal_net.py;v780_z1_compactness_trilogy.py;v781_one_object_clock_census.py;v782_e8_transition_bus.py;v783_two_qubit_clifford.py;v784_curve_code_2torsion.py;v785_hecke_check32.py;v786_prime_packet480.py;v787_hecke_arrow_broadcast.py;v788_positive_c2_lift.py;v789_multirate_constdepth.py;v78_vgeo_floor.py;v790_snf_mu4_theta.py;v791_positive_descent.py;v792_ftransfer_kms_coset.py;v793_f8sector_conductor.py;v794_cp_extension_gate.py;v795_halving_tails_k5.py;v796_duad_syntheme_bridge.py;v797_r_microstate_identification.py;v798_seam_clifford_modular_s.py;v799_seam_code_typeii.py;v79_review_identities.py;v7_gravity_cosmo.py;v800_e8_torsor_fourier.py;v801_prime_cp_intertwiner.py;v802_gnet_martingale.py;v803_e8_jetcode_affine_nsr.py;v804_prime_carrier_gray.py;v805_e8_syndrome_algebra.py;v806_hecke_local_clifford.py;v807_lorentz_nullselector.py;v808_petersen_sixthroot.py;v809_curve_code_doily.py;v80_operator_pencil_geometry.py;v810_cutcode_moment.py;v811_prime_kraus_doily.py;v812_flavor_graph_filtration.py;v813_p1_index_kms.py;v814_k5_sixstep_transport.py;v815_kraus_spread_commutant.py;v816_prime_mosco_selection.py;v817_positive_descent_master.py;v818_sector_floor_attack.py;v819_prime_packet_rm14.py;v81_singular_pencil_matrices.py;v820_prime_kraus_rm24.py;v821_prime_vacuum35.py;v822_prime_vacuum_dilation.py;v823_prime_lagrange_floor.py;v824_prime_floor_skeleton.py;v825_prime_exclusion_ladder.py;v826_prime_exclusion_battery2.py;v827_prime_zero_locator.py;v828_prime_comb_window.py;v829_prime_floor_depth.py;v82_koide_attractor_splitting.py;v830_prime_float_budget.py;v831_prime_alias_second_moment.py;v832_anchor_flavor_checksum.py;v833_gaussian_ramification_ladder.py;v834_pg32_flag_completion.py;v835_corner_hjelmslev_tower.py;v836_commutant_sos_closure.py;v837_corner_closure_quantifier.py;v838_corner_expectation_position.py;v839_paircorr_bridge_saturation.py;v83_e8net_holomorphic_uniqueness.py;v840_gue_ablation_loopgain.py;v841_relation_carrier_ladder.py;v842_excess_certified_skeleton.py;v843_margin_law_excess_lean.py;v844_message_doily_rank.py;v845_cfin_normal_form.py;v846_schur_spectral_mother.py;v847_wedge_cellcone_transport.py;v848_extraction_chain.py;v849_cfin_unique_cofinal_lean.py;v84_frozen_registry.py;v850_completion_tax_flow.py;v851_cluster_kernel_field.py;v852_arf_vacuum_ovoid.py;v853_bent_css_mangoldt.py;v854_relation_hodge_pfaffian.py;v855_invariance_atlas.py;v856_connected_current_lean.py;v857_simplex_fourier_winding.py;v858_g31_clock_alphabet.py;v859_grade_no_go_elevator.py;v85_master_cover.py;v860_phase_lever_closure.py;v861_krein_normalform_lean.py;v862_defect_polar_weld.py;v863_redheffer_colligation.py;v864_softport_kappa_law.py;v865_weyl_port_readout.py;v866_source_contractor_formula.py;v867_radau_conditioning.py;v868_divisor210_audits.py;v869_cdcore_clarkphase.py;v86_nstar_reheating.py;v870_christoffel_gauss_frame.py;v871_pole_uvarov_crossdefect.py;v872_damping_compensation.py;v873_pruefer_cotlar_decision.py;v874_feedback_decoder_lean.py;v875_shell_global_lean.py;v876_carleson_polygon_wave.py;v877_complete_comb_reversal.py;v878_ledger_integrity.py;v879_envelope_partition_closure.py;v87_bulk_uniqueness_reduction.py;v880_finite_anchor_theorems.py;v881_carleson_port_geometry.py;v882_port_source_mellin.py;v883_tau_chain_parametrix.py;v884_certified_head_positivity.py;v885_ladder_flow_anatomy.py;v886_register_gapcode_null.py;v887_certified_ladder_complete.py;v888_finite_pfaffian_signature.py;v889_route_decisions.py;v88_cp_phase_audit.py;v890_total_positivity_flow.py;v891_moebius_firewall_kills.py;v892_closure_architecture.py;v893_relative_margins.py;v894_diagonal_refinement.py;v895_collective_comb.py;v896_wick_block_functor.py;v897_certified_interval_ladder.py;v898_kms_schur_mixing.py;v899_christoffel_normsquare.py;v89_carrier_index_lemma.py;v8_horizon.py;v900_core_update_anatomy.py;v901_tangent_schur_bfloor.py;v902_wall_relocation_map.py;v903_seam_rp_exclusion.py;v904_healthcode12_diagnostic.py;v905_bfloor_ideal_certificate.py;v906_tail_cartography.py;v907_halfgap_registered_target.py;v908_seam_equilibrium_wiring.py;v909_finite_wall_closure.py;v90_conical_defect_chain.py;v910_finite_zero_transfer.py;v911_wiring_freedom.py;v912_form_convergence_theorem.py;v913_signed_alignment_localization.py;v914_pascal_region_theorem.py;v915_eulerpick_certified_floors.py;v916_epstein_weil_violation.py;v917_driver_rate_certification.py;v918_doublelimit_reduction_theorem.py;v919_secular_gw_pinning.py;v91_spine_tetrahedron.py;v920_loop_equivalence_theorems.py;v921_counting_dominance_closures.py;v922_spacing_jet_sumrule_theorems.py;v923_spectral_balance_razor_theorems.py;v924_moment_laurent_rootladder.py;v925_edge_cleanup_closures.py;v926_fullgap_growthlaw_theorems.py;v927_blockaverage_substrate_theorems.py;v928_depthblock_transfer_theorems.py;v929_sigmafloor_factorization.py;v92_glue_uniqueness.py;v930_window_instrument_mechanism.py;v931_jetmass_floor_theorems.py;v932_toproot_theta_statement.py;v933_h3_cofinal_adjudication.py;v934_gonek_pricing_unconditional.py;v935_thetainf_landau_bridge.py;v936_manifold_invariance_exclusion.py;v937_l1wpd_closure_reduction.py;v938_dbn_heatflow_census.py;v939_cbj_frame_adjudication.py;v93_koide_relaxation_toy.py;v940_cbj_subdof_blockfloor.py;v941_alignment_law_factorization.py;v942_pi_pattern_transfer_specificity.py;v943_mangoldt_ablation_localization.py;v944_ground_residue_observability.py;v945_zero_causal_stratification.py;v946_census_krein_pencil.py;v947_loewner_pick_dictionary.py;v948_krein_sign_characteristic.py;v949_commensurability_mechanism.py;v94_sheet_diamond.py;v950_zero_channel_capacity.py;v951_cancellation_functional.py;v952_turan_extremal.py;v953_fewatom_reduction.py;v954_nodeless_pf.py;v955_tau_iiks_toda_dictionary.py;v956_signedmoment_halffilling_duality.py;v957_ccc_crossover_kinematics.py;v958_bordered_tau_readout_dictionary.py;v959_coupledtau_terminal_dictionary.py;v95_centered_diamond.py;v960_terminal_surface_closure.py;v961_midpoint_orientation_dictionary.py;v962_halffilling_pinning_theory.py;v963_lstar_reduction_dictionary.py;v964_lstar_coherence_census.py;v965_lstar_curvature_arc.py;v966_l2_reduction_chain.py;v967_l2_cascade_closure.py;v968_architecture_adjudication.py;v969_forks_and_redteam.py;v96_branch_kernel_selection.py;v970_extraction_and_composition.py;v971_markov_embedding_generator.py;v972_seam_interaction_front.py;v973_seam_route_narrowing.py;v974_alpha_faces_computed.py;v975_dimension_selector_4d.py;v976_seam_lift_birkhoff.py;v977_transfer_unistochastic_wilson.py;v978_terminal_density_martingale.py;v979_cover_growth_k2.py;v97_sheet_conjugation_bridge.py;v980_lstar_margin_chain.py;v981_lstar_borodin_duality.py;v982_dirichlet_matched_frame.py;v983_simple_current_generator.py;v984_markov_qca_dilation.py;v985_quillen_channel_swap.py;v986_nu_scalaron_rung.py;v987_os_dilation_package.py;v988_psi_lambda_reduction.py;v989_lattice_gate_battery.py;v98_discriminant_dictionary.py;v990_wj_transduction_mechanism.py;v991_detline_bulk_edge.py;v992_joint_likelihood_v1.py;v993_minimal_defect_selector.py;v994_mmst_criteria_battery.py;v995_kms_subnet_rigidity.py;v996_gauge_grammar_kill.py;v997_spin2_smg_witnesses.py;v998_seam_modular_closure.py;v999_weak_collision_hp.py;v99_koide_flow_time.py;v9_neutrino_texture.py,introduction;origin_theory;tfpt_horizon_readouts
website/components/StatusPyramid.tsx,v108_pascal_ladder.py;v113_quasifree_kernel.py;v469_seam_crossedproduct_route.py;v722_phys_ramified_ns_r.py;v725_phys_vgeo_torsor_audit.py;v726_phys_car_pp_index.py,
website/components/SuiteTimeline.tsx,v100_numerology_null_mc.py;v101_horizon_anchor.py;v117_monodromy_weyl_a3.py;v140_canonical_map.py;v141_deck_selection.py;v153_no_unit_theorem.py;v158_fixed_point_stable.py;v159_pyrate_gauge_crosscheck.py;v164_qcd_scale.py;v166_higgs_free_seam.py;v169_etaB_boltzmann_interface.py;v170_diamond_slice_compression.py;v173_pfaffian_cp_car.py;v174_seam_fock_readings.py;v175_net_existence_full_cone.py;v181_clock_is_conformal_symmetry.py;v182_reviewer_residual_map.py;v1_e8_glue.py;v213_ftransfer_functor.py;v214_seam_pillowcase.py;v216_marks_gauss_bonnet.py;v218_diamond_axis_geometry.py;v219_icosahedral_mckay.py;v236_brieskorn_capstone.py;v237_seam_sre_closure.py;v238_modular_lindblad_dynamics.py;v23_anchor_generator.py;v24_quark_ratio_closure.py;v258_dirac_covariance_induction.py;v261_modular_spectral_closure.py;v262_fqcd_mp_me.py;v265_qft4d_fork_freeze.py;v273_eg_gauge_running.py;v275_qgamb_roadmap.py;v276_qgeo_flat_closes_commutator.py;v286_seam_equivalence_contract.py;v295_flataway_a2_exact.py;v296_flataway_a2_closed.py;v299_hypergraph_0d_autonomous.py;v2_carrier_pascal.py;v300_flataway_rigid.py;v301_route_a_invertible.py;v302_seam_gap.py;v303_ftransfer_dynamics.py;v359_grav_nonlinear_einstein.py;v369_qgamb_redundancy.py;v371_ftransfer_pole.py;v375_observatory_registry.py;v384_residual_certification.py;v3_em_alpha.py;v402_ftransfer_suite.py;v407_dn_pairings_omega.py;v408_phi0_puncture_heatkernel.py;v430_other_side_reverse_audit.py;v431_e8_degree_ladder.py;v470_alpha_inflow_level.py;v472_quillen_detline_moduli.py;v473_entropic_action_bridge.py;v478_entropic_continuum_legs.py;v479_kronheimer_quiver_bridge.py;v47_selection_theorem.py;v480_multilocal_four_interval.py;v481_seesaw_carrier_ladder.py;v53_compiler_core.py;v54_seam_horizon_keystones.py;v56_unique_attractor.py;v84_frozen_registry.py,
website/components/ThermalSeamLegs.tsx,v129_entropy_power_law.py;v190_nariai_entropy_bound.py;v208_bh_thermodynamics.py;v526_seam_thermal_kms_nariai_bridge.py;v58_seam_horizon_chain.py,
website/components/UniversalGapLab.tsx,v153_no_unit_theorem.py;v187_ftransfer_laws.py;v303_ftransfer_dynamics.py;v312_hypergraph_substrate.py;v336_continuum_limit.py;v364_vgeo_sharpen.py;v369_qgamb_redundancy.py;v371_ftransfer_pole.py;v374_ftransfer_qcd.py;v382_alpha_quillen_exact.py;v383_dynamics_universal.py;v384_residual_certification.py;v386_grav_amplitude.py;v387_corrections_gap.py;v388_corrections_budget.py;v389_grav_loop_finiteness.py;v391_alpha_quillen_progress.py;v469_seam_crossedproduct_route.py;v472_quillen_detline_moduli.py,
website/components/VerificationDag.tsx,v1000_spin2_sk_witnesses.py;v1001_nu_pentagon_chain.py;v1002_spin10_mirror_projector.py;v1003_nu_structural_nulls.py;v1004_milnor_frobenius_gray.py;v1005_relative_pencil_bridges.py;v1006_mmst_lemma_battery.py;v1007_det16_stability_battery.py;v1008_master_assembly_scaffold.py;v1009_rho0_minimizer.py;v1010_simplicity_bridge_census.py;v1011_3p1d_ladder_battery.py;v1012_toe_gate_witnesses.py;v1013_thermodynamic_dynamics.py;v1014_bridge_refinements.py;v1015_axiom_core_closure.py;v1016_state_gap_batteries.py;v1017_kernel_loewner_positivity.py;v1018_e8_directed_readout.py;v1019_coxeter_euler_completion.py;v101_horizon_anchor.py;v1022_telb_round3_certificates.py;v1023_derivative_filtered_wall.py;v1024_parent_internal_boundaries.py;v1025_telb_c1_c2a_certificates.py;v1026_telb_round4_closure.py;v1027_signed_det_car_wall.py;v1028_gauss_d4_cap.py;v1029_local_tensor_constraints.py;v102_seam_orientation.py;v1030_alg2_sector_frame.py;v1031_quantum_tensor_curvature.py;v1032_covariant_curvature.py;v1033_charged_disorder.py;v1034_parent_mirror.py;v1035_matter_coupling.py;v103_trisection_normal_form.py;v104_nariai_clock.py;v105_residual_inventory.py;v107_quantum_clock_target.py;v108_pascal_ladder.py;v109_sheet_pairing.py;v10_projection_involution.py;v110_calderon_sheet.py;v111_quadratic_transport.py;v112_selfcounting_channel.py;v113_quasifree_kernel.py;v114_torsion_delta.py;v115_anchor_residue.py;v116_resonance_uniqueness.py;v117_monodromy_weyl_a3.py;v118_hexagon_family_dictionary.py;v119_review_validation_2.py;v120_address_table.py;v121_address_pinning.py;v122_margin_theorem.py;v123_inventory_update.py;v124_resummed_clock.py;v125_glue_qsystem.py;v126_clock_wall_bridge.py;v127_ring_resummation.py;v128_graded_hull.py;v129_entropy_power_law.py;v130_born_square.py;v131_measure_is_area.py;v132_detratio_anomaly.py;v133_zeta_budget.py;v134_dual_anchor.py;v135_det_surface.py;v136_dual_normal_selector.py;v137_qplus_cohomology.py;v138_vw_firewall.py;v139_selector_triangle.py;v140_canonical_map.py;v141_deck_selection.py;v142_frame_integrality.py;v143_graded_frobenius.py;v144_detratio_family.py;v145_pairing_atoms.py;v146_moebius_d4.py;v147_clock_gaussian.py;v148_fock_census.py;v149_cusp_normal.py;v14_carrier_uniqueness.py;v150_replica_eh_model.py;v151_bfk_split.py;v152_norm_is_anchor.py;v153_no_unit_theorem.py;v154_simple_current_theorem.py;v155_quasifree_boundary.py;v156_seam_net_construction.py;v157_rigid_fixed_point.py;v158_fixed_point_stable.py;v159_pyrate_gauge_crosscheck.py;v15_bootstrap_classification.py;v160_seam_gaussianity_from_pf.py;v161_one_particle_reduction.py;v162_seam_transport_identification.py;v163_rg_stability_flavor.py;v164_qcd_scale.py;v165_premise_a_closure.py;v166_higgs_free_seam.py;v168_qgeo_rigidity.py;v169_etaB_boltzmann_interface.py;v16_solar_dual_anchor.py;v170_diamond_slice_compression.py;v171_os_moment_cluster.py;v172_trace_anomaly_seed.py;v173_pfaffian_cp_car.py;v174_seam_fock_readings.py;v175_net_existence_full_cone.py;v176_seam_collar_realisation.py;v177_seam_marking_kernel.py;v178_marks_kernel_attempt.py;v179_conformal_realisation.py;v180_clock_is_mobius.py;v181_clock_is_conformal_symmetry.py;v182_reviewer_residual_map.py;v183_koide_f_corner_transfer.py;v184_etaB_anchored_boltzmann.py;v185_axion_relic_solver.py;v187_ftransfer_laws.py;v188_frontier_wording_guard.py;v189_riemann_roch_carrier.py;v18_quark_yukawa.py;v190_nariai_entropy_bound.py;v191_universal_branch_line.py;v192_qgeo_energy_clock.py;v193_qgeo_energy_commutator.py;v194_raw_seam_dtn_rp.py;v195_marks_lefschetz_character.py;v196_seam_energy_functional.py;v197_rr_carrier_clifford_d5.py;v198_modular_commutator_reduction.py;v199_seam_state_invariance.py;v1_e8_glue.py;v200_seam_variational_scan.py;v201_seam_subprincipal_marks.py;v202_rare_kaon.py;v203_eht_achromatic.py;v20_lepton_c_derivation.py;v210_mark_local_dtn.py;v211_axion_spine_angle.py;v212_leptogenesis_decuple.py;v213_ftransfer_functor.py;v214_seam_pillowcase.py;v215_seam_deck_killtest.py;v216_marks_gauss_bonnet.py;v217_marks_emergence_scan.py;v219_icosahedral_mckay.py;v21_solar_product_quark.py;v220_cp_hexagonal_modulus.py;v222_cm_norm_duality.py;v223_coxeter_totative_clock.py;v224_diamond_ftransfer_path.py;v225_dual_normal_frame.py;v227_degree_exponent_channel_split.py;v228_rr_index_gate.py;v229_lepton_frobenius_algebra.py;v230_center_budget_norms.py;v231_cp_mu6_phases.py;v232_e8_kleinian_seam.py;v233_cp_triality_phase.py;v234_seam_holomorphy_selection.py;v235_seam_chern_simons.py;v236_brieskorn_capstone.py;v237_seam_sre_closure.py;v23_anchor_generator.py;v24_quark_ratio_closure.py;v258_dirac_covariance_induction.py;v259_modular_cutoff_kappa.py;v260_k3_kummer_unification.py;v261_modular_spectral_closure.py;v265_qft4d_fork_freeze.py;v269_spert_paqft_skeleton.py;v271_eg_oneloop_quartic.py;v273_eg_gauge_running.py;v276_qgeo_flat_closes_commutator.py;v277_seam_calderon_e8_match.py;v278_lsz_bridge_unitarity.py;v279_qgeo_obligation_lemma.py;v280_pillowcase_steklov.py;v281_holomorphy_modular_data.py;v282_e8_tau_i_unification.py;v284_route_i_rp_uniqueness.py;v285_route_ii_seam_condensation.py;v286_seam_equivalence_contract.py;v287_free_rp_bulk_to_holomorphic_boundary.py;v288_full_l2_subprincipal_z4.py;v289_marklocal_raw.py;v28_gravity_fR.py;v290_z4_smooth_curvature_adversary.py;v291_flataway_contract.py;v292_flataway_heat_reduction.py;v293_flataway_spectral_hessian.py;v294_flataway_rp_energy.py;v295_flataway_a2_exact.py;v296_flataway_a2_closed.py;v297_route_a_literature_stack.py;v2_carrier_pascal.py;v300_flataway_rigid.py;v301_route_a_invertible.py;v302_seam_gap.py;v303_ftransfer_dynamics.py;v304_idg_nonlocal_ghost.py;v319_translation_clock.py;v335_seam_equiv_unify.py;v336_continuum_limit.py;v337_decoupling_theorem.py;v341_alpha_quillen.py;v342_em_ward_heatkernel.py;v343_four_routes_analysis.py;v344_detk_synthesis.py;v345_hypergraph_homotopy.py;v346_seam_geometric_bridge.py;v347_seam_closure_modes.py;v348_seam_rigidity_route.py;v349_raw_seam_golden_test.py;v350_bootstrap_inputs_correction.py;v351_continuum_realisation_sharpened.py;v352_framework_irreducible.py;v353_selfloop_capstone.py;v354_e8_reverse_audit.py;v355_e8_unmapped_bandwidth.py;v356_continuum_mmst_applicability.py;v358_grav_entropy_equilibrium.py;v359_grav_nonlinear_einstein.py;v360_grav_gap_corrections.py;v361_grav_backreaction.py;v364_vgeo_sharpen.py;v365_qg_oneloop_saddle.py;v366_mmst_seam_collar.py;v367_seam_s3_lattice.py;v368_seam_s3_inflow.py;v369_qgamb_redundancy.py;v36_spectral_action_g2.py;v370_grav_spin2_unitarity.py;v371_ftransfer_pole.py;v372_ftransfer_boltzmann.py;v373_ftransfer_relic.py;v374_ftransfer_qcd.py;v375_observatory_registry.py;v376_seam_s3_centralcharge.py;v377_seam_s3_e8character.py;v378_seam_s3_modular.py;v379_seam_s3_rp.py;v37_plucker_anchor.py;v380_grav_kms_hessian.py;v381_qft4d_eg_allorder.py;v382_alpha_quillen_exact.py;v383_dynamics_universal.py;v384_residual_certification.py;v385_uvbranch_killtest.py;v386_grav_amplitude.py;v387_corrections_gap.py;v388_corrections_budget.py;v389_grav_loop_finiteness.py;v390_prime2_facet.py;v391_alpha_quillen_progress.py;v392_seam_s3_scalinglimit.py;v393_corrections_numeric.py;v394_coxeter_atoms.py;v397_external_clock_probe.py;v3_em_alpha.py;v410_sheet_generator_binary.py;v411_ud_ratio_vpower.py;v412_sheet_source_corner_J.py;v413_sheet_characteristic_calculus.py;v414_center_resolvent_portal.py;v430_other_side_reverse_audit.py;v431_e8_degree_ladder.py;v433_alpha_quillen_heatkernel.py;v434_alpha_quillen_betafunction.py;v435_alpha_quillen_chernlevel.py;v44_carrier_exterior.py;v458_seam_mmst_citation_audit.py;v459_seam_lattice_voa_route.py;v462_seam_spinor_continuum.py;v463_seam_c8_holomorphic_uniqueness.py;v464_seam_oneparticle_rigidity.py;v469_seam_crossedproduct_route.py;v46_grand_mass_volume.py;v470_alpha_inflow_level.py;v471_seam_horizon_replica.py;v472_quillen_detline_moduli.py;v473_entropic_action_bridge.py;v474_entropic_hodge_carrier.py;v475_entropic_scalaron_gate.py;v476_entropic_compression_toy.py;v477_entropic_scaleflow.py;v478_entropic_continuum_legs.py;v479_kronheimer_quiver_bridge.py;v47_selection_theorem.py;v480_multilocal_four_interval.py;v481_seesaw_carrier_ladder.py;v482_seesaw_rung_decision.py;v483_pillowcase_exact_traces.py;v484_seam_contact_unit.py;v485_contact_diagonal_closed.py;v489_seam_modular_commutator.py;v48_em_ward.py;v490_seam_parity_census.py;v491_p2_partition_corollary.py;v492_celestial_z4_orbifold.py;v493_celestial_wp2_clock_deformation.py;v494_cosmo_running_mu_record.py;v495_celestial_wp3_gs_alignment.py;v496_celestial_wp4_character_shadow.py;v497_celestial_wp5a_null_ideal.py;v498_celestial_wp5b_singular_vector.py;v499_p2_weights_deligne_bg.py;v49_readout_rigidity.py;v4_flavor_matrix.py;v500_celestial_wp5c_gns_limit_state.py;v501_celestial_wp5d_two_interval_index.py;v502_celestial_wp5e_prefactor_level.py;v503_qgeo_emergence_light.py;v504_celestial_wp5d_klm_completeness.py;v505_celestial_wp5e_beta_equivariant_ledger.py;v506_seam_clock_rigidity.py;v507_seam_bit_origin.py;v508_celestial_wp5e_gamma_pairing.py;v509_celestial_wp5e_eps2_level_from_flux.py;v50_q_geometry.py;v510_seam_bit_freedom.py;v511_celestial_wp5e_delta2_tensor_ledger.py;v512_seam_tau_flag.py;v513_celestial_dterm_nonderivation.py;v514_celestial_wp5e_eps1_axion_slot.py;v515_celestial_wp5e_m1_omega_n.py;v516_celestial_wp5e_m2_twisted_ks_measure.py;v517_celestial_wp5e_m3_a0_uplift.py;v518_celestial_wp5e_delta1_derived_kill.py;v519_woit_theta_rp_free.py;v520_celestial_wp5e_measure_decision.py;v521_seam_bit_rp_blind.py;v522_woit_beta1_gso_gauge.py;v523_celestial_wp5e_wm_derived.py;v524_woit_beta2_os_quotient.py;v525_seam_bit_twist_blind.py;v526_seam_thermal_kms_nariai_bridge.py;v527_seam_clock_silver_spectrum.py;v528_seam_bit_twist_class_definition.py;v529_seam_interacting_toy_fk.py;v52_pencil_endpoints.py;v530_center_quotient_compiler.py;v531_coxeter_tensor_stage_a.py;v532_e8_degree_modular_checksum.py;v533_ftransfer_disc7_norm.py;v534_seam_straddle_cone.py;v535_hecke_from_geometry.py;v536_eichler_trace_layer.py;v537_halfintegral_bridge.py;v538_relative_trace_identity.py;v539_weil_structure_family.py;v540_amplitude_linear_carrier.py;v541_matching_lemma_ledger.py;v542_margin_chain_identities.py;v543_lumped_pair_identities.py;v544_long_lag_support.py;v545_hardy_core_identities.py;v54_seam_horizon_keystones.py;v55_coxeter_cycle.py;v561_cp_channel_identities.py;v56_unique_attractor.py;v58_seam_horizon_chain.py;v60_lambda_metrology_branch.py;v67_area_law_coefficient.py;v69_d4_q_geometry.py;v6_bootstrap.py;v722_phys_ramified_ns_r.py;v723_phys_modular_clock.py;v724_phys_t3b_modular_flows.py;v725_phys_vgeo_torsor_audit.py;v726_phys_car_pp_index.py;v73_k_c3_half.py;v75_upoint_to_vgeo.py;v76_gmetric_reduction.py;v774_arf_spinor_compiler.py;v775_gaussian_class_d5_purity.py;v776_boundary_hamming_uniqueness.py;v777_ftransfer_clock_jets.py;v778_qgeo_gridsup_logsum.py;v779_gnet_gns_arf.py;v77_e8_conformal_net.py;v781_one_object_clock_census.py;v782_e8_transition_bus.py;v783_two_qubit_clifford.py;v784_curve_code_2torsion.py;v785_hecke_check32.py;v787_hecke_arrow_broadcast.py;v788_positive_c2_lift.py;v789_multirate_constdepth.py;v78_vgeo_floor.py;v790_snf_mu4_theta.py;v791_positive_descent.py;v792_ftransfer_kms_coset.py;v793_f8sector_conductor.py;v794_cp_extension_gate.py;v795_halving_tails_k5.py;v796_duad_syntheme_bridge.py;v797_r_microstate_identification.py;v798_seam_clifford_modular_s.py;v799_seam_code_typeii.py;v79_review_identities.py;v7_gravity_cosmo.py;v800_e8_torsor_fourier.py;v801_prime_cp_intertwiner.py;v802_gnet_martingale.py;v803_e8_jetcode_affine_nsr.py;v804_prime_carrier_gray.py;v805_e8_syndrome_algebra.py;v806_hecke_local_clifford.py;v807_lorentz_nullselector.py;v808_petersen_sixthroot.py;v809_curve_code_doily.py;v80_operator_pencil_geometry.py;v810_cutcode_moment.py;v811_prime_kraus_doily.py;v812_flavor_graph_filtration.py;v813_p1_index_kms.py;v814_k5_sixstep_transport.py;v815_kraus_spread_commutant.py;v816_prime_mosco_selection.py;v817_positive_descent_master.py;v818_sector_floor_attack.py;v819_prime_packet_rm14.py;v81_singular_pencil_matrices.py;v820_prime_kraus_rm24.py;v821_prime_vacuum35.py;v822_prime_vacuum_dilation.py;v823_prime_lagrange_floor.py;v824_prime_floor_skeleton.py;v825_prime_exclusion_ladder.py;v826_prime_exclusion_battery2.py;v827_prime_zero_locator.py;v828_prime_comb_window.py;v829_prime_floor_depth.py;v82_koide_attractor_splitting.py;v830_prime_float_budget.py;v831_prime_alias_second_moment.py;v832_anchor_flavor_checksum.py;v833_gaussian_ramification_ladder.py;v834_pg32_flag_completion.py;v835_corner_hjelmslev_tower.py;v836_commutant_sos_closure.py;v837_corner_closure_quantifier.py;v838_corner_expectation_position.py;v839_paircorr_bridge_saturation.py;v83_e8net_holomorphic_uniqueness.py;v840_gue_ablation_loopgain.py;v841_relation_carrier_ladder.py;v842_excess_certified_skeleton.py;v843_margin_law_excess_lean.py;v844_message_doily_rank.py;v845_cfin_normal_form.py;v846_schur_spectral_mother.py;v847_wedge_cellcone_transport.py;v848_extraction_chain.py;v849_cfin_unique_cofinal_lean.py;v84_frozen_registry.py;v850_completion_tax_flow.py;v851_cluster_kernel_field.py;v852_arf_vacuum_ovoid.py;v853_bent_css_mangoldt.py;v854_relation_hodge_pfaffian.py;v855_invariance_atlas.py;v856_connected_current_lean.py;v857_simplex_fourier_winding.py;v858_g31_clock_alphabet.py;v859_grade_no_go_elevator.py;v85_master_cover.py;v860_phase_lever_closure.py;v861_krein_normalform_lean.py;v862_defect_polar_weld.py;v863_redheffer_colligation.py;v864_softport_kappa_law.py;v865_weyl_port_readout.py;v866_source_contractor_formula.py;v867_radau_conditioning.py;v868_divisor210_audits.py;v869_cdcore_clarkphase.py;v86_nstar_reheating.py;v870_christoffel_gauss_frame.py;v871_pole_uvarov_crossdefect.py;v872_damping_compensation.py;v873_pruefer_cotlar_decision.py;v874_feedback_decoder_lean.py;v875_shell_global_lean.py;v876_carleson_polygon_wave.py;v877_complete_comb_reversal.py;v878_ledger_integrity.py;v879_envelope_partition_closure.py;v87_bulk_uniqueness_reduction.py;v880_finite_anchor_theorems.py;v881_carleson_port_geometry.py;v882_port_source_mellin.py;v883_tau_chain_parametrix.py;v884_certified_head_positivity.py;v885_ladder_flow_anatomy.py;v886_register_gapcode_null.py;v887_certified_ladder_complete.py;v888_finite_pfaffian_signature.py;v889_route_decisions.py;v88_cp_phase_audit.py;v890_total_positivity_flow.py;v891_moebius_firewall_kills.py;v892_closure_architecture.py;v893_relative_margins.py;v894_diagonal_refinement.py;v895_collective_comb.py;v896_wick_block_functor.py;v897_certified_interval_ladder.py;v898_kms_schur_mixing.py;v899_christoffel_normsquare.py;v900_core_update_anatomy.py;v901_tangent_schur_bfloor.py;v902_wall_relocation_map.py;v903_seam_rp_exclusion.py;v904_healthcode12_diagnostic.py;v905_bfloor_ideal_certificate.py;v906_tail_cartography.py;v907_halfgap_registered_target.py;v908_seam_equilibrium_wiring.py;v909_finite_wall_closure.py;v910_finite_zero_transfer.py;v911_wiring_freedom.py;v912_form_convergence_theorem.py;v914_pascal_region_theorem.py;v915_eulerpick_certified_floors.py;v916_epstein_weil_violation.py;v917_driver_rate_certification.py;v918_doublelimit_reduction_theorem.py;v919_secular_gw_pinning.py;v920_loop_equivalence_theorems.py;v921_counting_dominance_closures.py;v922_spacing_jet_sumrule_theorems.py;v923_spectral_balance_razor_theorems.py;v924_moment_laurent_rootladder.py;v925_edge_cleanup_closures.py;v926_fullgap_growthlaw_theorems.py;v927_blockaverage_substrate_theorems.py;v928_depthblock_transfer_theorems.py;v929_sigmafloor_factorization.py;v930_window_instrument_mechanism.py;v931_jetmass_floor_theorems.py;v932_toproot_theta_statement.py;v933_h3_cofinal_adjudication.py;v934_gonek_pricing_unconditional.py;v935_thetainf_landau_bridge.py;v936_manifold_invariance_exclusion.py;v937_l1wpd_closure_reduction.py;v938_dbn_heatflow_census.py;v939_cbj_frame_adjudication.py;v940_cbj_subdof_blockfloor.py;v941_alignment_law_factorization.py;v942_pi_pattern_transfer_specificity.py;v943_mangoldt_ablation_localization.py;v944_ground_residue_observability.py;v945_zero_causal_stratification.py;v946_census_krein_pencil.py;v947_loewner_pick_dictionary.py;v948_krein_sign_characteristic.py;v949_commensurability_mechanism.py;v950_zero_channel_capacity.py;v951_cancellation_functional.py;v952_turan_extremal.py;v953_fewatom_reduction.py;v954_nodeless_pf.py;v955_tau_iiks_toda_dictionary.py;v956_signedmoment_halffilling_duality.py;v957_ccc_crossover_kinematics.py;v958_bordered_tau_readout_dictionary.py;v959_coupledtau_terminal_dictionary.py;v960_terminal_surface_closure.py;v961_midpoint_orientation_dictionary.py;v962_halffilling_pinning_theory.py;v963_lstar_reduction_dictionary.py;v964_lstar_coherence_census.py;v965_lstar_curvature_arc.py;v966_l2_reduction_chain.py;v967_l2_cascade_closure.py;v968_architecture_adjudication.py;v969_forks_and_redteam.py;v96_branch_kernel_selection.py;v970_extraction_and_composition.py;v974_alpha_faces_computed.py;v978_terminal_density_martingale.py;v979_cover_growth_k2.py;v97_sheet_conjugation_bridge.py;v980_lstar_margin_chain.py;v981_lstar_borodin_duality.py;v982_dirichlet_matched_frame.py;v983_simple_current_generator.py;v984_markov_qca_dilation.py;v985_quillen_channel_swap.py;v986_nu_scalaron_rung.py;v987_os_dilation_package.py;v988_psi_lambda_reduction.py;v989_lattice_gate_battery.py;v98_discriminant_dictionary.py;v990_wj_transduction_mechanism.py;v991_detline_bulk_edge.py;v992_joint_likelihood_v1.py;v993_minimal_defect_selector.py;v994_mmst_criteria_battery.py;v995_kms_subnet_rigidity.py;v996_gauge_grammar_kill.py;v997_spin2_smg_witnesses.py;v998_seam_modular_closure.py;v999_weak_collision_hp.py;v99_koide_flow_time.py;v9_neutrino_texture.py,changelog;introduction
website/components/WoitBridgeProgress.tsx,v519_woit_theta_rp_free.py;v522_woit_beta1_gso_gauge.py;v524_woit_beta2_os_quotient.py;v529_seam_interacting_toy_fk.py;v534_seam_straddle_cone.py,
website/components/falsification/FalsificationTable.tsx,v307_data_watchdog.py;v321_killtest_board.py,
website/components/falsification/KillCriteria.tsx,v320_galois_cp_relation.py;v425_dyn_transfer_universal.py;v494_cosmo_running_mu_record.py;v99_koide_flow_time.py,
website/components/falsification/NoKnobsAudit.tsx,v320_galois_cp_relation.py,
website/components/method/AiTransparency.tsx,v643_w1_theorem.py,
website/components/method/DisciplineNumbers.tsx,v55_coxeter_cycle.py;v634_st31_structure.py;v643_w1_theorem.py;v648_sign_uncertainty.py;v649_discipline_audit.py,
website/components/method/FalsifyList.tsx,v618_uniform_constant.py;v619_flip_mechanics.py;v631_w1_dictionary.py;v643_w1_theorem.py;v65_falsification_layer.py;v84_frozen_registry.py;v86_nstar_reheating.py,
website/components/method/Graveyard.tsx,v624_external_lattice_audit.py;v629_root_incidence.py;v631_w1_dictionary.py;v634_st31_structure.py;v637_fine_c1_bridge.py;v640_w1_boundary.py;v642_w1_matrix.py;v643_w1_theorem.py;v646_rm13_reverse.py;v647_st31_degree24.py,
website/components/orientation/OrientationDownload.tsx,,introduction;origin_theory;tfpt_1_architecture_e8;tfpt_research_contracts
website/components/orientation/OrientationHero.tsx,,introduction
website/components/orientation/PublicationOrder.tsx,,introduction
website/components/orientation/StatusMatrix.tsx,v153_no_unit_theorem.py;v304_idg_nonlocal_ghost.py;v369_qgamb_redundancy.py;v370_grav_spin2_unitarity.py;v371_ftransfer_pole.py;v375_observatory_registry.py;v379_seam_s3_rp.py;v380_grav_kms_hessian.py;v469_seam_crossedproduct_route.py;v491_p2_partition_corollary.py;v499_p2_weights_deligne_bg.py;v510_seam_bit_freedom.py;v512_seam_tau_flag.py;v519_woit_theta_rp_free.py;v520_celestial_wp5e_measure_decision.py;v522_woit_beta1_gso_gauge.py;v523_celestial_wp5e_wm_derived.py;v524_woit_beta2_os_quotient.py;v526_seam_thermal_kms_nariai_bridge.py;v528_seam_bit_twist_class_definition.py;v529_seam_interacting_toy_fk.py;v534_seam_straddle_cone.py;v722_phys_ramified_ns_r.py;v723_phys_modular_clock.py;v724_phys_t3b_modular_flows.py;v725_phys_vgeo_torsor_audit.py;v726_phys_car_pp_index.py;v813_p1_index_kms.py,
website/components/orientation/WhatTfptClaims.tsx,v153_no_unit_theorem.py;v336_continuum_limit.py;v369_qgamb_redundancy.py;v371_ftransfer_pole.py;v374_ftransfer_qcd.py;v379_seam_s3_rp.py;v469_seam_crossedproduct_route.py;v725_phys_vgeo_torsor_audit.py;v813_p1_index_kms.py,introduction
website/components/primefront/ConeCoverage.tsx,v540_amplitude_linear_carrier.py,
website/components/primefront/DeckSectorViz.tsx,v623_covered_seam.py;v628_orbifold_casimir.py,
website/components/primefront/HeatFamilyBalance.tsx,v541_matching_lemma_ledger.py,
website/components/primefront/HodgeConeMap.tsx,v582_density_dominance.py;v624_external_lattice_audit.py;v627_hodge_chamber.py;v637_fine_c1_bridge.py,
website/components/primefront/HonestyBanner.tsx,v535_hecke_from_geometry.py;v618_uniform_constant.py;v619_flip_mechanics.py;v624_external_lattice_audit.py;v626_e8_code.py;v627_hodge_chamber.py;v630_suzuki_contact.py;v631_w1_dictionary.py;v633_orbit60_quotient.py;v634_st31_structure.py;v635_p_canonicity.py;v637_fine_c1_bridge.py;v638_code_semantics.py;v640_w1_boundary.py;v642_w1_matrix.py;v643_w1_theorem.py;v644_w2_form_density.py;v648_sign_uncertainty.py;v649_discipline_audit.py;v970_extraction_and_composition.py,
website/components/primefront/IharaBlueprintViz.tsx,v691_hecke_sos.py;v695_z1_trace_operator.py;v698_z1_flow_recursion.py;v713_l1_montage.py;v721_k1_node_capture.py,
website/components/primefront/ModuleLadder.tsx,v535_hecke_from_geometry.py;v536_eichler_trace_layer.py;v537_halfintegral_bridge.py;v538_relative_trace_identity.py;v539_weil_structure_family.py;v540_amplitude_linear_carrier.py;v541_matching_lemma_ledger.py;v542_margin_chain_identities.py;v543_lumped_pair_identities.py;v544_long_lag_support.py;v545_hardy_core_identities.py;v546_capacity_chain_identities.py;v547_level_lemma_identities.py;v548_green_szego_identities.py;v549_gauge_parity_identities.py;v550_odd_sector_identities.py;v551_ritz_ceiling_certificate.py;v552_angle_instruments.py;v553_exact_form_identities.py;v554_sampling_harmonics_identities.py;v555_pareto_tv_identities.py;v556_gauge_ppr_identities.py;v557_cascade_vector_identities.py;v558_bilinear_rank_identities.py;v559_phase2_capstone.py;v560_frame_deficit_identities.py;v561_cp_channel_identities.py;v562_dense_limit_identities.py;v563_paper2_readouts.py;v564_cp_fiber_pin.py;v569_lambda_pencil_onemode.py;v570_separation_floor.py;v573_pair_band_structure.py;v576_cheb_loewner_edge.py;v577_nullray_census.py;v579_macro_kernel_signs.py;v580_occupation_map.py;v581_locking_transport.py;v582_density_dominance.py;v583_pnt_model.py;v585_pnt_locking_split.py;v586_pnt_lock_direction.py;v587_w_closed_form.py;v588_closed_delta.py;v589_zero_comb.py;v591_pole_rank_one.py;v592_continuum_det_law.py;v593_cutoff_completion.py;v594_unconditional_cert.py;v595_mapping_completion.py;v596_lock_projection.py,
website/components/primefront/PrimeFrontVideo.tsx,v643_w1_theorem.py,
website/components/primefront/StorySixty.tsx,v535_hecke_from_geometry.py;v643_w1_theorem.py;v648_sign_uncertainty.py,
website/components/primefront/TBWindowMap.tsx,v692_rank3_lockgram.py;v693_rank3_density_close.py,
website/components/primefront/TwoDoorsConvergence.tsx,v379_seam_s3_rp.py;v542_margin_chain_identities.py;v543_lumped_pair_identities.py;v544_long_lag_support.py;v545_hardy_core_identities.py,
website/components/primefront/W1DictionaryMap.tsx,v563_paper2_readouts.py;v591_pole_rank_one.py;v630_suzuki_contact.py;v631_w1_dictionary.py;v640_w1_boundary.py;v641_w1_portability.py;v642_w1_matrix.py;v643_w1_theorem.py;v644_w2_form_density.py;v648_sign_uncertainty.py,
website/components/primefront/WeilArcMap.tsx,v540_amplitude_linear_carrier.py;v541_matching_lemma_ledger.py,
website/components/primefront/WhereWeAre.tsx,v618_uniform_constant.py;v619_flip_mechanics.py;v627_hodge_chamber.py;v643_w1_theorem.py;v644_w2_form_density.py,
website/components/primefront/verbatimRecaps.tsx,v379_seam_s3_rp.py;v535_hecke_from_geometry.py;v539_weil_structure_family.py;v540_amplitude_linear_carrier.py;v541_matching_lemma_ledger.py;v542_margin_chain_identities.py;v543_lumped_pair_identities.py;v544_long_lag_support.py;v545_hardy_core_identities.py;v546_capacity_chain_identities.py;v547_level_lemma_identities.py;v548_green_szego_identities.py;v549_gauge_parity_identities.py;v550_odd_sector_identities.py;v551_ritz_ceiling_certificate.py;v552_angle_instruments.py;v553_exact_form_identities.py;v554_sampling_harmonics_identities.py;v555_pareto_tv_identities.py;v556_gauge_ppr_identities.py;v557_cascade_vector_identities.py;v558_bilinear_rank_identities.py;v559_phase2_capstone.py;v560_frame_deficit_identities.py;v561_cp_channel_identities.py;v562_dense_limit_identities.py;v569_lambda_pencil_onemode.py;v573_pair_band_structure.py;v576_cheb_loewner_edge.py,
website/lib/changelog.ts,v1001_nu_pentagon_chain.py;v1002_spin10_mirror_projector.py;v1003_nu_structural_nulls.py;v1004_milnor_frobenius_gray.py;v1005_relative_pencil_bridges.py;v1006_mmst_lemma_battery.py;v1009_rho0_minimizer.py;v100_numerology_null_mc.py;v1010_simplicity_bridge_census.py;v1011_3p1d_ladder_battery.py;v1012_toe_gate_witnesses.py;v1013_thermodynamic_dynamics.py;v1014_bridge_refinements.py;v1015_axiom_core_closure.py;v1016_state_gap_batteries.py;v1017_kernel_loewner_positivity.py;v1018_e8_directed_readout.py;v1019_coxeter_euler_completion.py;v101_horizon_anchor.py;v1020_spectator_sector_obstruction.py;v1021_all_place_tate_rank_audit.py;v1022_telb_round3_certificates.py;v1025_telb_c1_c2a_certificates.py;v103_trisection_normal_form.py;v104_nariai_clock.py;v105_residual_inventory.py;v106_review_validation.py;v107_quantum_clock_target.py;v108_pascal_ladder.py;v109_sheet_pairing.py;v10_projection_involution.py;v110_calderon_sheet.py;v112_selfcounting_channel.py;v113_quasifree_kernel.py;v114_torsion_delta.py;v115_anchor_residue.py;v116_resonance_uniqueness.py;v117_monodromy_weyl_a3.py;v118_hexagon_family_dictionary.py;v119_review_validation_2.py;v11_unique_KQ.py;v121_address_pinning.py;v122_margin_theorem.py;v123_inventory_update.py;v124_resummed_clock.py;v125_glue_qsystem.py;v126_clock_wall_bridge.py;v127_ring_resummation.py;v128_graded_hull.py;v129_entropy_power_law.py;v130_born_square.py;v131_measure_is_area.py;v132_detratio_anomaly.py;v133_zeta_budget.py;v134_dual_anchor.py;v135_det_surface.py;v136_dual_normal_selector.py;v137_qplus_cohomology.py;v138_vw_firewall.py;v139_selector_triangle.py;v140_canonical_map.py;v141_deck_selection.py;v142_frame_integrality.py;v143_graded_frobenius.py;v144_detratio_family.py;v145_pairing_atoms.py;v146_moebius_d4.py;v147_clock_gaussian.py;v148_fock_census.py;v149_cusp_normal.py;v14_carrier_uniqueness.py;v150_replica_eh_model.py;v151_bfk_split.py;v152_norm_is_anchor.py;v153_no_unit_theorem.py;v154_simple_current_theorem.py;v155_quasifree_boundary.py;v156_seam_net_construction.py;v157_rigid_fixed_point.py;v158_fixed_point_stable.py;v159_pyrate_gauge_crosscheck.py;v160_seam_gaussianity_from_pf.py;v161_one_particle_reduction.py;v162_seam_transport_identification.py;v163_rg_stability_flavor.py;v164_qcd_scale.py;v165_premise_a_closure.py;v166_higgs_free_seam.py;v167_inventory_post_closure.py;v168_qgeo_rigidity.py;v169_etaB_boltzmann_interface.py;v16_solar_dual_anchor.py;v170_diamond_slice_compression.py;v171_os_moment_cluster.py;v172_trace_anomaly_seed.py;v173_pfaffian_cp_car.py;v174_seam_fock_readings.py;v175_net_existence_full_cone.py;v176_seam_collar_realisation.py;v177_seam_marking_kernel.py;v178_marks_kernel_attempt.py;v179_conformal_realisation.py;v17_hexagonal_resolvent.py;v180_clock_is_mobius.py;v181_clock_is_conformal_symmetry.py;v182_reviewer_residual_map.py;v183_koide_f_corner_transfer.py;v184_etaB_anchored_boltzmann.py;v185_axion_relic_solver.py;v187_ftransfer_laws.py;v188_frontier_wording_guard.py;v189_riemann_roch_carrier.py;v18_quark_yukawa.py;v190_nariai_entropy_bound.py;v191_universal_branch_line.py;v192_qgeo_energy_clock.py;v193_qgeo_energy_commutator.py;v194_raw_seam_dtn_rp.py;v195_marks_lefschetz_character.py;v196_seam_energy_functional.py;v197_rr_carrier_clifford_d5.py;v198_modular_commutator_reduction.py;v199_seam_state_invariance.py;v19_monodromy_moduli.py;v1_e8_glue.py;v200_seam_variational_scan.py;v201_seam_subprincipal_marks.py;v202_rare_kaon.py;v203_eht_achromatic.py;v204_muon_seam_g2.py;v205_xi_threequarter.py;v207_asymptotic_safety.py;v208_bh_thermodynamics.py;v20_lepton_c_derivation.py;v210_mark_local_dtn.py;v211_axion_spine_angle.py;v212_leptogenesis_decuple.py;v213_ftransfer_functor.py;v214_seam_pillowcase.py;v215_seam_deck_killtest.py;v216_marks_gauss_bonnet.py;v217_marks_emergence_scan.py;v218_diamond_axis_geometry.py;v219_icosahedral_mckay.py;v220_cp_hexagonal_modulus.py;v221_seam_qecc.py;v222_cm_norm_duality.py;v223_coxeter_totative_clock.py;v224_diamond_ftransfer_path.py;v225_dual_normal_frame.py;v227_degree_exponent_channel_split.py;v228_rr_index_gate.py;v230_center_budget_norms.py;v231_cp_mu6_phases.py;v232_e8_kleinian_seam.py;v233_cp_triality_phase.py;v234_seam_holomorphy_selection.py;v235_seam_chern_simons.py;v236_brieskorn_capstone.py;v237_seam_sre_closure.py;v238_modular_lindblad_dynamics.py;v239_kms_thermal_time.py;v23_anchor_generator.py;v240_gns_os_reconstruction.py;v241_dhr_sectors.py;v242_spin_statistics_modular.py;v243_haag_ruelle_braiding.py;v244_spectral_action_contract.py;v245_spectral_matter_content.py;v246_unification_data_crosscheck.py;v247_e8_branching_no126.py;v248_ps_algebra.py;v249_ps_unification.py;v250_dirac_triple_contract.py;v251_first_order_sigma.py;v252_full_finite_triple.py;v253_kappa_scalaron_ps.py;v254_inner_fluctuations.py;v255_spectral_action_expansion.py;v256_orientability_poincare.py;v257_quasiorient_modpd.py;v258_dirac_covariance_induction.py;v259_modular_cutoff_kappa.py;v260_k3_kummer_unification.py;v261_modular_spectral_closure.py;v262_fqcd_mp_me.py;v263_mnu_from_df.py;v264_raw_seam_marklocal.py;v265_qft4d_fork_freeze.py;v266_ps_threshold_proton.py;v267_qgeo_rigidity_minimal_axiom.py;v268_theta13_carrier_trace.py;v269_spert_paqft_skeleton.py;v270_pmns_jarlskog_assembly.py;v271_eg_oneloop_quartic.py;v272_nu_mass_scale.py;v273_eg_gauge_running.py;v274_scale_overdetermination.py;v275_qgamb_roadmap.py;v276_qgeo_flat_closes_commutator.py;v277_seam_calderon_e8_match.py;v278_lsz_bridge_unitarity.py;v279_qgeo_obligation_lemma.py;v280_pillowcase_steklov.py;v281_holomorphy_modular_data.py;v282_e8_tau_i_unification.py;v283_live_killtest_scorecard.py;v284_route_i_rp_uniqueness.py;v285_route_ii_seam_condensation.py;v286_seam_equivalence_contract.py;v287_free_rp_bulk_to_holomorphic_boundary.py;v288_full_l2_subprincipal_z4.py;v289_marklocal_raw.py;v28_gravity_fR.py;v290_z4_smooth_curvature_adversary.py;v291_flataway_contract.py;v292_flataway_heat_reduction.py;v293_flataway_spectral_hessian.py;v294_flataway_rp_energy.py;v295_flataway_a2_exact.py;v296_flataway_a2_closed.py;v297_route_a_literature_stack.py;v298_e8_network_attractor.py;v299_hypergraph_0d_autonomous.py;v2_carrier_pascal.py;v2_complete_comb_probe.py;v300_flataway_rigid.py;v301_route_a_invertible.py;v302_seam_gap.py;v303_ftransfer_dynamics.py;v304_idg_nonlocal_ghost.py;v305_witness_independence.py;v306_seed_crossval.py;v307_data_watchdog.py;v308_seam_equiv_chain.py;v309_modular_bedrock.py;v310_carrier_sm_anomaly.py;v311_gap_decoupled_measure.py;v312_hypergraph_substrate.py;v313_golden_atoms_spectral.py;v314_rate_translation.py;v315_coxeter_coupling.py;v316_galois_readout.py;v317_galois_family.py;v318_arithmetic_capstone.py;v319_translation_clock.py;v31_R_dictionary.py;v320_galois_cp_relation.py;v321_killtest_board.py;v322_cp_lock_sharpened.py;v323_bw_geometric_modular.py;v324_hypergraph_fiber.py;v325_pillowcase_keystone.py;v326_ftransfer_suite.py;v327_hypergraph_rewrite.py;v328_theta13_pressure.py;v329_os_gap_reduction.py;v330_qgamb_admissible_measure.py;v331_necessity_of_H.py;v332_qgamb_metric_sector.py;v333_cm_selection.py;v334_conformal_resolution.py;v335_seam_equiv_unify.py;v336_continuum_limit.py;v337_decoupling_theorem.py;v338_theta13_budget.py;v339_firstprinciples_boundary.py;v33_explicit_flat_bundle.py;v340_As_reconcile.py;v341_alpha_quillen.py;v342_em_ward_heatkernel.py;v343_four_routes_analysis.py;v344_detk_synthesis.py;v345_hypergraph_homotopy.py;v346_seam_geometric_bridge.py;v347_seam_closure_modes.py;v348_seam_rigidity_route.py;v349_raw_seam_golden_test.py;v350_bootstrap_inputs_correction.py;v351_continuum_realisation_sharpened.py;v352_framework_irreducible.py;v353_selfloop_capstone.py;v354_e8_reverse_audit.py;v355_e8_unmapped_bandwidth.py;v356_continuum_mmst_applicability.py;v358_grav_entropy_equilibrium.py;v359_grav_nonlinear_einstein.py;v35_quark_qcd_boundary.py;v360_grav_gap_corrections.py;v361_grav_backreaction.py;v364_vgeo_sharpen.py;v365_qg_oneloop_saddle.py;v366_mmst_seam_collar.py;v367_seam_s3_lattice.py;v368_seam_s3_inflow.py;v369_qgamb_redundancy.py;v36_spectral_action_g2.py;v370_grav_spin2_unitarity.py;v371_ftransfer_pole.py;v372_ftransfer_boltzmann.py;v373_ftransfer_relic.py;v374_ftransfer_qcd.py;v375_observatory_registry.py;v376_seam_s3_centralcharge.py;v377_seam_s3_e8character.py;v378_seam_s3_modular.py;v379_seam_s3_rp.py;v380_grav_kms_hessian.py;v381_qft4d_eg_allorder.py;v382_alpha_quillen_exact.py;v383_dynamics_universal.py;v384_residual_certification.py;v385_uvbranch_killtest.py;v386_grav_amplitude.py;v387_corrections_gap.py;v388_corrections_budget.py;v389_grav_loop_finiteness.py;v390_prime2_facet.py;v391_alpha_quillen_progress.py;v392_seam_s3_scalinglimit.py;v393_corrections_numeric.py;v394_coxeter_atoms.py;v395_hypergraph_coupled.py;v396_phi0_icosahedral.py;v397_external_clock_probe.py;v398_seam_state_rigidity.py;v399_gravity_complete.py;v3_em_alpha.py;v400_grav_nonlocal_action.py;v401_metrology_closure.py;v402_ftransfer_suite.py;v403_facet_compositum.py;v404_e8_char_cm_duality.py;v405_seam_equiv_omega.py;v406_pmns_phase_origin.py;v407_dn_pairings_omega.py;v408_phi0_puncture_heatkernel.py;v409_coxeter_prime2_lemma.py;v40_harmonic_metric.py;v410_sheet_generator_binary.py;v411_ud_ratio_vpower.py;v412_sheet_source_corner_J.py;v413_sheet_characteristic_calculus.py;v414_center_resolvent_portal.py;v415_gaussian_operator.py;v416_atom_trichotomy.py;v417_eisenstein_cp_operator.py;v418_cyclotomic_norm_triple.py;v419_seam_galois_carrier.py;v420_fpole_qed_running.py;v422_galois_net_bridge.py;v423_no_ambient_dependency.py;v424_seam_lto_rp_reduction.py;v425_dyn_transfer_universal.py;v426_seam_lto_rp_kms.py;v427_overdet_witness_map.py;v428_overdet_reclass.py;v429_axion_pentagon_phi.py;v42_exterior_leg.py;v430_other_side_reverse_audit.py;v431_e8_degree_ladder.py;v432_overdet_floor.py;v433_alpha_quillen_heatkernel.py;v434_alpha_quillen_betafunction.py;v435_alpha_quillen_chernlevel.py;v436_overdet_floor2.py;v438_seam_hsmi_borchers.py;v439_seam_lieb_robinson.py;v440_seam_lto_rp_beta.py;v441_seam_applicability_ledger.py;v442_seam_rigidity_uniform.py;v443_seam_e8_discriminator.py;v444_seam_edge_scaling.py;v445_seam_rigidity_forcing.py;v446_seam_clock_invariance.py;v447_seam_edge_chern.py;v448_seam_edge_fourpoint.py;v449_seam_mmst_uniform.py;v44_carrier_exterior.py;v450_seam_edge_entanglement.py;v451_seam_edge_cardy_tower.py;v452_seam_e8_modular.py;v453_seam_mu4_from_marks.py;v454_seam_edge_virasoro.py;v455_seam_bw_uniform.py;v456_seam_chirality_from_c3.py;v457_seam_character_killtest.py;v458_seam_mmst_citation_audit.py;v459_seam_lattice_voa_route.py;v45_family_exterior.py;v460_seam_s3_lto.py;v461_seam_strict_locality.py;v462_seam_spinor_continuum.py;v463_seam_c8_holomorphic_uniqueness.py;v464_seam_oneparticle_rigidity.py;v465_seed_crosssector_joint.py;v466_seed_leptonmass_channel.py;v467_thirdgen_mixing_pattern.py;v468_dm2_ratio_jarlskog.py;v469_seam_crossedproduct_route.py;v46_grand_mass_volume.py;v470_alpha_inflow_level.py;v471_seam_horizon_replica.py;v472_quillen_detline_moduli.py;v473_entropic_action_bridge.py;v474_entropic_hodge_carrier.py;v475_entropic_scalaron_gate.py;v476_entropic_compression_toy.py;v477_entropic_scaleflow.py;v478_entropic_continuum_legs.py;v479_kronheimer_quiver_bridge.py;v480_multilocal_four_interval.py;v481_seesaw_carrier_ladder.py;v482_seesaw_rung_decision.py;v483_pillowcase_exact_traces.py;v484_seam_contact_unit.py;v485_contact_diagonal_closed.py;v486_transfer_full_rule.py;v487_transfer_clock_rungs.py;v488_majorana_clebsch_door.py;v489_seam_modular_commutator.py;v48_em_ward.py;v490_seam_parity_census.py;v491_p2_partition_corollary.py;v492_celestial_z4_orbifold.py;v493_celestial_wp2_clock_deformation.py;v494_cosmo_running_mu_record.py;v495_celestial_wp3_gs_alignment.py;v496_celestial_wp4_character_shadow.py;v497_celestial_wp5a_null_ideal.py;v498_celestial_wp5b_singular_vector.py;v499_p2_weights_deligne_bg.py;v49_readout_rigidity.py;v4_flavor_matrix.py;v500_celestial_wp5c_gns_limit_state.py;v501_celestial_wp5d_two_interval_index.py;v502_celestial_wp5e_prefactor_level.py;v503_qgeo_emergence_light.py;v504_celestial_wp5d_klm_completeness.py;v505_celestial_wp5e_beta_equivariant_ledger.py;v506_seam_clock_rigidity.py;v507_seam_bit_origin.py;v508_celestial_wp5e_gamma_pairing.py;v509_celestial_wp5e_eps2_level_from_flux.py;v510_seam_bit_freedom.py;v511_celestial_wp5e_delta2_tensor_ledger.py;v512_seam_tau_flag.py;v513_celestial_dterm_nonderivation.py;v514_celestial_wp5e_eps1_axion_slot.py;v515_celestial_wp5e_m1_omega_n.py;v516_celestial_wp5e_m2_twisted_ks_measure.py;v517_celestial_wp5e_m3_a0_uplift.py;v518_celestial_wp5e_delta1_derived_kill.py;v519_woit_theta_rp_free.py;v520_celestial_wp5e_measure_decision.py;v521_seam_bit_rp_blind.py;v522_woit_beta1_gso_gauge.py;v523_celestial_wp5e_wm_derived.py;v524_woit_beta2_os_quotient.py;v525_seam_bit_twist_blind.py;v526_seam_thermal_kms_nariai_bridge.py;v527_seam_clock_silver_spectrum.py;v528_seam_bit_twist_class_definition.py;v529_seam_interacting_toy_fk.py;v530_center_quotient_compiler.py;v531_coxeter_tensor_stage_a.py;v532_e8_degree_modular_checksum.py;v533_ftransfer_disc7_norm.py;v534_seam_straddle_cone.py;v535_hecke_from_geometry.py;v536_eichler_trace_layer.py;v537_halfintegral_bridge.py;v538_relative_trace_identity.py;v539_weil_structure_family.py;v53_compiler_core.py;v540_amplitude_linear_carrier.py;v541_matching_lemma_ledger.py;v542_margin_chain_identities.py;v543_lumped_pair_identities.py;v544_long_lag_support.py;v545_hardy_core_identities.py;v546_capacity_chain_identities.py;v547_level_lemma_identities.py;v548_green_szego_identities.py;v549_gauge_parity_identities.py;v54_seam_horizon_keystones.py;v550_odd_sector_identities.py;v551_ritz_ceiling_certificate.py;v552_angle_instruments.py;v553_exact_form_identities.py;v554_sampling_harmonics_identities.py;v555_pareto_tv_identities.py;v556_gauge_ppr_identities.py;v557_cascade_vector_identities.py;v558_bilinear_rank_identities.py;v559_phase2_capstone.py;v55_coxeter_cycle.py;v560_frame_deficit_identities.py;v561_cp_channel_identities.py;v562_dense_limit_identities.py;v563_paper2_readouts.py;v564_cp_fiber_pin.py;v565_woit_beta3_pt_duality.py;v566_parabolic_anchor_selfcode.py;v567_carrier_free_q_reconstruction.py;v568_bit_selector_ladder.py;v569_lambda_pencil_onemode.py;v56_unique_attractor.py;v570_separation_floor.py;v571_cr_discrete_corners.py;v572_rp_bit_form.py;v573_pair_band_structure.py;v574_stageb_winding.py;v575_cr_continuous_uniflow.py;v576_cheb_loewner_edge.py;v577_nullray_census.py;v578_native_jets.py;v579_macro_kernel_signs.py;v57_horizon_crosslinks.py;v580_occupation_map.py;v581_locking_transport.py;v582_density_dominance.py;v583_pnt_model.py;v584_ext_source_response.py;v585_pnt_locking_split.py;v586_pnt_lock_direction.py;v587_w_closed_form.py;v588_closed_delta.py;v589_zero_comb.py;v58_seam_horizon_chain.py;v590_involution_existence.py;v591_pole_rank_one.py;v592_continuum_det_law.py;v593_cutoff_completion.py;v594_unconditional_cert.py;v595_mapping_completion.py;v596_lock_projection.py;v597_mu4_cover_model.py;v598_cover_dictionary.py;v599_real_structure.py;v59_area_law_evidence.py;v5_e8_cascade.py;v600_joint_embedding.py;v601_equivariant_dual.py;v602_duality_forms.py;v603_seam_marks.py;v604_equivariant_order.py;v605_translator.py;v606_mode_separation.py;v607_selection_rule.py;v608_gamma_free_slice.py;v609_translator_factorization.py;v60_lambda_metrology_branch.py;v610_curve_landscape.py;v611_periods.py;v612_polarization_frame.py;v613_canonical_periods.py;v614_transport_deck.py;v615_gamma_toy_interacting.py;v616_su2_internal_kinematic.py;v617_seam_cover_forcing.py;v618_uniform_constant.py;v619_flip_mechanics.py;v620_cyclic_n_census.py;v621_interacting_semigroup.py;v622_seam_identification.py;v623_covered_seam.py;v624_external_lattice_audit.py;v625_prime_shadow.py;v626_e8_code.py;v627_hodge_chamber.py;v628_orbifold_casimir.py;v629_root_incidence.py;v630_suzuki_contact.py;v631_w1_dictionary.py;v632_ftransfer_pgl2.py;v633_orbit60_quotient.py;v634_st31_structure.py;v635_p_canonicity.py;v636_p_construction.py;v637_fine_c1_bridge.py;v638_code_semantics.py;v639_twist_ope.py;v63_seam_engineering_index.py;v640_w1_boundary.py;v641_w1_portability.py;v642_w1_matrix.py;v643_w1_theorem.py;v644_w2_form_density.py;v645_klein_rp.py;v646_rm13_reverse.py;v647_st31_degree24.py;v648_sign_uncertainty.py;v649_discipline_audit.py;v64_causal_boundary_nogo.py;v650_orbifold_modular.py;v651_orbifold_assembly.py;v652_orbifold_arf.py;v653_bond_defect.py;v654_st31_degree8.py;v655_w2_mosco.py;v656_margin_link.py;v657_rid_alignment.py;v658_w3_uniform_bound.py;v659_w3_landscape.py;v65_falsification_layer.py;v660_theta_predicate.py;v661_garding.py;v662_garding_edgeband.py;v663_garding_envelope.py;v664_look_elsewhere.py;v665_keiper_li.py;v666_turing_cert.py;v667_baez_duarte.py;v668_ground_truth.py;v669_fejer_density.py;v66_e8_casimir_degrees.py;v670_w3_block_deflation.py;v671_lehmer_resonance.py;v672_li_corollary.py;v673_li_e4.py;v674_packet_garding.py;v675_needle_mechanism.py;v676_c1_mechanism.py;v677_w3_structure_theorem.py;v678_zero_gap_theorem.py;v679_orbifold_continuum_os.py;v680_pinch_attack.py;v681_coverage_hole.py;v682_lk_split_theta.py;v683_rank3_functionals.py;v684_rank3_zeroside.py;v685_rank3_uniformity.py;v686_geometric_sos.py;v687_extremal_kernel.py;v688_interpolation_detector.py;v689_gaussian_code_bridge.py;v68_seeley_dewitt_residual.py;v690_quartic_half.py;v691_hecke_sos.py;v692_rank3_lockgram.py;v693_rank3_density_close.py;v694_interpolation_lemma_closure.py;v695_z1_trace_operator.py;v696_z1_jacobi.py;v697_z1_uvarov.py;v698_z1_flow_recursion.py;v699_cone_dynamics.py;v6_bootstrap.py;v700_orbit60_census.py;v701_big_picture_hunt.py;v702_z1_lookahead.py;v703_chain_tolerance_scaling.py;v704_chain_mass_law.py;v705_chain_deck_sector.py;v706_chain_weyl_mass.py;v707_chain_section_edge.py;v708_chain_position_functional.py;v709_chain_zero_layer.py;v710_chain_two_stage_hecke.py;v711_chain_firstbirth_scaling.py;v712_rank3_transverse_deck.py;v713_l1_montage.py;v714_moonshot_hecke_groupoid.py;v715_qgeo_car_continuum.py;v716_moonshot_arch_glue.py;v717_moonshot_state.py;v718_moonshot_spectral.py;v719_moonshot_traceformula.py;v71_simple_r_bridge.py;v720_moonshot_k2k3.py;v721_k1_node_capture.py;v722_phys_ramified_ns_r.py;v723_phys_modular_clock.py;v724_phys_t3b_modular_flows.py;v725_phys_vgeo_torsor_audit.py;v726_phys_car_pp_index.py;v727_l1_identification.py;v728_k1b_superresolution.py;v729_strat2_rp_universality.py;v730_strat2_pinning_lemma.py;v731_strat2_gap_universality.py;v732_strat3_sonin_prolate.py;v733_strat3_gate0_census.py;v734_s1_canonical.py;v735_strat3_ucp_inductive.py;v736_orbit_packet.py;v737_seam48_intertwiner.py;v738_hecke_mod_ramified.py;v739_rank3_jet.py;v73_k_c3_half.py;v740_kms_extension_switch.py;v741_kms_toeplitz_semigroup.py;v742_channel_interference.py;v743_schur_cone_recursion.py;v744_hecke_channel_columns.py;v745_qgeo_car_l1_sector_lemma.py;v746_phys_gnet_local_functor.py;v747_automaton_multiway_tower.py;v748_automaton_sigma_orbifold_confluence.py;v749_simpler_tower.py;v750_simpler_gluing.py;v751_ward_monotone.py;v752_projective_hamming_incidence.py;v753_ramified_polarity.py;v754_ramodd_twostep.py;v755_simpler_schur_recursion.py;v756_kms_incidence_stinespring.py;v757_fano_disc7_bridge.py;v758_simpler_certificate.py;v759_handoff_fixed_window_resolution.py;v75_upoint_to_vgeo.py;v760_antialias_exact.py;v761_atom_pole_abel.py;v762_dense_weil_core.py;v763_yosida_handoff.py;v765_handoff_redteam.py;v766_handoff_bulk.py;v767_handoff_frequency_gram.py;v768_handoff_tail_weil.py;v769_qf_contract_necessity.py;v76_gmetric_reduction.py;v770_qf_spectral_bundle.py;v771_qf_representation_census.py;v772_qf_feshbach_effective.py;v773_qf_cell_cocycle.py;v774_arf_spinor_compiler.py;v775_gaussian_class_d5_purity.py;v776_boundary_hamming_uniqueness.py;v777_ftransfer_clock_jets.py;v778_qgeo_gridsup_logsum.py;v779_gnet_gns_arf.py;v77_e8_conformal_net.py;v780_z1_compactness_trilogy.py;v781_one_object_clock_census.py;v782_e8_transition_bus.py;v783_two_qubit_clifford.py;v784_curve_code_2torsion.py;v785_hecke_check32.py;v786_prime_packet480.py;v787_hecke_arrow_broadcast.py;v788_positive_c2_lift.py;v789_multirate_constdepth.py;v78_vgeo_floor.py;v790_snf_mu4_theta.py;v791_positive_descent.py;v792_ftransfer_kms_coset.py;v793_f8sector_conductor.py;v794_cp_extension_gate.py;v795_halving_tails_k5.py;v796_duad_syntheme_bridge.py;v797_r_microstate_identification.py;v798_seam_clifford_modular_s.py;v799_seam_code_typeii.py;v7_gravity_cosmo.py;v800_e8_torsor_fourier.py;v801_prime_cp_intertwiner.py;v802_gnet_martingale.py;v803_e8_jetcode_affine_nsr.py;v804_prime_carrier_gray.py;v805_e8_syndrome_algebra.py;v806_hecke_local_clifford.py;v807_lorentz_nullselector.py;v808_petersen_sixthroot.py;v809_curve_code_doily.py;v80_operator_pencil_geometry.py;v810_cutcode_moment.py;v811_prime_kraus_doily.py;v812_flavor_graph_filtration.py;v813_p1_index_kms.py;v814_k5_sixstep_transport.py;v815_kraus_spread_commutant.py;v816_prime_mosco_selection.py;v817_positive_descent_master.py;v818_sector_floor_attack.py;v819_prime_packet_rm14.py;v820_prime_kraus_rm24.py;v821_prime_vacuum35.py;v822_prime_vacuum_dilation.py;v823_prime_lagrange_floor.py;v824_prime_floor_skeleton.py;v825_prime_exclusion_ladder.py;v826_prime_exclusion_battery2.py;v827_prime_zero_locator.py;v828_prime_comb_window.py;v829_prime_floor_depth.py;v82_koide_attractor_splitting.py;v830_prime_float_budget.py;v831_prime_alias_second_moment.py;v832_anchor_flavor_checksum.py;v833_gaussian_ramification_ladder.py;v834_pg32_flag_completion.py;v835_corner_hjelmslev_tower.py;v836_commutant_sos_closure.py;v837_corner_closure_quantifier.py;v838_corner_expectation_position.py;v839_paircorr_bridge_saturation.py;v83_e8net_holomorphic_uniqueness.py;v840_gue_ablation_loopgain.py;v841_relation_carrier_ladder.py;v842_excess_certified_skeleton.py;v843_margin_law_excess_lean.py;v844_message_doily_rank.py;v845_cfin_normal_form.py;v846_schur_spectral_mother.py;v847_wedge_cellcone_transport.py;v848_extraction_chain.py;v849_cfin_unique_cofinal_lean.py;v84_frozen_registry.py;v850_completion_tax_flow.py;v851_cluster_kernel_field.py;v852_arf_vacuum_ovoid.py;v853_bent_css_mangoldt.py;v854_relation_hodge_pfaffian.py;v855_invariance_atlas.py;v856_connected_current_lean.py;v857_simplex_fourier_winding.py;v858_g31_clock_alphabet.py;v859_grade_no_go_elevator.py;v85_master_cover.py;v860_phase_lever_closure.py;v861_krein_normalform_lean.py;v862_defect_polar_weld.py;v863_redheffer_colligation.py;v864_softport_kappa_law.py;v865_weyl_port_readout.py;v866_source_contractor_formula.py;v867_radau_conditioning.py;v868_divisor210_audits.py;v869_cdcore_clarkphase.py;v86_nstar_reheating.py;v870_christoffel_gauss_frame.py;v871_pole_uvarov_crossdefect.py;v872_damping_compensation.py;v873_pruefer_cotlar_decision.py;v874_feedback_decoder_lean.py;v875_shell_global_lean.py;v876_carleson_polygon_wave.py;v877_complete_comb_reversal.py;v878_ledger_integrity.py;v879_envelope_partition_closure.py;v87_bulk_uniqueness_reduction.py;v880_finite_anchor_theorems.py;v881_carleson_port_geometry.py;v882_port_source_mellin.py;v883_tau_chain_parametrix.py;v884_certified_head_positivity.py;v885_ladder_flow_anatomy.py;v886_register_gapcode_null.py;v887_certified_ladder_complete.py;v888_finite_pfaffian_signature.py;v889_route_decisions.py;v88_cp_phase_audit.py;v890_total_positivity_flow.py;v891_moebius_firewall_kills.py;v892_closure_architecture.py;v893_relative_margins.py;v894_diagonal_refinement.py;v895_collective_comb.py;v896_wick_block_functor.py;v897_certified_interval_ladder.py;v898_kms_schur_mixing.py;v899_christoffel_normsquare.py;v89_carrier_index_lemma.py;v900_core_update_anatomy.py;v901_tangent_schur_bfloor.py;v902_wall_relocation_map.py;v903_seam_rp_exclusion.py;v904_healthcode12_diagnostic.py;v905_bfloor_ideal_certificate.py;v906_tail_cartography.py;v907_halfgap_registered_target.py;v908_seam_equilibrium_wiring.py;v909_finite_wall_closure.py;v90_conical_defect_chain.py;v910_finite_zero_transfer.py;v911_wiring_freedom.py;v912_form_convergence_theorem.py;v913_signed_alignment_localization.py;v914_pascal_region_theorem.py;v915_eulerpick_certified_floors.py;v916_epstein_weil_violation.py;v917_driver_rate_certification.py;v918_doublelimit_reduction_theorem.py;v919_secular_gw_pinning.py;v91_spine_tetrahedron.py;v920_loop_equivalence_theorems.py;v921_counting_dominance_closures.py;v922_spacing_jet_sumrule_theorems.py;v923_spectral_balance_razor_theorems.py;v924_moment_laurent_rootladder.py;v925_edge_cleanup_closures.py;v926_fullgap_growthlaw_theorems.py;v927_blockaverage_substrate_theorems.py;v928_depthblock_transfer_theorems.py;v929_sigmafloor_factorization.py;v92_glue_uniqueness.py;v930_window_instrument_mechanism.py;v931_jetmass_floor_theorems.py;v932_toproot_theta_statement.py;v933_h3_cofinal_adjudication.py;v934_gonek_pricing_unconditional.py;v935_thetainf_landau_bridge.py;v936_manifold_invariance_exclusion.py;v937_l1wpd_closure_reduction.py;v938_dbn_heatflow_census.py;v939_cbj_frame_adjudication.py;v93_koide_relaxation_toy.py;v940_cbj_subdof_blockfloor.py;v941_alignment_law_factorization.py;v942_pi_pattern_transfer_specificity.py;v943_mangoldt_ablation_localization.py;v944_ground_residue_observability.py;v945_zero_causal_stratification.py;v946_census_krein_pencil.py;v947_loewner_pick_dictionary.py;v948_krein_sign_characteristic.py;v949_commensurability_mechanism.py;v94_sheet_diamond.py;v950_zero_channel_capacity.py;v951_cancellation_functional.py;v952_turan_extremal.py;v953_fewatom_reduction.py;v954_nodeless_pf.py;v955_tau_iiks_toda_dictionary.py;v956_signedmoment_halffilling_duality.py;v957_ccc_crossover_kinematics.py;v958_bordered_tau_readout_dictionary.py;v959_coupledtau_terminal_dictionary.py;v95_centered_diamond.py;v960_terminal_surface_closure.py;v961_midpoint_orientation_dictionary.py;v962_halffilling_pinning_theory.py;v963_lstar_reduction_dictionary.py;v964_lstar_coherence_census.py;v965_lstar_curvature_arc.py;v966_l2_reduction_chain.py;v967_l2_cascade_closure.py;v968_architecture_adjudication.py;v969_forks_and_redteam.py;v96_branch_kernel_selection.py;v970_extraction_and_composition.py;v971_markov_embedding_generator.py;v972_seam_interaction_front.py;v973_seam_route_narrowing.py;v974_alpha_faces_computed.py;v975_dimension_selector_4d.py;v976_seam_lift_birkhoff.py;v977_transfer_unistochastic_wilson.py;v978_terminal_density_martingale.py;v979_cover_growth_k2.py;v97_sheet_conjugation_bridge.py;v980_lstar_margin_chain.py;v981_lstar_borodin_duality.py;v982_dirichlet_matched_frame.py;v983_simple_current_generator.py;v986_nu_scalaron_rung.py;v987_os_dilation_package.py;v989_lattice_gate_battery.py;v98_discriminant_dictionary.py;v990_wj_transduction_mechanism.py;v992_joint_likelihood_v1.py;v993_minimal_defect_selector.py;v994_mmst_criteria_battery.py;v997_spin2_smg_witnesses.py;v998_seam_modular_closure.py;v99_koide_flow_time.py;v9_neutrino_texture.py,changelog;introduction;note_e8_gaussian_code;note_hilbert_polya_truncations;origin_theory;tfpt_1_architecture_e8;tfpt_2_standard_model;tfpt_3_e8_audit_bootstrap;tfpt_4_frontier;tfpt_5_redteam;tfpt_horizon_readouts;tfpt_research_contracts;tfpt_safeguards
website/lib/discipline.ts,v649_discipline_audit.py,tfpt_research_contracts
website/lib/faq.ts,v100_numerology_null_mc.py;v1022_telb_round3_certificates.py;v1025_telb_c1_c2a_certificates.py;v1026_telb_round4_closure.py;v1029_local_tensor_constraints.py;v1030_alg2_sector_frame.py;v153_no_unit_theorem.py;v304_idg_nonlocal_ghost.py;v335_seam_equiv_unify.py;v336_continuum_limit.py;v367_seam_s3_lattice.py;v368_seam_s3_inflow.py;v369_qgamb_redundancy.py;v370_grav_spin2_unitarity.py;v371_ftransfer_pole.py;v372_ftransfer_boltzmann.py;v373_ftransfer_relic.py;v374_ftransfer_qcd.py;v375_observatory_registry.py;v376_seam_s3_centralcharge.py;v377_seam_s3_e8character.py;v378_seam_s3_modular.py;v379_seam_s3_rp.py;v380_grav_kms_hessian.py;v436_overdet_floor2.py;v469_seam_crossedproduct_route.py;v489_seam_modular_commutator.py;v490_seam_parity_census.py;v723_phys_modular_clock.py;v724_phys_t3b_modular_flows.py;v725_phys_vgeo_torsor_audit.py,changelog
website/lib/glossary.ts,v1022_telb_round3_certificates.py;v1025_telb_c1_c2a_certificates.py;v1026_telb_round4_closure.py;v1029_local_tensor_constraints.py;v1030_alg2_sector_frame.py;v187_ftransfer_laws.py;v213_ftransfer_functor.py;v304_idg_nonlocal_ghost.py;v337_decoupling_theorem.py;v369_qgamb_redundancy.py;v370_grav_spin2_unitarity.py;v371_ftransfer_pole.py;v372_ftransfer_boltzmann.py;v373_ftransfer_relic.py;v374_ftransfer_qcd.py;v375_observatory_registry.py;v379_seam_s3_rp.py;v380_grav_kms_hessian.py;v469_seam_crossedproduct_route.py;v470_alpha_inflow_level.py;v472_quillen_detline_moduli.py;v492_celestial_z4_orbifold.py;v497_celestial_wp5a_null_ideal.py;v498_celestial_wp5b_singular_vector.py;v510_seam_bit_freedom.py;v512_seam_tau_flag.py;v516_celestial_wp5e_m2_twisted_ks_measure.py;v519_woit_theta_rp_free.py;v520_celestial_wp5e_measure_decision.py;v521_seam_bit_rp_blind.py;v522_woit_beta1_gso_gauge.py;v523_celestial_wp5e_wm_derived.py;v524_woit_beta2_os_quotient.py;v525_seam_bit_twist_blind.py;v526_seam_thermal_kms_nariai_bridge.py;v528_seam_bit_twist_class_definition.py;v529_seam_interacting_toy_fk.py;v534_seam_straddle_cone.py;v723_phys_modular_clock.py;v724_phys_t3b_modular_flows.py;v725_phys_vgeo_torsor_audit.py;v777_ftransfer_clock_jets.py,
website/lib/katex-macros.ts,,changelog
website/lib/papers.ts,v1000_spin2_sk_witnesses.py;v1001_nu_pentagon_chain.py;v1002_spin10_mirror_projector.py;v1003_nu_structural_nulls.py;v1004_milnor_frobenius_gray.py;v1005_relative_pencil_bridges.py;v1006_mmst_lemma_battery.py;v1007_det16_stability_battery.py;v1008_master_assembly_scaffold.py;v1009_rho0_minimizer.py;v100_numerology_null_mc.py;v1010_simplicity_bridge_census.py;v1011_3p1d_ladder_battery.py;v1012_toe_gate_witnesses.py;v1013_thermodynamic_dynamics.py;v1014_bridge_refinements.py;v1015_axiom_core_closure.py;v1016_state_gap_batteries.py;v1017_kernel_loewner_positivity.py;v1018_e8_directed_readout.py;v1019_coxeter_euler_completion.py;v1020_spectator_sector_obstruction.py;v1022_telb_round3_certificates.py;v1023_derivative_filtered_wall.py;v1024_parent_internal_boundaries.py;v1025_telb_c1_c2a_certificates.py;v1026_telb_round4_closure.py;v1027_signed_det_car_wall.py;v1028_gauss_d4_cap.py;v1029_local_tensor_constraints.py;v1030_alg2_sector_frame.py;v1031_quantum_tensor_curvature.py;v1033_charged_disorder.py;v1034_parent_mirror.py;v1035_matter_coupling.py;v108_pascal_ladder.py;v10_projection_involution.py;v110_calderon_sheet.py;v111_quadratic_transport.py;v112_selfcounting_channel.py;v113_quasifree_kernel.py;v124_resummed_clock.py;v125_glue_qsystem.py;v126_clock_wall_bridge.py;v127_ring_resummation.py;v128_graded_hull.py;v129_entropy_power_law.py;v130_born_square.py;v131_measure_is_area.py;v132_detratio_anomaly.py;v133_zeta_budget.py;v134_dual_anchor.py;v136_dual_normal_selector.py;v139_selector_triangle.py;v141_deck_selection.py;v144_detratio_family.py;v145_pairing_atoms.py;v146_moebius_d4.py;v147_clock_gaussian.py;v149_cusp_normal.py;v150_replica_eh_model.py;v151_bfk_split.py;v152_norm_is_anchor.py;v153_no_unit_theorem.py;v154_simple_current_theorem.py;v156_seam_net_construction.py;v157_rigid_fixed_point.py;v158_fixed_point_stable.py;v159_pyrate_gauge_crosscheck.py;v160_seam_gaussianity_from_pf.py;v161_one_particle_reduction.py;v162_seam_transport_identification.py;v165_premise_a_closure.py;v166_higgs_free_seam.py;v168_qgeo_rigidity.py;v169_etaB_boltzmann_interface.py;v170_diamond_slice_compression.py;v175_net_existence_full_cone.py;v176_seam_collar_realisation.py;v180_clock_is_mobius.py;v185_axion_relic_solver.py;v187_ftransfer_laws.py;v1_e8_glue.py;v207_asymptotic_safety.py;v211_axion_spine_angle.py;v212_leptogenesis_decuple.py;v213_ftransfer_functor.py;v214_seam_pillowcase.py;v216_marks_gauss_bonnet.py;v218_diamond_axis_geometry.py;v221_seam_qecc.py;v231_cp_mu6_phases.py;v232_e8_kleinian_seam.py;v233_cp_triality_phase.py;v235_seam_chern_simons.py;v236_brieskorn_capstone.py;v238_modular_lindblad_dynamics.py;v239_kms_thermal_time.py;v23_anchor_generator.py;v240_gns_os_reconstruction.py;v241_dhr_sectors.py;v242_spin_statistics_modular.py;v245_spectral_matter_content.py;v246_unification_data_crosscheck.py;v247_e8_branching_no126.py;v249_ps_unification.py;v252_full_finite_triple.py;v254_inner_fluctuations.py;v258_dirac_covariance_induction.py;v259_modular_cutoff_kappa.py;v260_k3_kummer_unification.py;v261_modular_spectral_closure.py;v265_qft4d_fork_freeze.py;v269_spert_paqft_skeleton.py;v270_pmns_jarlskog_assembly.py;v272_nu_mass_scale.py;v274_scale_overdetermination.py;v275_qgamb_roadmap.py;v286_seam_equivalence_contract.py;v290_z4_smooth_curvature_adversary.py;v292_flataway_heat_reduction.py;v293_flataway_spectral_hessian.py;v294_flataway_rp_energy.py;v295_flataway_a2_exact.py;v296_flataway_a2_closed.py;v297_route_a_literature_stack.py;v299_hypergraph_0d_autonomous.py;v2_carrier_pascal.py;v300_flataway_rigid.py;v301_route_a_invertible.py;v302_seam_gap.py;v303_ftransfer_dynamics.py;v304_idg_nonlocal_ghost.py;v305_witness_independence.py;v308_seam_equiv_chain.py;v312_hypergraph_substrate.py;v313_golden_atoms_spectral.py;v314_rate_translation.py;v315_coxeter_coupling.py;v316_galois_readout.py;v317_galois_family.py;v318_arithmetic_capstone.py;v319_translation_clock.py;v320_galois_cp_relation.py;v322_cp_lock_sharpened.py;v323_bw_geometric_modular.py;v324_hypergraph_fiber.py;v327_hypergraph_rewrite.py;v335_seam_equiv_unify.py;v336_continuum_limit.py;v341_alpha_quillen.py;v342_em_ward_heatkernel.py;v354_e8_reverse_audit.py;v358_grav_entropy_equilibrium.py;v359_grav_nonlinear_einstein.py;v367_seam_s3_lattice.py;v368_seam_s3_inflow.py;v369_qgamb_redundancy.py;v36_spectral_action_g2.py;v370_grav_spin2_unitarity.py;v371_ftransfer_pole.py;v372_ftransfer_boltzmann.py;v373_ftransfer_relic.py;v374_ftransfer_qcd.py;v375_observatory_registry.py;v376_seam_s3_centralcharge.py;v377_seam_s3_e8character.py;v378_seam_s3_modular.py;v379_seam_s3_rp.py;v380_grav_kms_hessian.py;v381_qft4d_eg_allorder.py;v382_alpha_quillen_exact.py;v384_residual_certification.py;v396_phi0_icosahedral.py;v3_em_alpha.py;v410_sheet_generator_binary.py;v411_ud_ratio_vpower.py;v412_sheet_source_corner_J.py;v413_sheet_characteristic_calculus.py;v414_center_resolvent_portal.py;v425_dyn_transfer_universal.py;v427_overdet_witness_map.py;v428_overdet_reclass.py;v429_axion_pentagon_phi.py;v431_e8_degree_ladder.py;v432_overdet_floor.py;v433_alpha_quillen_heatkernel.py;v434_alpha_quillen_betafunction.py;v435_alpha_quillen_chernlevel.py;v436_overdet_floor2.py;v449_seam_mmst_uniform.py;v467_thirdgen_mixing_pattern.py;v468_dm2_ratio_jarlskog.py;v469_seam_crossedproduct_route.py;v470_alpha_inflow_level.py;v471_seam_horizon_replica.py;v472_quillen_detline_moduli.py;v473_entropic_action_bridge.py;v474_entropic_hodge_carrier.py;v475_entropic_scalaron_gate.py;v476_entropic_compression_toy.py;v477_entropic_scaleflow.py;v478_entropic_continuum_legs.py;v479_kronheimer_quiver_bridge.py;v480_multilocal_four_interval.py;v481_seesaw_carrier_ladder.py;v482_seesaw_rung_decision.py;v483_pillowcase_exact_traces.py;v484_seam_contact_unit.py;v485_contact_diagonal_closed.py;v486_transfer_full_rule.py;v487_transfer_clock_rungs.py;v488_majorana_clebsch_door.py;v489_seam_modular_commutator.py;v490_seam_parity_census.py;v491_p2_partition_corollary.py;v492_celestial_z4_orbifold.py;v493_celestial_wp2_clock_deformation.py;v495_celestial_wp3_gs_alignment.py;v496_celestial_wp4_character_shadow.py;v497_celestial_wp5a_null_ideal.py;v498_celestial_wp5b_singular_vector.py;v499_p2_weights_deligne_bg.py;v500_celestial_wp5c_gns_limit_state.py;v501_celestial_wp5d_two_interval_index.py;v502_celestial_wp5e_prefactor_level.py;v503_qgeo_emergence_light.py;v504_celestial_wp5d_klm_completeness.py;v505_celestial_wp5e_beta_equivariant_ledger.py;v506_seam_clock_rigidity.py;v507_seam_bit_origin.py;v508_celestial_wp5e_gamma_pairing.py;v509_celestial_wp5e_eps2_level_from_flux.py;v50_q_geometry.py;v510_seam_bit_freedom.py;v511_celestial_wp5e_delta2_tensor_ledger.py;v512_seam_tau_flag.py;v513_celestial_dterm_nonderivation.py;v514_celestial_wp5e_eps1_axion_slot.py;v515_celestial_wp5e_m1_omega_n.py;v516_celestial_wp5e_m2_twisted_ks_measure.py;v517_celestial_wp5e_m3_a0_uplift.py;v518_celestial_wp5e_delta1_derived_kill.py;v519_woit_theta_rp_free.py;v520_celestial_wp5e_measure_decision.py;v521_seam_bit_rp_blind.py;v522_woit_beta1_gso_gauge.py;v523_celestial_wp5e_wm_derived.py;v524_woit_beta2_os_quotient.py;v525_seam_bit_twist_blind.py;v526_seam_thermal_kms_nariai_bridge.py;v527_seam_clock_silver_spectrum.py;v528_seam_bit_twist_class_definition.py;v529_seam_interacting_toy_fk.py;v530_center_quotient_compiler.py;v531_coxeter_tensor_stage_a.py;v532_e8_degree_modular_checksum.py;v533_ftransfer_disc7_norm.py;v534_seam_straddle_cone.py;v535_hecke_from_geometry.py;v536_eichler_trace_layer.py;v537_halfintegral_bridge.py;v538_relative_trace_identity.py;v539_weil_structure_family.py;v53_compiler_core.py;v540_amplitude_linear_carrier.py;v541_matching_lemma_ledger.py;v565_woit_beta3_pt_duality.py;v578_native_jets.py;v58_seam_horizon_chain.py;v5_e8_cascade.py;v60_lambda_metrology_branch.py;v624_external_lattice_audit.py;v689_gaussian_code_bridge.py;v690_quartic_half.py;v69_d4_q_geometry.py;v714_moonshot_hecke_groupoid.py;v716_moonshot_arch_glue.py;v719_moonshot_traceformula.py;v721_k1_node_capture.py;v722_phys_ramified_ns_r.py;v723_phys_modular_clock.py;v724_phys_t3b_modular_flows.py;v725_phys_vgeo_torsor_audit.py;v726_phys_car_pp_index.py;v727_l1_identification.py;v734_s1_canonical.py;v759_handoff_fixed_window_resolution.py;v760_antialias_exact.py;v761_atom_pole_abel.py;v762_dense_weil_core.py;v765_handoff_redteam.py;v769_qf_contract_necessity.py;v770_qf_spectral_bundle.py;v771_qf_representation_census.py;v772_qf_feshbach_effective.py;v773_qf_cell_cocycle.py;v777_ftransfer_clock_jets.py;v780_z1_compactness_trilogy.py;v781_one_object_clock_census.py;v782_e8_transition_bus.py;v784_curve_code_2torsion.py;v785_hecke_check32.py;v788_positive_c2_lift.py;v789_multirate_constdepth.py;v790_snf_mu4_theta.py;v791_positive_descent.py;v792_ftransfer_kms_coset.py;v793_f8sector_conductor.py;v794_cp_extension_gate.py;v795_halving_tails_k5.py;v796_duad_syntheme_bridge.py;v797_r_microstate_identification.py;v798_seam_clifford_modular_s.py;v799_seam_code_typeii.py;v800_e8_torsor_fourier.py;v801_prime_cp_intertwiner.py;v803_e8_jetcode_affine_nsr.py;v805_e8_syndrome_algebra.py;v807_lorentz_nullselector.py;v808_petersen_sixthroot.py;v809_curve_code_doily.py;v810_cutcode_moment.py;v813_p1_index_kms.py;v814_k5_sixstep_transport.py;v815_kraus_spread_commutant.py;v816_prime_mosco_selection.py;v817_positive_descent_master.py;v818_sector_floor_attack.py;v819_prime_packet_rm14.py;v820_prime_kraus_rm24.py;v821_prime_vacuum35.py;v823_prime_lagrange_floor.py;v824_prime_floor_skeleton.py;v825_prime_exclusion_ladder.py;v828_prime_comb_window.py;v829_prime_floor_depth.py;v830_prime_float_budget.py;v831_prime_alias_second_moment.py;v832_anchor_flavor_checksum.py;v833_gaussian_ramification_ladder.py;v834_pg32_flag_completion.py;v835_corner_hjelmslev_tower.py;v836_commutant_sos_closure.py;v837_corner_closure_quantifier.py;v838_corner_expectation_position.py;v839_paircorr_bridge_saturation.py;v83_e8net_holomorphic_uniqueness.py;v840_gue_ablation_loopgain.py;v841_relation_carrier_ladder.py;v842_excess_certified_skeleton.py;v843_margin_law_excess_lean.py;v844_message_doily_rank.py;v845_cfin_normal_form.py;v846_schur_spectral_mother.py;v847_wedge_cellcone_transport.py;v848_extraction_chain.py;v849_cfin_unique_cofinal_lean.py;v84_frozen_registry.py;v850_completion_tax_flow.py;v851_cluster_kernel_field.py;v852_arf_vacuum_ovoid.py;v853_bent_css_mangoldt.py;v854_relation_hodge_pfaffian.py;v855_invariance_atlas.py;v856_connected_current_lean.py;v857_simplex_fourier_winding.py;v858_g31_clock_alphabet.py;v860_phase_lever_closure.py;v861_krein_normalform_lean.py;v862_defect_polar_weld.py;v863_redheffer_colligation.py;v866_source_contractor_formula.py;v868_divisor210_audits.py;v869_cdcore_clarkphase.py;v872_damping_compensation.py;v873_pruefer_cotlar_decision.py;v874_feedback_decoder_lean.py;v875_shell_global_lean.py;v876_carleson_polygon_wave.py;v877_complete_comb_reversal.py;v878_ledger_integrity.py;v879_envelope_partition_closure.py;v87_bulk_uniqueness_reduction.py;v880_finite_anchor_theorems.py;v881_carleson_port_geometry.py;v882_port_source_mellin.py;v883_tau_chain_parametrix.py;v884_certified_head_positivity.py;v885_ladder_flow_anatomy.py;v886_register_gapcode_null.py;v887_certified_ladder_complete.py;v888_finite_pfaffian_signature.py;v889_route_decisions.py;v890_total_positivity_flow.py;v891_moebius_firewall_kills.py;v892_closure_architecture.py;v893_relative_margins.py;v894_diagonal_refinement.py;v895_collective_comb.py;v896_wick_block_functor.py;v897_certified_interval_ladder.py;v898_kms_schur_mixing.py;v899_christoffel_normsquare.py;v89_carrier_index_lemma.py;v900_core_update_anatomy.py;v901_tangent_schur_bfloor.py;v902_wall_relocation_map.py;v903_seam_rp_exclusion.py;v904_healthcode12_diagnostic.py;v905_bfloor_ideal_certificate.py;v906_tail_cartography.py;v907_halfgap_registered_target.py;v908_seam_equilibrium_wiring.py;v909_finite_wall_closure.py;v910_finite_zero_transfer.py;v911_wiring_freedom.py;v922_spacing_jet_sumrule_theorems.py;v924_moment_laurent_rootladder.py;v928_depthblock_transfer_theorems.py;v929_sigmafloor_factorization.py;v92_glue_uniqueness.py;v930_window_instrument_mechanism.py;v931_jetmass_floor_theorems.py;v932_toproot_theta_statement.py;v933_h3_cofinal_adjudication.py;v934_gonek_pricing_unconditional.py;v935_thetainf_landau_bridge.py;v936_manifold_invariance_exclusion.py;v937_l1wpd_closure_reduction.py;v938_dbn_heatflow_census.py;v939_cbj_frame_adjudication.py;v940_cbj_subdof_blockfloor.py;v941_alignment_law_factorization.py;v955_tau_iiks_toda_dictionary.py;v956_signedmoment_halffilling_duality.py;v957_ccc_crossover_kinematics.py;v958_bordered_tau_readout_dictionary.py;v959_coupledtau_terminal_dictionary.py;v960_terminal_surface_closure.py;v961_midpoint_orientation_dictionary.py;v962_halffilling_pinning_theory.py;v963_lstar_reduction_dictionary.py;v964_lstar_coherence_census.py;v971_markov_embedding_generator.py;v972_seam_interaction_front.py;v973_seam_route_narrowing.py;v974_alpha_faces_computed.py;v975_dimension_selector_4d.py;v976_seam_lift_birkhoff.py;v977_transfer_unistochastic_wilson.py;v983_simple_current_generator.py;v984_markov_qca_dilation.py;v985_quillen_channel_swap.py;v986_nu_scalaron_rung.py;v987_os_dilation_package.py;v988_psi_lambda_reduction.py;v989_lattice_gate_battery.py;v990_wj_transduction_mechanism.py;v991_detline_bulk_edge.py;v992_joint_likelihood_v1.py;v993_minimal_defect_selector.py;v994_mmst_criteria_battery.py;v995_kms_subnet_rigidity.py;v996_gauge_grammar_kill.py;v997_spin2_smg_witnesses.py;v998_seam_modular_closure.py;v999_weak_collision_hp.py,changelog;introduction;note_e8_gaussian_code;note_hilbert_polya_truncations;origin_theory;tfpt_1_architecture_e8;tfpt_2_standard_model;tfpt_3_e8_audit_bootstrap;tfpt_4_frontier;tfpt_5_redteam;tfpt_horizon_readouts;tfpt_research_contracts;tfpt_safeguards
website/lib/predictions.ts,v1001_nu_pentagon_chain.py;v10_projection_involution.py;v157_rigid_fixed_point.py;v158_fixed_point_stable.py;v166_higgs_free_seam.py;v173_pfaffian_cp_car.py;v184_etaB_anchored_boltzmann.py;v185_axion_relic_solver.py;v187_ftransfer_laws.py;v202_rare_kaon.py;v203_eht_achromatic.py;v207_asymptotic_safety.py;v211_axion_spine_angle.py;v212_leptogenesis_decuple.py;v220_cp_hexagonal_modulus.py;v231_cp_mu6_phases.py;v233_cp_triality_phase.py;v270_pmns_jarlskog_assembly.py;v272_nu_mass_scale.py;v2_carrier_pascal.py;v303_ftransfer_dynamics.py;v307_data_watchdog.py;v313_golden_atoms_spectral.py;v316_galois_readout.py;v318_arithmetic_capstone.py;v320_galois_cp_relation.py;v321_killtest_board.py;v322_cp_lock_sharpened.py;v354_e8_reverse_audit.py;v387_corrections_gap.py;v388_corrections_budget.py;v393_corrections_numeric.py;v3_em_alpha.py;v429_axion_pentagon_phi.py;v467_thirdgen_mixing_pattern.py;v468_dm2_ratio_jarlskog.py;v481_seesaw_carrier_ladder.py;v482_seesaw_rung_decision.py;v488_majorana_clebsch_door.py;v494_cosmo_running_mu_record.py;v50_q_geometry.py;v69_d4_q_geometry.py;v84_frozen_registry.py;v86_nstar_reheating.py;v986_nu_scalaron_rung.py,origin_theory;tfpt_1_architecture_e8;tfpt_2_standard_model;tfpt_4_frontier;tfpt_horizon_readouts
website/lib/primeFront.ts,v1017_kernel_loewner_positivity.py;v1018_e8_directed_readout.py;v1019_coxeter_euler_completion.py;v1021_all_place_tate_rank_audit.py;v113_quasifree_kernel.py;v1_e8_glue.py;v2_carrier_pascal.py;v3_em_alpha.py;v5_e8_cascade.py;v643_w1_theorem.py;v749_simpler_tower.py;v799_seam_code_typeii.py;v817_positive_descent_master.py;v844_message_doily_rank.py;v845_cfin_normal_form.py;v846_schur_spectral_mother.py;v847_wedge_cellcone_transport.py;v848_extraction_chain.py;v849_cfin_unique_cofinal_lean.py;v850_completion_tax_flow.py;v851_cluster_kernel_field.py;v852_arf_vacuum_ovoid.py;v853_bent_css_mangoldt.py;v854_relation_hodge_pfaffian.py;v855_invariance_atlas.py;v856_connected_current_lean.py;v857_simplex_fourier_winding.py;v858_g31_clock_alphabet.py;v859_grade_no_go_elevator.py;v860_phase_lever_closure.py;v861_krein_normalform_lean.py;v862_defect_polar_weld.py;v863_redheffer_colligation.py;v864_softport_kappa_law.py;v865_weyl_port_readout.py;v866_source_contractor_formula.py;v867_radau_conditioning.py;v868_divisor210_audits.py;v869_cdcore_clarkphase.py;v870_christoffel_gauss_frame.py;v871_pole_uvarov_crossdefect.py;v872_damping_compensation.py;v873_pruefer_cotlar_decision.py;v874_feedback_decoder_lean.py;v875_shell_global_lean.py;v876_carleson_polygon_wave.py;v877_complete_comb_reversal.py;v878_ledger_integrity.py;v879_envelope_partition_closure.py;v880_finite_anchor_theorems.py;v881_carleson_port_geometry.py;v882_port_source_mellin.py;v883_tau_chain_parametrix.py;v884_certified_head_positivity.py;v885_ladder_flow_anatomy.py;v886_register_gapcode_null.py;v887_certified_ladder_complete.py;v888_finite_pfaffian_signature.py;v889_route_decisions.py;v890_total_positivity_flow.py;v891_moebius_firewall_kills.py;v892_closure_architecture.py;v893_relative_margins.py;v894_diagonal_refinement.py;v895_collective_comb.py;v896_wick_block_functor.py;v897_certified_interval_ladder.py;v898_kms_schur_mixing.py;v899_christoffel_normsquare.py;v900_core_update_anatomy.py;v901_tangent_schur_bfloor.py;v902_wall_relocation_map.py;v903_seam_rp_exclusion.py;v904_healthcode12_diagnostic.py;v905_bfloor_ideal_certificate.py;v906_tail_cartography.py;v907_halfgap_registered_target.py;v908_seam_equilibrium_wiring.py;v909_finite_wall_closure.py;v910_finite_zero_transfer.py;v911_wiring_freedom.py;v912_form_convergence_theorem.py;v913_signed_alignment_localization.py;v914_pascal_region_theorem.py;v915_eulerpick_certified_floors.py;v916_epstein_weil_violation.py;v917_driver_rate_certification.py;v918_doublelimit_reduction_theorem.py;v919_secular_gw_pinning.py;v920_loop_equivalence_theorems.py;v921_counting_dominance_closures.py;v922_spacing_jet_sumrule_theorems.py;v923_spectral_balance_razor_theorems.py;v924_moment_laurent_rootladder.py;v925_edge_cleanup_closures.py;v926_fullgap_growthlaw_theorems.py;v927_blockaverage_substrate_theorems.py;v928_depthblock_transfer_theorems.py;v929_sigmafloor_factorization.py;v930_window_instrument_mechanism.py;v931_jetmass_floor_theorems.py;v932_toproot_theta_statement.py;v933_h3_cofinal_adjudication.py;v934_gonek_pricing_unconditional.py;v935_thetainf_landau_bridge.py;v936_manifold_invariance_exclusion.py;v937_l1wpd_closure_reduction.py;v938_dbn_heatflow_census.py;v939_cbj_frame_adjudication.py;v940_cbj_subdof_blockfloor.py;v941_alignment_law_factorization.py;v942_pi_pattern_transfer_specificity.py;v943_mangoldt_ablation_localization.py;v944_ground_residue_observability.py;v945_zero_causal_stratification.py;v946_census_krein_pencil.py;v947_loewner_pick_dictionary.py;v948_krein_sign_characteristic.py;v949_commensurability_mechanism.py;v950_zero_channel_capacity.py;v951_cancellation_functional.py;v952_turan_extremal.py;v953_fewatom_reduction.py;v954_nodeless_pf.py;v955_tau_iiks_toda_dictionary.py;v956_signedmoment_halffilling_duality.py;v958_bordered_tau_readout_dictionary.py;v959_coupledtau_terminal_dictionary.py;v960_terminal_surface_closure.py;v961_midpoint_orientation_dictionary.py;v962_halffilling_pinning_theory.py;v963_lstar_reduction_dictionary.py;v964_lstar_coherence_census.py;v965_lstar_curvature_arc.py;v966_l2_reduction_chain.py;v967_l2_cascade_closure.py;v968_architecture_adjudication.py;v969_forks_and_redteam.py;v970_extraction_and_composition.py;v978_terminal_density_martingale.py;v979_cover_growth_k2.py;v980_lstar_margin_chain.py;v981_lstar_borodin_duality.py;v982_dirichlet_matched_frame.py,changelog;tfpt_research_contracts
website/lib/primeFrontArchive.ts,v112_selfcounting_channel.py;v113_quasifree_kernel.py;v14_carrier_uniqueness.py;v170_diamond_slice_compression.py;v171_os_moment_cluster.py;v1_e8_glue.py;v210_mark_local_dtn.py;v220_cp_hexagonal_modulus.py;v221_seam_qecc.py;v2_carrier_pascal.py;v310_carrier_sm_anomaly.py;v379_seam_s3_rp.py;v425_dyn_transfer_universal.py;v510_seam_bit_freedom.py;v519_woit_theta_rp_free.py;v524_woit_beta2_os_quotient.py;v526_seam_thermal_kms_nariai_bridge.py;v527_seam_clock_silver_spectrum.py;v534_seam_straddle_cone.py;v535_hecke_from_geometry.py;v536_eichler_trace_layer.py;v537_halfintegral_bridge.py;v538_relative_trace_identity.py;v539_weil_structure_family.py;v540_amplitude_linear_carrier.py;v541_matching_lemma_ledger.py;v542_margin_chain_identities.py;v543_lumped_pair_identities.py;v544_long_lag_support.py;v545_hardy_core_identities.py;v546_capacity_chain_identities.py;v547_level_lemma_identities.py;v548_green_szego_identities.py;v549_gauge_parity_identities.py;v550_odd_sector_identities.py;v551_ritz_ceiling_certificate.py;v552_angle_instruments.py;v553_exact_form_identities.py;v554_sampling_harmonics_identities.py;v555_pareto_tv_identities.py;v556_gauge_ppr_identities.py;v557_cascade_vector_identities.py;v558_bilinear_rank_identities.py;v559_phase2_capstone.py;v560_frame_deficit_identities.py;v561_cp_channel_identities.py;v562_dense_limit_identities.py;v563_paper2_readouts.py;v564_cp_fiber_pin.py;v566_parabolic_anchor_selfcode.py;v567_carrier_free_q_reconstruction.py;v568_bit_selector_ladder.py;v569_lambda_pencil_onemode.py;v570_separation_floor.py;v571_cr_discrete_corners.py;v572_rp_bit_form.py;v573_pair_band_structure.py;v574_stageb_winding.py;v575_cr_continuous_uniflow.py;v576_cheb_loewner_edge.py;v577_nullray_census.py;v578_native_jets.py;v579_macro_kernel_signs.py;v580_occupation_map.py;v581_locking_transport.py;v582_density_dominance.py;v583_pnt_model.py;v584_ext_source_response.py;v585_pnt_locking_split.py;v586_pnt_lock_direction.py;v587_w_closed_form.py;v588_closed_delta.py;v589_zero_comb.py;v590_involution_existence.py;v591_pole_rank_one.py;v592_continuum_det_law.py;v593_cutoff_completion.py;v594_unconditional_cert.py;v595_mapping_completion.py;v596_lock_projection.py;v597_mu4_cover_model.py;v598_cover_dictionary.py;v599_real_structure.py;v600_joint_embedding.py;v601_equivariant_dual.py;v602_duality_forms.py;v603_seam_marks.py;v604_equivariant_order.py;v605_translator.py;v606_mode_separation.py;v607_selection_rule.py;v608_gamma_free_slice.py;v609_translator_factorization.py;v610_curve_landscape.py;v611_periods.py;v612_polarization_frame.py;v613_canonical_periods.py;v614_transport_deck.py;v615_gamma_toy_interacting.py;v616_su2_internal_kinematic.py;v617_seam_cover_forcing.py;v618_uniform_constant.py;v619_flip_mechanics.py;v620_cyclic_n_census.py;v621_interacting_semigroup.py;v622_seam_identification.py;v623_covered_seam.py;v624_external_lattice_audit.py;v625_prime_shadow.py;v626_e8_code.py;v627_hodge_chamber.py;v628_orbifold_casimir.py;v629_root_incidence.py;v630_suzuki_contact.py;v631_w1_dictionary.py;v632_ftransfer_pgl2.py;v633_orbit60_quotient.py;v634_st31_structure.py;v635_p_canonicity.py;v636_p_construction.py;v637_fine_c1_bridge.py;v638_code_semantics.py;v639_twist_ope.py;v640_w1_boundary.py;v641_w1_portability.py;v642_w1_matrix.py;v643_w1_theorem.py;v644_w2_form_density.py;v645_klein_rp.py;v646_rm13_reverse.py;v647_st31_degree24.py;v648_sign_uncertainty.py;v650_orbifold_modular.py;v651_orbifold_assembly.py;v652_orbifold_arf.py;v653_bond_defect.py;v654_st31_degree8.py;v655_w2_mosco.py;v656_margin_link.py;v657_rid_alignment.py;v658_w3_uniform_bound.py;v659_w3_landscape.py;v660_theta_predicate.py;v661_garding.py;v662_garding_edgeband.py;v663_garding_envelope.py;v664_look_elsewhere.py;v665_keiper_li.py;v666_turing_cert.py;v667_baez_duarte.py;v668_ground_truth.py;v669_fejer_density.py;v670_w3_block_deflation.py;v671_lehmer_resonance.py;v672_li_corollary.py;v673_li_e4.py;v674_packet_garding.py;v675_needle_mechanism.py;v676_c1_mechanism.py;v677_w3_structure_theorem.py;v678_zero_gap_theorem.py;v679_orbifold_continuum_os.py;v680_pinch_attack.py;v681_coverage_hole.py;v682_lk_split_theta.py;v683_rank3_functionals.py;v684_rank3_zeroside.py;v685_rank3_uniformity.py;v686_geometric_sos.py;v687_extremal_kernel.py;v688_interpolation_detector.py;v689_gaussian_code_bridge.py;v690_quartic_half.py;v691_hecke_sos.py;v692_rank3_lockgram.py;v693_rank3_density_close.py;v694_interpolation_lemma_closure.py;v695_z1_trace_operator.py;v696_z1_jacobi.py;v697_z1_uvarov.py;v698_z1_flow_recursion.py;v699_cone_dynamics.py;v700_orbit60_census.py;v701_big_picture_hunt.py;v702_z1_lookahead.py;v703_chain_tolerance_scaling.py;v704_chain_mass_law.py;v705_chain_deck_sector.py;v706_chain_weyl_mass.py;v707_chain_section_edge.py;v708_chain_position_functional.py;v709_chain_zero_layer.py;v710_chain_two_stage_hecke.py;v711_chain_firstbirth_scaling.py;v712_rank3_transverse_deck.py;v713_l1_montage.py;v714_moonshot_hecke_groupoid.py;v715_qgeo_car_continuum.py;v716_moonshot_arch_glue.py;v717_moonshot_state.py;v718_moonshot_spectral.py;v719_moonshot_traceformula.py;v720_moonshot_k2k3.py;v721_k1_node_capture.py;v722_phys_ramified_ns_r.py;v723_phys_modular_clock.py;v724_phys_t3b_modular_flows.py;v725_phys_vgeo_torsor_audit.py;v726_phys_car_pp_index.py;v727_l1_identification.py;v728_k1b_superresolution.py;v729_strat2_rp_universality.py;v730_strat2_pinning_lemma.py;v731_strat2_gap_universality.py;v732_strat3_sonin_prolate.py;v733_strat3_gate0_census.py;v734_s1_canonical.py;v736_orbit_packet.py;v737_seam48_intertwiner.py;v738_hecke_mod_ramified.py;v739_rank3_jet.py;v740_kms_extension_switch.py;v741_kms_toeplitz_semigroup.py;v742_channel_interference.py;v743_schur_cone_recursion.py;v744_hecke_channel_columns.py;v745_qgeo_car_l1_sector_lemma.py;v746_phys_gnet_local_functor.py;v747_automaton_multiway_tower.py;v748_automaton_sigma_orbifold_confluence.py;v749_simpler_tower.py;v750_simpler_gluing.py;v751_ward_monotone.py;v752_projective_hamming_incidence.py;v753_ramified_polarity.py;v754_ramodd_twostep.py;v755_simpler_schur_recursion.py;v756_kms_incidence_stinespring.py;v757_fano_disc7_bridge.py;v758_simpler_certificate.py;v759_handoff_fixed_window_resolution.py;v760_antialias_exact.py;v761_atom_pole_abel.py;v762_dense_weil_core.py;v763_yosida_handoff.py;v765_handoff_redteam.py;v766_handoff_bulk.py;v767_handoff_frequency_gram.py;v768_handoff_tail_weil.py;v769_qf_contract_necessity.py;v770_qf_spectral_bundle.py;v771_qf_representation_census.py;v772_qf_feshbach_effective.py;v773_qf_cell_cocycle.py;v774_arf_spinor_compiler.py;v775_gaussian_class_d5_purity.py;v776_boundary_hamming_uniqueness.py;v777_ftransfer_clock_jets.py;v778_qgeo_gridsup_logsum.py;v779_gnet_gns_arf.py;v780_z1_compactness_trilogy.py;v781_one_object_clock_census.py;v782_e8_transition_bus.py;v783_two_qubit_clifford.py;v784_curve_code_2torsion.py;v785_hecke_check32.py;v786_prime_packet480.py;v787_hecke_arrow_broadcast.py;v788_positive_c2_lift.py;v789_multirate_constdepth.py;v790_snf_mu4_theta.py;v791_positive_descent.py;v792_ftransfer_kms_coset.py;v793_f8sector_conductor.py;v794_cp_extension_gate.py;v795_halving_tails_k5.py;v796_duad_syntheme_bridge.py;v797_r_microstate_identification.py;v798_seam_clifford_modular_s.py;v799_seam_code_typeii.py;v800_e8_torsor_fourier.py;v801_prime_cp_intertwiner.py;v802_gnet_martingale.py;v803_e8_jetcode_affine_nsr.py;v804_prime_carrier_gray.py;v805_e8_syndrome_algebra.py;v806_hecke_local_clifford.py;v807_lorentz_nullselector.py;v808_petersen_sixthroot.py;v809_curve_code_doily.py;v810_cutcode_moment.py;v811_prime_kraus_doily.py;v812_flavor_graph_filtration.py;v813_p1_index_kms.py;v814_k5_sixstep_transport.py;v815_kraus_spread_commutant.py;v816_prime_mosco_selection.py;v817_positive_descent_master.py;v818_sector_floor_attack.py;v819_prime_packet_rm14.py;v820_prime_kraus_rm24.py;v821_prime_vacuum35.py;v822_prime_vacuum_dilation.py;v823_prime_lagrange_floor.py;v824_prime_floor_skeleton.py;v825_prime_exclusion_ladder.py;v826_prime_exclusion_battery2.py;v827_prime_zero_locator.py;v828_prime_comb_window.py;v829_prime_floor_depth.py;v830_prime_float_budget.py;v831_prime_alias_second_moment.py;v832_anchor_flavor_checksum.py;v833_gaussian_ramification_ladder.py;v834_pg32_flag_completion.py;v835_corner_hjelmslev_tower.py;v836_commutant_sos_closure.py;v837_corner_closure_quantifier.py;v838_corner_expectation_position.py;v839_paircorr_bridge_saturation.py;v840_gue_ablation_loopgain.py;v841_relation_carrier_ladder.py;v842_excess_certified_skeleton.py;v843_margin_law_excess_lean.py;v88_cp_phase_audit.py;v92_glue_uniqueness.py,
website/lib/pyodide.ts,v100_numerology_null_mc.py;v1022_telb_round3_certificates.py;v1025_telb_c1_c2a_certificates.py;v1026_telb_round4_closure.py;v1033_charged_disorder.py;v1034_parent_mirror.py;v563_paper2_readouts.py;v84_frozen_registry.py;v909_finite_wall_closure.py;v910_finite_zero_transfer.py,
website/lib/release.ts,v1001_nu_pentagon_chain.py;v100_numerology_null_mc.py;v1022_telb_round3_certificates.py;v1025_telb_c1_c2a_certificates.py;v1026_telb_round4_closure.py;v1029_local_tensor_constraints.py;v1030_alg2_sector_frame.py;v1031_quantum_tensor_curvature.py;v1033_charged_disorder.py;v1034_parent_mirror.py;v1035_matter_coupling.py;v427_overdet_witness_map.py;v428_overdet_reclass.py;v431_e8_degree_ladder.py;v432_overdet_floor.py;v436_overdet_floor2.py;v689_gaussian_code_bridge.py;v690_quartic_half.py;v714_moonshot_hecke_groupoid.py;v716_moonshot_arch_glue.py;v721_k1_node_capture.py;v727_l1_identification.py;v734_s1_canonical.py;v998_seam_modular_closure.py,changelog;introduction;note_e8_gaussian_code;note_hilbert_polya_truncations;origin_theory;tfpt_1_architecture_e8;tfpt_2_standard_model;tfpt_3_e8_audit_bootstrap;tfpt_4_frontier;tfpt_5_redteam;tfpt_horizon_readouts;tfpt_research_contracts;tfpt_safeguards
website/lib/richtext.tsx,v219_icosahedral_mckay.py,changelog
README.md,v1022_telb_round3_certificates.py;v1025_telb_c1_c2a_certificates.py;v1026_telb_round4_closure.py;v1030_alg2_sector_frame.py;v1031_quantum_tensor_curvature.py;v1033_charged_disorder.py;v1034_parent_mirror.py;v1035_matter_coupling.py;v5_e8_cascade.py;v725_phys_vgeo_torsor_audit.py,tfpt_research_contracts
