src,dst,rel,strength
4d-lattice-contract,no-canonical-integer-label,BLOCKED_BY,CONDITIONAL
4d-lattice-contract,analytic-object,INSTANCE_OF,HEURISTIC
4d-lattice-contract,qca-dilation,REQUIRES,CONDITIONAL
4d-lattice-contract,event-log-function,WOULD_CLOSE,CONDITIONAL
absolute-twistor-line,arithmetic-geometry,INSTANCE_OF,HEURISTIC
absolute-twistor-line,all-place-tate-weil-realization,REQUIRES,HEURISTIC
additive-adeles,fourier-transform,DUAL_TO,THEOREM
additive-adeles,arithmetic-geometry,INSTANCE_OF,HEURISTIC
additive-adeles,explicit-formula,REDUCES_TO,THEOREM
adele-class-space,arithmetic-geometry,INSTANCE_OF,HEURISTIC
adele-class-space,additive-adeles,REQUIRES,CONDITIONAL
admissible-os-positive-measure,no-archimedean-prime-joint-space,BLOCKED_BY,CONDITIONAL
admissible-os-positive-measure,spectral-framework,INSTANCE_OF,HEURISTIC
all-order-compact-readout,research-question,INSTANCE_OF,HEURISTIC
all-order-compact-readout,/Users/stefanhamann/Documents/Codex/2026-09-04/scha-2/research/research_update_audit_20260909/README.md,USED_BY,HEURISTIC
all-order-compact-readout,/Users/stefanhamann/Documents/Codex/2026-09-04/scha-2/research/rh_fermion_event_identity_20260908/README.md,USED_BY,CONDITIONAL
all-order-compact-readout,/Users/stefanhamann/Documents/Codex/2026-09-04/scha-2/research/rh_zero_temperature_readout_20260908/README.md,USED_BY,CONDITIONAL
all-place-tate-weil-realization,fixed-finite-carrier-rank-obstruction,BLOCKED_BY,CONDITIONAL
all-place-tate-weil-realization,research-question,INSTANCE_OF,HEURISTIC
all-place-tate-weil-realization,arakelov-intersection,REQUIRES,CONDITIONAL
all-place-tate-weil-realization,arithmetic-hodge-index,REQUIRES,CONDITIONAL
all-place-tate-weil-realization,open-global-all-place-intersection,REQUIRES,CONDITIONAL
all-place-tate-weil-realization,weil-quadratic-form,WOULD_CLOSE,CONDITIONAL
analytic-object,experiments/tfpt-discovery/door_b_lambda_transport_probe.py,USED_BY,HEURISTIC
arakelov-intersection,arithmetic-geometry,INSTANCE_OF,HEURISTIC
arakelov-intersection,arithmetic-hodge-index,REQUIRES,THEOREM
arch-rate,analytic-object,INSTANCE_OF,HEURISTIC
arch-rate,weil-arch-term,REDUCES_TO,CONDITIONAL
arch-rate,rh/problem/arch_rate.pdf,USED_BY,HEURISTIC
arch-rate,rh/problem/arch_rate.tex,USED_BY,HEURISTIC
archimedean-dominance,weil-positivity,EQUIVALENT_TO,THEOREM
archimedean-dominance,positivity-criterion,INSTANCE_OF,HEURISTIC
archimedean-dominance,lstar-statement,REDUCES_TO,CONDITIONAL
archimedean-place,analytic-object,INSTANCE_OF,HEURISTIC
archimedean-place,experiments/tfpt-discovery/moonshot_arch_glue_probe.py,USED_BY,HEURISTIC
arithmetic-hodge-index,analytic-object,INSTANCE_OF,HEURISTIC
arithmetic-hodge-index,weil-conjectures,REQUIRES,CONDITIONAL
arithmetic-relative-corridor,spectral-framework,INSTANCE_OF,HEURISTIC
arithmetic-relative-corridor,whole-output-inverse-responses,REQUIRES,CONDITIONAL
arithmetic-relative-corridor,/Users/stefanhamann/Documents/Codex/2026-09-04/scha-2/research/rh_arithmetic_relative_correction_20260909/README.md,USED_BY,CONDITIONAL
arithmetic-topology-prime-knots,arithmetic-geometry,INSTANCE_OF,HEURISTIC
arithmetic-topology-prime-knots,deninger-foliated-dynamics,REQUIRES,HEURISTIC
baez-duarte-criterion,riemann-hypothesis,EQUIVALENT_TO,THEOREM
baez-duarte-criterion,positivity-criterion,INSTANCE_OF,HEURISTIC
baez-duarte-criterion,nyman-beurling-criterion,SPECIAL_CASE_OF,THEOREM
baez-duarte-criterion,experiments/tfpt-discovery/baez_duarte_probe.py,USED_BY,HEURISTIC
baez-duarte-criterion,verification/v667_baez_duarte.py,USED_BY,HEURISTIC
baez-duarte-rate-conjecture,baez-duarte-criterion,IMPLIES,THEOREM
baez-duarte-rate-conjecture,research-question,INSTANCE_OF,HEURISTIC
barrier-arch-compensation,obstruction-class,INSTANCE_OF,HEURISTIC
barrier-circularity,obstruction-class,INSTANCE_OF,HEURISTIC
barrier-circularity,experiments/tfpt-discovery/signed_border_mean_probe.py,KILLED_BY,HEURISTIC
barrier-circularity,experiments/tfpt-discovery/source_weyl_energy_probe.py,KILLED_BY,HEURISTIC
barrier-circularity,rh/problem/signed_border_mean.pdf,KILLED_BY,HEURISTIC
barrier-circularity,rh/problem/signed_border_mean.tex,KILLED_BY,HEURISTIC
barrier-circularity,experiments/tfpt-discovery/e8_kms_schur_parent_probe.py,USED_BY,HEURISTIC
barrier-circularity,experiments/tfpt-discovery/exclusion_zero_locator_probe.py,USED_BY,HEURISTIC
barrier-circularity,experiments/tfpt-discovery/lk_split_theta_probe.py,USED_BY,HEURISTIC
barrier-circularity,experiments/tfpt-discovery/signed_border_mean_probe.py,USED_BY,HEURISTIC
barrier-circularity,experiments/tfpt-discovery/source_weyl_energy_probe.py,USED_BY,HEURISTIC
barrier-circularity,rh/problem/signed_border_mean.pdf,USED_BY,HEURISTIC
barrier-circularity,rh/problem/signed_border_mean.tex,USED_BY,HEURISTIC
barrier-circularity,rh/problem/source_weyl_energy.pdf,USED_BY,HEURISTIC
barrier-circularity,rh/problem/source_weyl_energy.tex,USED_BY,HEURISTIC
barrier-circularity,rh/problem/verify_signed_border.py,USED_BY,HEURISTIC
barrier-finite-window-ceiling,obstruction-class,INSTANCE_OF,HEURISTIC
barrier-lossy-constant,obstruction-class,INSTANCE_OF,HEURISTIC
barrier-no-bridge,obstruction-class,INSTANCE_OF,HEURISTIC
barrier-nonreal-cofactor-zeros,obstruction-class,INSTANCE_OF,HEURISTIC
barrier-p2-defect,obstruction-class,INSTANCE_OF,HEURISTIC
barrier-pick-sign,obstruction-class,INSTANCE_OF,HEURISTIC
barrier-pole-mode,obstruction-class,INSTANCE_OF,HEURISTIC
barrier-prime-phase-coherence,obstruction-class,INSTANCE_OF,HEURISTIC
barrier-structural-mismatch,obstruction-class,INSTANCE_OF,HEURISTIC
barrier-unimodularity,obstruction-class,INSTANCE_OF,HEURISTIC
barrier-unimodularity,experiments/tfpt-discovery/e8_composite_gauss_result.json,KILLED_BY,HEURISTIC
barrier-unimodularity,experiments/tfpt-discovery/e8_composite_gauss_result.json,USED_BY,HEURISTIC
barrier-world-blind,obstruction-class,INSTANCE_OF,HEURISTIC
barrier-world-blind,experiments/tfpt-discovery/gabor_first_contact_selberg_probe.py,USED_BY,HEURISTIC
barrier-world-blind,experiments/tfpt-discovery/gabor_first_contact_selberg_result.json,USED_BY,HEURISTIC
barrier-world-blind,verification/v964_lstar_coherence_census.py,USED_BY,HEURISTIC
barrier-zero-denominator,obstruction-class,INSTANCE_OF,HEURISTIC
berkovich-bruhat-tits-geometry,arithmetic-geometry,INSTANCE_OF,HEURISTIC
berkovich-bruhat-tits-geometry,scaling-site,SPECIAL_CASE_OF,HEURISTIC
bernstein-function,completely-monotone,REQUIRES,THEOREM
berry-keating-dilation,spectral-framework,INSTANCE_OF,HEURISTIC
berry-keating-dilation,berry-keating-xp,SPECIAL_CASE_OF,HEURISTIC
berry-keating-dilation,event-log-function,WOULD_CLOSE,HEURISTIC
berry-keating-xp,spectral-framework,INSTANCE_OF,HEURISTIC
berry-keating-xp,hilbert-polya-operator,SPECIAL_CASE_OF,HEURISTIC
beurling-deny-criterion,positivity-semigroup,EQUIVALENT_TO,THEOREM
beurling-deny-criterion,positivity-criterion,INSTANCE_OF,HEURISTIC
beurling-deny-criterion,experiments/tfpt-discovery/bd_seam_probe.py,USED_BY,HEURISTIC
bohr-lift,spectral-framework,INSTANCE_OF,HEURISTIC
bohr-lift,prime-torus,REQUIRES,THEOREM
bost-connes-kms-system,analytic-object,INSTANCE_OF,HEURISTIC
bost-connes-kms-system,bost-connes-system,SPECIAL_CASE_OF,THEOREM
bost-connes-kms-system,event-log-function,WOULD_CLOSE,HEURISTIC
bost-connes-system,analytic-object,INSTANCE_OF,HEURISTIC
bost-connes-system,riemann-zeta,REALIZES,THEOREM
bost-connes-system,adele-class-space,REQUIRES,CONDITIONAL
bost-connes-system,experiments/tfpt-discovery/seam_bc_primon_bridge_probe.py,USED_BY,HEURISTIC
bruhat-tits-tree,arithmetic-geometry,INSTANCE_OF,HEURISTIC
bruhat-tits-tree,hecke-correspondence,REALIZES,CONDITIONAL
burnol-lower-bound,analytic-object,INSTANCE_OF,HEURISTIC
burnol-lower-bound,baez-duarte-rate-conjecture,REQUIRES,THEOREM
candidate-00ee7a7d71d24d9992dc,graph-bound-adaptive-rh-search,INSTANCE_OF,HEURISTIC
candidate-00ee7a7d71d24d9992dc,rh/catalog/research_engine/submissions/00ee7a7d71d24d9992dc.json,USED_BY,HEURISTIC
candidate-00ee7a7d71d24d9992dc,rh/catalog/research_engine/submissions/00ee7a7d71d24d9992dc.json,USED_BY,HEURISTIC
candidate-01c1c1f85b1922cd5555,graph-bound-adaptive-rh-search,INSTANCE_OF,HEURISTIC
candidate-01c1c1f85b1922cd5555,rh/catalog/research_engine/submissions/01c1c1f85b1922cd5555.json,USED_BY,HEURISTIC
candidate-01c1c1f85b1922cd5555,rh/catalog/research_engine/submissions/01c1c1f85b1922cd5555.json,USED_BY,HEURISTIC
candidate-02a3af21aad8e34acdac,graph-bound-adaptive-rh-search,INSTANCE_OF,HEURISTIC
candidate-02a3af21aad8e34acdac,rh/catalog/research_engine/submissions/02a3af21aad8e34acdac.json,USED_BY,HEURISTIC
candidate-02a3af21aad8e34acdac,rh/catalog/research_engine/submissions/02a3af21aad8e34acdac.json,USED_BY,HEURISTIC
candidate-02ab4dfa1b4f8fe3f653,graph-bound-adaptive-rh-search,INSTANCE_OF,HEURISTIC
candidate-02ab4dfa1b4f8fe3f653,rh/catalog/research_engine/submissions/02ab4dfa1b4f8fe3f653.json,USED_BY,HEURISTIC
candidate-02ab4dfa1b4f8fe3f653,rh/catalog/research_engine/submissions/02ab4dfa1b4f8fe3f653.json,USED_BY,HEURISTIC
candidate-04133e2e7b324db349c6,graph-bound-adaptive-rh-search,INSTANCE_OF,HEURISTIC
candidate-04133e2e7b324db349c6,rh/catalog/research_engine/submissions/04133e2e7b324db349c6.json,USED_BY,HEURISTIC
candidate-04133e2e7b324db349c6,rh/catalog/research_engine/submissions/04133e2e7b324db349c6.json,USED_BY,HEURISTIC
candidate-054838d44e5ebecca19f,graph-bound-adaptive-rh-search,INSTANCE_OF,HEURISTIC
candidate-054838d44e5ebecca19f,rh/catalog/research_engine/submissions/054838d44e5ebecca19f.json,USED_BY,HEURISTIC
candidate-054838d44e5ebecca19f,rh/catalog/research_engine/submissions/054838d44e5ebecca19f.json,USED_BY,HEURISTIC
candidate-197b476fcee6ddf87925,graph-bound-adaptive-rh-search,INSTANCE_OF,HEURISTIC
candidate-197b476fcee6ddf87925,rh/catalog/research_engine/submissions/197b476fcee6ddf87925.json,USED_BY,HEURISTIC
candidate-197b476fcee6ddf87925,rh/catalog/research_engine/submissions/197b476fcee6ddf87925.json,USED_BY,HEURISTIC
candidate-1b20bd62752303f80e3b,graph-bound-adaptive-rh-search,INSTANCE_OF,HEURISTIC
candidate-1b20bd62752303f80e3b,rh/catalog/research_engine/submissions/1b20bd62752303f80e3b.json,USED_BY,HEURISTIC
candidate-1b20bd62752303f80e3b,rh/catalog/research_engine/submissions/1b20bd62752303f80e3b.json,USED_BY,HEURISTIC
candidate-1d38897a7c613767cef1,graph-bound-adaptive-rh-search,INSTANCE_OF,HEURISTIC
candidate-1d38897a7c613767cef1,rh/catalog/research_engine/submissions/1d38897a7c613767cef1.json,USED_BY,HEURISTIC
candidate-1d38897a7c613767cef1,rh/catalog/research_engine/submissions/1d38897a7c613767cef1.json,USED_BY,HEURISTIC
candidate-1deef5a392a300dd18d3,graph-bound-adaptive-rh-search,INSTANCE_OF,HEURISTIC
candidate-1deef5a392a300dd18d3,rh/catalog/research_engine/submissions/1deef5a392a300dd18d3.json,USED_BY,HEURISTIC
candidate-1deef5a392a300dd18d3,rh/catalog/research_engine/submissions/1deef5a392a300dd18d3.json,USED_BY,HEURISTIC
candidate-1edaee96b51c865c6c96,graph-bound-adaptive-rh-search,INSTANCE_OF,HEURISTIC
candidate-1edaee96b51c865c6c96,rh/catalog/research_engine/submissions/1edaee96b51c865c6c96.json,USED_BY,HEURISTIC
candidate-1edaee96b51c865c6c96,rh/catalog/research_engine/submissions/1edaee96b51c865c6c96.json,USED_BY,HEURISTIC
candidate-2201c1f528e2ad759dbc,graph-bound-adaptive-rh-search,INSTANCE_OF,HEURISTIC
candidate-2201c1f528e2ad759dbc,rh/catalog/research_engine/submissions/2201c1f528e2ad759dbc.json,USED_BY,HEURISTIC
candidate-2201c1f528e2ad759dbc,rh/catalog/research_engine/submissions/2201c1f528e2ad759dbc.json,USED_BY,HEURISTIC
candidate-226bed110858038c9d22,graph-bound-adaptive-rh-search,INSTANCE_OF,HEURISTIC
candidate-226bed110858038c9d22,rh/catalog/research_engine/submissions/226bed110858038c9d22.json,USED_BY,HEURISTIC
candidate-226bed110858038c9d22,rh/catalog/research_engine/submissions/226bed110858038c9d22.json,USED_BY,HEURISTIC
candidate-22a7c052cefc781c698c,graph-bound-adaptive-rh-search,INSTANCE_OF,HEURISTIC
candidate-22a7c052cefc781c698c,rh/catalog/research_engine/submissions/22a7c052cefc781c698c.json,USED_BY,HEURISTIC
candidate-22a7c052cefc781c698c,rh/catalog/research_engine/submissions/22a7c052cefc781c698c.json,USED_BY,HEURISTIC
candidate-23ad10578c30a41c1dd9,graph-bound-adaptive-rh-search,INSTANCE_OF,HEURISTIC
candidate-23ad10578c30a41c1dd9,rh/catalog/research_engine/submissions/23ad10578c30a41c1dd9.json,USED_BY,HEURISTIC
candidate-23ad10578c30a41c1dd9,rh/catalog/research_engine/submissions/23ad10578c30a41c1dd9.json,USED_BY,HEURISTIC
candidate-2495edd2d4c00938ab67,graph-bound-adaptive-rh-search,INSTANCE_OF,HEURISTIC
candidate-2495edd2d4c00938ab67,rh/catalog/research_engine/submissions/2495edd2d4c00938ab67.json,USED_BY,HEURISTIC
candidate-2495edd2d4c00938ab67,rh/catalog/research_engine/submissions/2495edd2d4c00938ab67.json,USED_BY,HEURISTIC
candidate-24a4f0c34f23ace4b258,graph-bound-adaptive-rh-search,INSTANCE_OF,HEURISTIC
candidate-24a4f0c34f23ace4b258,rh/catalog/research_engine/submissions/24a4f0c34f23ace4b258.json,USED_BY,HEURISTIC
candidate-24a4f0c34f23ace4b258,rh/catalog/research_engine/submissions/24a4f0c34f23ace4b258.json,USED_BY,HEURISTIC
candidate-2665966261f63a5be264,graph-bound-adaptive-rh-search,INSTANCE_OF,HEURISTIC
candidate-2665966261f63a5be264,rh/catalog/research_engine/submissions/2665966261f63a5be264.json,USED_BY,HEURISTIC
candidate-2665966261f63a5be264,rh/catalog/research_engine/submissions/2665966261f63a5be264.json,USED_BY,HEURISTIC
candidate-2a5119f4be4d183f35ca,graph-bound-adaptive-rh-search,INSTANCE_OF,HEURISTIC
candidate-2a5119f4be4d183f35ca,rh/catalog/research_engine/submissions/2a5119f4be4d183f35ca.json,USED_BY,HEURISTIC
candidate-2a5119f4be4d183f35ca,rh/catalog/research_engine/submissions/2a5119f4be4d183f35ca.json,USED_BY,HEURISTIC
candidate-2bca6b421f2cab3db40d,graph-bound-adaptive-rh-search,INSTANCE_OF,HEURISTIC
candidate-2bca6b421f2cab3db40d,rh/catalog/research_engine/submissions/2bca6b421f2cab3db40d.json,USED_BY,HEURISTIC
candidate-2bca6b421f2cab3db40d,rh/catalog/research_engine/submissions/2bca6b421f2cab3db40d.json,USED_BY,HEURISTIC
candidate-2fe73304c82980ba7274,graph-bound-adaptive-rh-search,INSTANCE_OF,HEURISTIC
candidate-2fe73304c82980ba7274,rh/catalog/research_engine/submissions/2fe73304c82980ba7274.json,USED_BY,HEURISTIC
candidate-2fe73304c82980ba7274,rh/catalog/research_engine/submissions/2fe73304c82980ba7274.json,USED_BY,HEURISTIC
candidate-30e2c1ea8c5c34f23609,graph-bound-adaptive-rh-search,INSTANCE_OF,HEURISTIC
candidate-30e2c1ea8c5c34f23609,rh/catalog/research_engine/submissions/30e2c1ea8c5c34f23609.json,USED_BY,HEURISTIC
candidate-30e2c1ea8c5c34f23609,rh/catalog/research_engine/submissions/30e2c1ea8c5c34f23609.json,USED_BY,HEURISTIC
candidate-31f4cbc64c9fcf9a690e,graph-bound-adaptive-rh-search,INSTANCE_OF,HEURISTIC
candidate-31f4cbc64c9fcf9a690e,rh/catalog/research_engine/submissions/31f4cbc64c9fcf9a690e.json,USED_BY,HEURISTIC
candidate-31f4cbc64c9fcf9a690e,rh/catalog/research_engine/submissions/31f4cbc64c9fcf9a690e.json,USED_BY,HEURISTIC
candidate-396e2aed8501c2c6ec04,graph-bound-adaptive-rh-search,INSTANCE_OF,HEURISTIC
candidate-396e2aed8501c2c6ec04,rh/catalog/research_engine/submissions/396e2aed8501c2c6ec04.json,USED_BY,HEURISTIC
candidate-396e2aed8501c2c6ec04,rh/catalog/research_engine/submissions/396e2aed8501c2c6ec04.json,USED_BY,HEURISTIC
candidate-3ed8c913159a8e42fbfe,graph-bound-adaptive-rh-search,INSTANCE_OF,HEURISTIC
candidate-3ed8c913159a8e42fbfe,rh/catalog/research_engine/submissions/3ed8c913159a8e42fbfe.json,USED_BY,HEURISTIC
candidate-3ed8c913159a8e42fbfe,rh/catalog/research_engine/submissions/3ed8c913159a8e42fbfe.json,USED_BY,HEURISTIC
candidate-4465b0893e26290a5c71,graph-bound-adaptive-rh-search,INSTANCE_OF,HEURISTIC
candidate-4465b0893e26290a5c71,rh/catalog/research_engine/submissions/4465b0893e26290a5c71.json,USED_BY,HEURISTIC
candidate-4465b0893e26290a5c71,rh/catalog/research_engine/submissions/4465b0893e26290a5c71.json,USED_BY,HEURISTIC
candidate-44bdb8960247e9e41ddb,graph-bound-adaptive-rh-search,INSTANCE_OF,HEURISTIC
candidate-44bdb8960247e9e41ddb,rh/catalog/research_engine/submissions/44bdb8960247e9e41ddb.json,USED_BY,HEURISTIC
candidate-44bdb8960247e9e41ddb,rh/catalog/research_engine/submissions/44bdb8960247e9e41ddb.json,USED_BY,HEURISTIC
candidate-4805350b2720e3271e71,graph-bound-adaptive-rh-search,INSTANCE_OF,HEURISTIC
candidate-4805350b2720e3271e71,rh/catalog/research_engine/submissions/4805350b2720e3271e71.json,USED_BY,HEURISTIC
candidate-4805350b2720e3271e71,rh/catalog/research_engine/submissions/4805350b2720e3271e71.json,USED_BY,HEURISTIC
candidate-491b9280f7f01a8a37fe,graph-bound-adaptive-rh-search,INSTANCE_OF,HEURISTIC
candidate-491b9280f7f01a8a37fe,rh/catalog/research_engine/submissions/491b9280f7f01a8a37fe.json,USED_BY,HEURISTIC
candidate-491b9280f7f01a8a37fe,rh/catalog/research_engine/submissions/491b9280f7f01a8a37fe.json,USED_BY,HEURISTIC
candidate-49206e31105f9b010004,graph-bound-adaptive-rh-search,INSTANCE_OF,HEURISTIC
candidate-49206e31105f9b010004,rh/catalog/research_engine/submissions/49206e31105f9b010004.json,USED_BY,HEURISTIC
candidate-49206e31105f9b010004,rh/catalog/research_engine/submissions/49206e31105f9b010004.json,USED_BY,HEURISTIC
candidate-495998e71e8f4c789b64,graph-bound-adaptive-rh-search,INSTANCE_OF,HEURISTIC
candidate-495998e71e8f4c789b64,rh/catalog/research_engine/submissions/495998e71e8f4c789b64.json,USED_BY,HEURISTIC
candidate-495998e71e8f4c789b64,rh/catalog/research_engine/submissions/495998e71e8f4c789b64.json,USED_BY,HEURISTIC
candidate-503430682f427668488b,graph-bound-adaptive-rh-search,INSTANCE_OF,HEURISTIC
candidate-503430682f427668488b,rh/catalog/research_engine/submissions/503430682f427668488b.json,USED_BY,HEURISTIC
candidate-503430682f427668488b,rh/catalog/research_engine/submissions/503430682f427668488b.json,USED_BY,HEURISTIC
candidate-54871ccf0c417b1be1c5,graph-bound-adaptive-rh-search,INSTANCE_OF,HEURISTIC
candidate-54871ccf0c417b1be1c5,rh/catalog/research_engine/submissions/54871ccf0c417b1be1c5.json,USED_BY,HEURISTIC
candidate-54871ccf0c417b1be1c5,rh/catalog/research_engine/submissions/54871ccf0c417b1be1c5.json,USED_BY,HEURISTIC
candidate-55a4575c929b484cd6cf,graph-bound-adaptive-rh-search,INSTANCE_OF,HEURISTIC
candidate-55a4575c929b484cd6cf,rh/catalog/research_engine/submissions/55a4575c929b484cd6cf.json,USED_BY,HEURISTIC
candidate-55a4575c929b484cd6cf,rh/catalog/research_engine/submissions/55a4575c929b484cd6cf.json,USED_BY,HEURISTIC
candidate-56c71e165621d9782eab,graph-bound-adaptive-rh-search,INSTANCE_OF,HEURISTIC
candidate-56c71e165621d9782eab,rh/catalog/research_engine/submissions/56c71e165621d9782eab.json,USED_BY,HEURISTIC
candidate-56c71e165621d9782eab,rh/catalog/research_engine/submissions/56c71e165621d9782eab.json,USED_BY,HEURISTIC
candidate-56e2f7259d3e1eddfef2,graph-bound-adaptive-rh-search,INSTANCE_OF,HEURISTIC
candidate-56e2f7259d3e1eddfef2,rh/catalog/research_engine/submissions/56e2f7259d3e1eddfef2.json,USED_BY,HEURISTIC
candidate-56e2f7259d3e1eddfef2,rh/catalog/research_engine/submissions/56e2f7259d3e1eddfef2.json,USED_BY,HEURISTIC
candidate-58d51f149dd9b146c68f,graph-bound-adaptive-rh-search,INSTANCE_OF,HEURISTIC
candidate-58d51f149dd9b146c68f,rh/catalog/research_engine/submissions/58d51f149dd9b146c68f.json,USED_BY,HEURISTIC
candidate-58d51f149dd9b146c68f,rh/catalog/research_engine/submissions/58d51f149dd9b146c68f.json,USED_BY,HEURISTIC
candidate-59f266ce0bf6d8d3f736,graph-bound-adaptive-rh-search,INSTANCE_OF,HEURISTIC
candidate-59f266ce0bf6d8d3f736,rh/catalog/research_engine/submissions/59f266ce0bf6d8d3f736.json,USED_BY,HEURISTIC
candidate-59f266ce0bf6d8d3f736,rh/catalog/research_engine/submissions/59f266ce0bf6d8d3f736.json,USED_BY,HEURISTIC
candidate-5bb72a2dd025609bf7c8,graph-bound-adaptive-rh-search,INSTANCE_OF,HEURISTIC
candidate-5bb72a2dd025609bf7c8,rh/catalog/research_engine/submissions/5bb72a2dd025609bf7c8.json,USED_BY,HEURISTIC
candidate-5bb72a2dd025609bf7c8,rh/catalog/research_engine/submissions/5bb72a2dd025609bf7c8.json,USED_BY,HEURISTIC
candidate-5e61d54c7fc94ba87fb3,graph-bound-adaptive-rh-search,INSTANCE_OF,HEURISTIC
candidate-5e61d54c7fc94ba87fb3,rh/catalog/research_engine/submissions/5e61d54c7fc94ba87fb3.json,USED_BY,HEURISTIC
candidate-5e61d54c7fc94ba87fb3,rh/catalog/research_engine/submissions/5e61d54c7fc94ba87fb3.json,USED_BY,HEURISTIC
candidate-6593fe1682fa1c612586,graph-bound-adaptive-rh-search,INSTANCE_OF,HEURISTIC
candidate-6593fe1682fa1c612586,rh/catalog/research_engine/submissions/6593fe1682fa1c612586.json,USED_BY,HEURISTIC
candidate-6593fe1682fa1c612586,rh/catalog/research_engine/submissions/6593fe1682fa1c612586.json,USED_BY,HEURISTIC
candidate-6c63b79bc4b3ae978d4c,graph-bound-adaptive-rh-search,INSTANCE_OF,HEURISTIC
candidate-6c63b79bc4b3ae978d4c,rh/catalog/research_engine/submissions/6c63b79bc4b3ae978d4c.json,USED_BY,HEURISTIC
candidate-6c63b79bc4b3ae978d4c,rh/catalog/research_engine/submissions/6c63b79bc4b3ae978d4c.json,USED_BY,HEURISTIC
candidate-7632581451a561f8a598,graph-bound-adaptive-rh-search,INSTANCE_OF,HEURISTIC
candidate-7632581451a561f8a598,rh/catalog/research_engine/submissions/7632581451a561f8a598.json,USED_BY,HEURISTIC
candidate-7632581451a561f8a598,rh/catalog/research_engine/submissions/7632581451a561f8a598.json,USED_BY,HEURISTIC
candidate-7731668a96b791a00760,graph-bound-adaptive-rh-search,INSTANCE_OF,HEURISTIC
candidate-7731668a96b791a00760,rh/catalog/research_engine/submissions/7731668a96b791a00760.json,USED_BY,HEURISTIC
candidate-7731668a96b791a00760,rh/catalog/research_engine/submissions/7731668a96b791a00760.json,USED_BY,HEURISTIC
candidate-7c143aa16194c0430198,graph-bound-adaptive-rh-search,INSTANCE_OF,HEURISTIC
candidate-7c143aa16194c0430198,rh/catalog/research_engine/submissions/7c143aa16194c0430198.json,USED_BY,HEURISTIC
candidate-7c143aa16194c0430198,rh/catalog/research_engine/submissions/7c143aa16194c0430198.json,USED_BY,HEURISTIC
candidate-8089983e645565143e67,graph-bound-adaptive-rh-search,INSTANCE_OF,HEURISTIC
candidate-8089983e645565143e67,rh/catalog/research_engine/submissions/8089983e645565143e67.json,USED_BY,HEURISTIC
candidate-8089983e645565143e67,rh/catalog/research_engine/submissions/8089983e645565143e67.json,USED_BY,HEURISTIC
candidate-838b3b3d42bad99210ca,graph-bound-adaptive-rh-search,INSTANCE_OF,HEURISTIC
candidate-838b3b3d42bad99210ca,rh/catalog/research_engine/submissions/838b3b3d42bad99210ca.json,USED_BY,HEURISTIC
candidate-838b3b3d42bad99210ca,rh/catalog/research_engine/submissions/838b3b3d42bad99210ca.json,USED_BY,HEURISTIC
candidate-8660fe7a567215dc1e7d,graph-bound-adaptive-rh-search,INSTANCE_OF,HEURISTIC
candidate-8660fe7a567215dc1e7d,rh/catalog/research_engine/submissions/8660fe7a567215dc1e7d.json,USED_BY,HEURISTIC
candidate-8660fe7a567215dc1e7d,rh/catalog/research_engine/submissions/8660fe7a567215dc1e7d.json,USED_BY,HEURISTIC
candidate-86e1a0a653cc477a4c2e,graph-bound-adaptive-rh-search,INSTANCE_OF,HEURISTIC
candidate-86e1a0a653cc477a4c2e,rh/catalog/research_engine/submissions/86e1a0a653cc477a4c2e.json,USED_BY,HEURISTIC
candidate-86e1a0a653cc477a4c2e,rh/catalog/research_engine/submissions/86e1a0a653cc477a4c2e.json,USED_BY,HEURISTIC
candidate-8e6e2acd80d27c201412,graph-bound-adaptive-rh-search,INSTANCE_OF,HEURISTIC
candidate-8e6e2acd80d27c201412,rh/catalog/research_engine/submissions/8e6e2acd80d27c201412.json,USED_BY,HEURISTIC
candidate-8e6e2acd80d27c201412,rh/catalog/research_engine/submissions/8e6e2acd80d27c201412.json,USED_BY,HEURISTIC
candidate-8ea5f9a999677d8c1fc2,graph-bound-adaptive-rh-search,INSTANCE_OF,HEURISTIC
candidate-8ea5f9a999677d8c1fc2,rh/catalog/research_engine/submissions/8ea5f9a999677d8c1fc2.json,USED_BY,HEURISTIC
candidate-8ea5f9a999677d8c1fc2,rh/catalog/research_engine/submissions/8ea5f9a999677d8c1fc2.json,USED_BY,HEURISTIC
candidate-933e292f75fe6cccb46d,graph-bound-adaptive-rh-search,INSTANCE_OF,HEURISTIC
candidate-933e292f75fe6cccb46d,rh/catalog/research_engine/submissions/933e292f75fe6cccb46d.json,USED_BY,HEURISTIC
candidate-933e292f75fe6cccb46d,rh/catalog/research_engine/submissions/933e292f75fe6cccb46d.json,USED_BY,HEURISTIC
candidate-943a24806adc5110bfac,graph-bound-adaptive-rh-search,INSTANCE_OF,HEURISTIC
candidate-943a24806adc5110bfac,rh/catalog/research_engine/submissions/943a24806adc5110bfac.json,USED_BY,HEURISTIC
candidate-943a24806adc5110bfac,rh/catalog/research_engine/submissions/943a24806adc5110bfac.json,USED_BY,HEURISTIC
candidate-952ab0ef9e61a6314ee0,graph-bound-adaptive-rh-search,INSTANCE_OF,HEURISTIC
candidate-952ab0ef9e61a6314ee0,rh/catalog/research_engine/submissions/952ab0ef9e61a6314ee0.json,USED_BY,HEURISTIC
candidate-952ab0ef9e61a6314ee0,rh/catalog/research_engine/submissions/952ab0ef9e61a6314ee0.json,USED_BY,HEURISTIC
candidate-9649bf8ecce60a8a3e38,graph-bound-adaptive-rh-search,INSTANCE_OF,HEURISTIC
candidate-9649bf8ecce60a8a3e38,rh/catalog/research_engine/submissions/9649bf8ecce60a8a3e38.json,USED_BY,HEURISTIC
candidate-9649bf8ecce60a8a3e38,rh/catalog/research_engine/submissions/9649bf8ecce60a8a3e38.json,USED_BY,HEURISTIC
candidate-98376f761b136af87a3a,graph-bound-adaptive-rh-search,INSTANCE_OF,HEURISTIC
candidate-98376f761b136af87a3a,rh/catalog/research_engine/submissions/98376f761b136af87a3a.json,USED_BY,HEURISTIC
candidate-98376f761b136af87a3a,rh/catalog/research_engine/submissions/98376f761b136af87a3a.json,USED_BY,HEURISTIC
candidate-9b5df48ca2a537b5f090,graph-bound-adaptive-rh-search,INSTANCE_OF,HEURISTIC
candidate-9b5df48ca2a537b5f090,rh/catalog/research_engine/submissions/9b5df48ca2a537b5f090.json,USED_BY,HEURISTIC
candidate-9b5df48ca2a537b5f090,rh/catalog/research_engine/submissions/9b5df48ca2a537b5f090.json,USED_BY,HEURISTIC
candidate-9bafcb5d890ed63b1583,graph-bound-adaptive-rh-search,INSTANCE_OF,HEURISTIC
candidate-9bafcb5d890ed63b1583,rh/catalog/research_engine/submissions/9bafcb5d890ed63b1583.json,USED_BY,HEURISTIC
candidate-9bafcb5d890ed63b1583,rh/catalog/research_engine/submissions/9bafcb5d890ed63b1583.json,USED_BY,HEURISTIC
candidate-9fb53ea037ff5464edee,graph-bound-adaptive-rh-search,INSTANCE_OF,HEURISTIC
candidate-9fb53ea037ff5464edee,rh/catalog/research_engine/submissions/9fb53ea037ff5464edee.json,USED_BY,HEURISTIC
candidate-9fb53ea037ff5464edee,rh/catalog/research_engine/submissions/9fb53ea037ff5464edee.json,USED_BY,HEURISTIC
candidate-a04ac936f779ff00b5f1,graph-bound-adaptive-rh-search,INSTANCE_OF,HEURISTIC
candidate-a04ac936f779ff00b5f1,rh/catalog/research_engine/submissions/a04ac936f779ff00b5f1.json,USED_BY,HEURISTIC
candidate-a04ac936f779ff00b5f1,rh/catalog/research_engine/submissions/a04ac936f779ff00b5f1.json,USED_BY,HEURISTIC
candidate-a05d2c08c25414107b60,graph-bound-adaptive-rh-search,INSTANCE_OF,HEURISTIC
candidate-a05d2c08c25414107b60,rh/catalog/research_engine/submissions/a05d2c08c25414107b60.json,USED_BY,HEURISTIC
candidate-a05d2c08c25414107b60,rh/catalog/research_engine/submissions/a05d2c08c25414107b60.json,USED_BY,HEURISTIC
candidate-a0f8aa486f0f64c03825,graph-bound-adaptive-rh-search,INSTANCE_OF,HEURISTIC
candidate-a0f8aa486f0f64c03825,rh/catalog/research_engine/submissions/a0f8aa486f0f64c03825.json,USED_BY,HEURISTIC
candidate-a0f8aa486f0f64c03825,rh/catalog/research_engine/submissions/a0f8aa486f0f64c03825.json,USED_BY,HEURISTIC
candidate-a4e723ed85107148e5cd,graph-bound-adaptive-rh-search,INSTANCE_OF,HEURISTIC
candidate-a4e723ed85107148e5cd,rh/catalog/research_engine/submissions/a4e723ed85107148e5cd.json,USED_BY,HEURISTIC
candidate-a4e723ed85107148e5cd,rh/catalog/research_engine/submissions/a4e723ed85107148e5cd.json,USED_BY,HEURISTIC
candidate-adf473a211e62d082946,graph-bound-adaptive-rh-search,INSTANCE_OF,HEURISTIC
candidate-adf473a211e62d082946,rh/catalog/research_engine/submissions/adf473a211e62d082946.json,USED_BY,HEURISTIC
candidate-adf473a211e62d082946,rh/catalog/research_engine/submissions/adf473a211e62d082946.json,USED_BY,HEURISTIC
candidate-b0191b67d2f7cbab9df2,graph-bound-adaptive-rh-search,INSTANCE_OF,HEURISTIC
candidate-b0191b67d2f7cbab9df2,rh/catalog/research_engine/submissions/b0191b67d2f7cbab9df2.json,USED_BY,HEURISTIC
candidate-b0191b67d2f7cbab9df2,rh/catalog/research_engine/submissions/b0191b67d2f7cbab9df2.json,USED_BY,HEURISTIC
candidate-b17d002396911bfee16f,graph-bound-adaptive-rh-search,INSTANCE_OF,HEURISTIC
candidate-b17d002396911bfee16f,rh/catalog/research_engine/submissions/b17d002396911bfee16f.json,USED_BY,HEURISTIC
candidate-b17d002396911bfee16f,rh/catalog/research_engine/submissions/b17d002396911bfee16f.json,USED_BY,HEURISTIC
candidate-b1e3d23bbf7959bf7058,graph-bound-adaptive-rh-search,INSTANCE_OF,HEURISTIC
candidate-b1e3d23bbf7959bf7058,rh/catalog/research_engine/submissions/b1e3d23bbf7959bf7058.json,USED_BY,HEURISTIC
candidate-b1e3d23bbf7959bf7058,rh/catalog/research_engine/submissions/b1e3d23bbf7959bf7058.json,USED_BY,HEURISTIC
candidate-b2d1536430b4160671da,graph-bound-adaptive-rh-search,INSTANCE_OF,HEURISTIC
candidate-b2d1536430b4160671da,rh/catalog/research_engine/submissions/b2d1536430b4160671da.json,USED_BY,HEURISTIC
candidate-b2d1536430b4160671da,rh/catalog/research_engine/submissions/b2d1536430b4160671da.json,USED_BY,HEURISTIC
candidate-b7b5d259fb821653794b,graph-bound-adaptive-rh-search,INSTANCE_OF,HEURISTIC
candidate-b7b5d259fb821653794b,rh/catalog/research_engine/submissions/b7b5d259fb821653794b.json,USED_BY,HEURISTIC
candidate-b7b5d259fb821653794b,rh/catalog/research_engine/submissions/b7b5d259fb821653794b.json,USED_BY,HEURISTIC
candidate-bd2948c33ea1366efeb2,graph-bound-adaptive-rh-search,INSTANCE_OF,HEURISTIC
candidate-bd2948c33ea1366efeb2,rh/catalog/research_engine/submissions/bd2948c33ea1366efeb2.json,USED_BY,HEURISTIC
candidate-bd2948c33ea1366efeb2,rh/catalog/research_engine/submissions/bd2948c33ea1366efeb2.json,USED_BY,HEURISTIC
candidate-befea4742a94a35e4201,graph-bound-adaptive-rh-search,INSTANCE_OF,HEURISTIC
candidate-befea4742a94a35e4201,rh/catalog/research_engine/submissions/befea4742a94a35e4201.json,USED_BY,HEURISTIC
candidate-befea4742a94a35e4201,rh/catalog/research_engine/submissions/befea4742a94a35e4201.json,USED_BY,HEURISTIC
candidate-c01cb4a6cd94ae40bfa8,graph-bound-adaptive-rh-search,INSTANCE_OF,HEURISTIC
candidate-c01cb4a6cd94ae40bfa8,rh/catalog/research_engine/submissions/c01cb4a6cd94ae40bfa8.json,USED_BY,HEURISTIC
candidate-c01cb4a6cd94ae40bfa8,rh/catalog/research_engine/submissions/c01cb4a6cd94ae40bfa8.json,USED_BY,HEURISTIC
candidate-c7a5b9a901d71e4e3992,graph-bound-adaptive-rh-search,INSTANCE_OF,HEURISTIC
candidate-c7a5b9a901d71e4e3992,rh/catalog/research_engine/submissions/c7a5b9a901d71e4e3992.json,USED_BY,HEURISTIC
candidate-c7a5b9a901d71e4e3992,rh/catalog/research_engine/submissions/c7a5b9a901d71e4e3992.json,USED_BY,HEURISTIC
candidate-cab32e6011ca282684e1,graph-bound-adaptive-rh-search,INSTANCE_OF,HEURISTIC
candidate-cab32e6011ca282684e1,rh/catalog/research_engine/submissions/cab32e6011ca282684e1.json,USED_BY,HEURISTIC
candidate-cab32e6011ca282684e1,rh/catalog/research_engine/submissions/cab32e6011ca282684e1.json,USED_BY,HEURISTIC
candidate-cc2897fe68d1da8a9cd0,graph-bound-adaptive-rh-search,INSTANCE_OF,HEURISTIC
candidate-cc2897fe68d1da8a9cd0,rh/catalog/research_engine/submissions/cc2897fe68d1da8a9cd0.json,USED_BY,HEURISTIC
candidate-cc2897fe68d1da8a9cd0,rh/catalog/research_engine/submissions/cc2897fe68d1da8a9cd0.json,USED_BY,HEURISTIC
candidate-cc857032ec0523eff1a0,graph-bound-adaptive-rh-search,INSTANCE_OF,HEURISTIC
candidate-cc857032ec0523eff1a0,rh/catalog/research_engine/submissions/cc857032ec0523eff1a0.json,USED_BY,HEURISTIC
candidate-cc857032ec0523eff1a0,rh/catalog/research_engine/submissions/cc857032ec0523eff1a0.json,USED_BY,HEURISTIC
candidate-cf3e42f061fc941ef1cb,graph-bound-adaptive-rh-search,INSTANCE_OF,HEURISTIC
candidate-cf3e42f061fc941ef1cb,rh/catalog/research_engine/submissions/cf3e42f061fc941ef1cb.json,USED_BY,HEURISTIC
candidate-cf3e42f061fc941ef1cb,rh/catalog/research_engine/submissions/cf3e42f061fc941ef1cb.json,USED_BY,HEURISTIC
candidate-cf7c855ae564f86c79fd,graph-bound-adaptive-rh-search,INSTANCE_OF,HEURISTIC
candidate-cf7c855ae564f86c79fd,rh/catalog/research_engine/submissions/cf7c855ae564f86c79fd.json,USED_BY,HEURISTIC
candidate-cf7c855ae564f86c79fd,rh/catalog/research_engine/submissions/cf7c855ae564f86c79fd.json,USED_BY,HEURISTIC
candidate-d5b566672d584b3f6168,graph-bound-adaptive-rh-search,INSTANCE_OF,HEURISTIC
candidate-d5b566672d584b3f6168,rh/catalog/research_engine/submissions/d5b566672d584b3f6168.json,USED_BY,HEURISTIC
candidate-d5b566672d584b3f6168,rh/catalog/research_engine/submissions/d5b566672d584b3f6168.json,USED_BY,HEURISTIC
candidate-d65295d5e3fe40fb3701,graph-bound-adaptive-rh-search,INSTANCE_OF,HEURISTIC
candidate-d65295d5e3fe40fb3701,rh/catalog/research_engine/submissions/d65295d5e3fe40fb3701.json,USED_BY,HEURISTIC
candidate-d65295d5e3fe40fb3701,rh/catalog/research_engine/submissions/d65295d5e3fe40fb3701.json,USED_BY,HEURISTIC
candidate-daa5ba359ceb354e2f88,graph-bound-adaptive-rh-search,INSTANCE_OF,HEURISTIC
candidate-daa5ba359ceb354e2f88,rh/catalog/research_engine/submissions/daa5ba359ceb354e2f88.json,USED_BY,HEURISTIC
candidate-daa5ba359ceb354e2f88,rh/catalog/research_engine/submissions/daa5ba359ceb354e2f88.json,USED_BY,HEURISTIC
candidate-dee4dbd465492c8a29b0,graph-bound-adaptive-rh-search,INSTANCE_OF,HEURISTIC
candidate-dee4dbd465492c8a29b0,rh/catalog/research_engine/submissions/dee4dbd465492c8a29b0.json,USED_BY,HEURISTIC
candidate-dee4dbd465492c8a29b0,rh/catalog/research_engine/submissions/dee4dbd465492c8a29b0.json,USED_BY,HEURISTIC
candidate-e4804354c70a3c1992c9,graph-bound-adaptive-rh-search,INSTANCE_OF,HEURISTIC
candidate-e4804354c70a3c1992c9,rh/catalog/research_engine/submissions/e4804354c70a3c1992c9.json,USED_BY,HEURISTIC
candidate-e4804354c70a3c1992c9,rh/catalog/research_engine/submissions/e4804354c70a3c1992c9.json,USED_BY,HEURISTIC
candidate-ed34b2d2f5ac4f46c5cf,graph-bound-adaptive-rh-search,INSTANCE_OF,HEURISTIC
candidate-ed34b2d2f5ac4f46c5cf,rh/catalog/research_engine/submissions/ed34b2d2f5ac4f46c5cf.json,USED_BY,HEURISTIC
candidate-ed34b2d2f5ac4f46c5cf,rh/catalog/research_engine/submissions/ed34b2d2f5ac4f46c5cf.json,USED_BY,HEURISTIC
candidate-f50550d0b55c8398f7f7,graph-bound-adaptive-rh-search,INSTANCE_OF,HEURISTIC
candidate-f50550d0b55c8398f7f7,rh/catalog/research_engine/submissions/f50550d0b55c8398f7f7.json,USED_BY,HEURISTIC
candidate-f50550d0b55c8398f7f7,rh/catalog/research_engine/submissions/f50550d0b55c8398f7f7.json,USED_BY,HEURISTIC
candidate-f529de163b9eff9064ec,graph-bound-adaptive-rh-search,INSTANCE_OF,HEURISTIC
candidate-f529de163b9eff9064ec,rh/catalog/research_engine/submissions/f529de163b9eff9064ec.json,USED_BY,HEURISTIC
candidate-f529de163b9eff9064ec,rh/catalog/research_engine/submissions/f529de163b9eff9064ec.json,USED_BY,HEURISTIC
candidate-f9f81a97bebf4e47a2dc,graph-bound-adaptive-rh-search,INSTANCE_OF,HEURISTIC
candidate-f9f81a97bebf4e47a2dc,rh/catalog/research_engine/submissions/f9f81a97bebf4e47a2dc.json,USED_BY,HEURISTIC
candidate-f9f81a97bebf4e47a2dc,rh/catalog/research_engine/submissions/f9f81a97bebf4e47a2dc.json,USED_BY,HEURISTIC
candidate-fca79d9e6596a5e41121,graph-bound-adaptive-rh-search,INSTANCE_OF,HEURISTIC
candidate-fca79d9e6596a5e41121,rh/catalog/research_engine/submissions/fca79d9e6596a5e41121.json,USED_BY,HEURISTIC
candidate-fca79d9e6596a5e41121,rh/catalog/research_engine/submissions/fca79d9e6596a5e41121.json,USED_BY,HEURISTIC
candidate-result-029142c798de0d8544a3,candidate-9fb53ea037ff5464edee,CO_OCCURS,HEURISTIC
candidate-result-029142c798de0d8544a3,rh/catalog/research_engine/results/9fb53ea037ff5464edee-707dddd23bc1fa457b96.json,USED_BY,HEURISTIC
candidate-result-0f93bc1fe901e04be3c4,candidate-31f4cbc64c9fcf9a690e,CO_OCCURS,HEURISTIC
candidate-result-0f93bc1fe901e04be3c4,rh/catalog/research_engine/results/31f4cbc64c9fcf9a690e-0ccba4c1570398b97848.json,USED_BY,HEURISTIC
candidate-result-1190c003db8bc4724c0e,candidate-44bdb8960247e9e41ddb,CO_OCCURS,HEURISTIC
candidate-result-1190c003db8bc4724c0e,rh/catalog/research_engine/results/44bdb8960247e9e41ddb-d7cd51360b513d5f329c.json,USED_BY,HEURISTIC
candidate-result-190162d41fd9545c0e9d,candidate-c7a5b9a901d71e4e3992,CO_OCCURS,HEURISTIC
candidate-result-190162d41fd9545c0e9d,rh/catalog/research_engine/results/c7a5b9a901d71e4e3992-49f33427ef7bf8def3fd.json,USED_BY,HEURISTIC
candidate-result-279cdeedd67d267c1590,candidate-054838d44e5ebecca19f,CO_OCCURS,HEURISTIC
candidate-result-279cdeedd67d267c1590,rh/catalog/research_engine/results/054838d44e5ebecca19f-8ea50ab6b1b9ece914cd.json,USED_BY,HEURISTIC
candidate-result-2a7c787d89c5c1eb26fc,candidate-b0191b67d2f7cbab9df2,CO_OCCURS,HEURISTIC
candidate-result-2a7c787d89c5c1eb26fc,rh/catalog/research_engine/results/b0191b67d2f7cbab9df2-e351803cb77e48208d8e.json,USED_BY,HEURISTIC
candidate-result-37a5612b42c3f7dccea7,candidate-197b476fcee6ddf87925,CO_OCCURS,HEURISTIC
candidate-result-37a5612b42c3f7dccea7,rh/catalog/research_engine/results/197b476fcee6ddf87925-7e6b629d2b396dd307c6.json,USED_BY,HEURISTIC
candidate-result-3838f9bcd48da6ef4578,candidate-3ed8c913159a8e42fbfe,CO_OCCURS,HEURISTIC
candidate-result-3838f9bcd48da6ef4578,rh/catalog/research_engine/results/3ed8c913159a8e42fbfe-1d31edad4059e269a417.json,USED_BY,HEURISTIC
candidate-result-399c0d09cc38b47b3a58,candidate-23ad10578c30a41c1dd9,CO_OCCURS,HEURISTIC
candidate-result-399c0d09cc38b47b3a58,rh/catalog/research_engine/results/23ad10578c30a41c1dd9-c5aeb50cef50e8b6d0ab.json,USED_BY,HEURISTIC
candidate-result-3c11d1bc6e2942b24ced,candidate-226bed110858038c9d22,CO_OCCURS,HEURISTIC
candidate-result-3c11d1bc6e2942b24ced,rh/catalog/research_engine/results/226bed110858038c9d22-836d2c397f1aa94e1d32.json,USED_BY,HEURISTIC
candidate-result-3ea68f85c59d5ae67aa6,candidate-9b5df48ca2a537b5f090,CO_OCCURS,HEURISTIC
candidate-result-3ea68f85c59d5ae67aa6,rh/catalog/research_engine/results/9b5df48ca2a537b5f090-3a2372c7adfc6272f5ee.json,USED_BY,HEURISTIC
candidate-result-4573cc23ac603024d3d9,candidate-86e1a0a653cc477a4c2e,CO_OCCURS,HEURISTIC
candidate-result-4573cc23ac603024d3d9,rh/catalog/research_engine/results/86e1a0a653cc477a4c2e-982f6f9e923d4ed4aa06.json,USED_BY,HEURISTIC
candidate-result-45b484a42b993157e4f7,candidate-30e2c1ea8c5c34f23609,CO_OCCURS,HEURISTIC
candidate-result-45b484a42b993157e4f7,rh/catalog/research_engine/results/30e2c1ea8c5c34f23609-fe7f92c213b7542a08b6.json,USED_BY,HEURISTIC
candidate-result-46f91e27428c25d15f70,candidate-5e61d54c7fc94ba87fb3,CO_OCCURS,HEURISTIC
candidate-result-46f91e27428c25d15f70,rh/catalog/research_engine/results/5e61d54c7fc94ba87fb3-9ff1795eb8cdce256fab.json,USED_BY,HEURISTIC
candidate-result-490082e1d4c54bdf437d,candidate-4805350b2720e3271e71,CO_OCCURS,HEURISTIC
candidate-result-490082e1d4c54bdf437d,rh/catalog/research_engine/results/4805350b2720e3271e71-14793f3d1f870fca9cf9.json,USED_BY,HEURISTIC
candidate-result-4a52671b1b2fa9aa05f8,candidate-00ee7a7d71d24d9992dc,CO_OCCURS,HEURISTIC
candidate-result-4a52671b1b2fa9aa05f8,rh/catalog/research_engine/results/00ee7a7d71d24d9992dc-137733c98f183a37d23f.json,USED_BY,HEURISTIC
candidate-result-50e89376541ff0409cb1,candidate-396e2aed8501c2c6ec04,CO_OCCURS,HEURISTIC
candidate-result-50e89376541ff0409cb1,rh/catalog/research_engine/results/396e2aed8501c2c6ec04-869050aa2e95e1ea1fa1.json,USED_BY,HEURISTIC
candidate-result-51e823ea2b411fa9b75a,candidate-dee4dbd465492c8a29b0,CO_OCCURS,HEURISTIC
candidate-result-51e823ea2b411fa9b75a,rh/catalog/research_engine/results/dee4dbd465492c8a29b0-fa8365b8fab9a2525941.json,USED_BY,HEURISTIC
candidate-result-52ac4256f8ebf9b82962,candidate-2bca6b421f2cab3db40d,CO_OCCURS,HEURISTIC
candidate-result-52ac4256f8ebf9b82962,rh/catalog/research_engine/results/2bca6b421f2cab3db40d-917e012b83ea0594ce16.json,USED_BY,HEURISTIC
candidate-result-554d3e7b16a5896a18bc,candidate-2495edd2d4c00938ab67,CO_OCCURS,HEURISTIC
candidate-result-554d3e7b16a5896a18bc,rh/catalog/research_engine/results/2495edd2d4c00938ab67-7859bd6009c4686b82b2.json,USED_BY,HEURISTIC
candidate-result-55e9be66d1d013fa7da4,candidate-503430682f427668488b,CO_OCCURS,HEURISTIC
candidate-result-55e9be66d1d013fa7da4,rh/catalog/research_engine/results/503430682f427668488b-db9d173c181a3bc7b182.json,USED_BY,HEURISTIC
candidate-result-564bc4fc0ce2652e154b,candidate-56e2f7259d3e1eddfef2,CO_OCCURS,HEURISTIC
candidate-result-564bc4fc0ce2652e154b,rh/catalog/research_engine/results/56e2f7259d3e1eddfef2-d8a10c59661f08dc71b1.json,USED_BY,HEURISTIC
candidate-result-57f7d3c468cf06016740,candidate-2fe73304c82980ba7274,CO_OCCURS,HEURISTIC
candidate-result-57f7d3c468cf06016740,rh/catalog/research_engine/results/2fe73304c82980ba7274-f2a80208450f2bf5cbef.json,USED_BY,HEURISTIC
candidate-result-58efaaa44d2a00552c7e,candidate-cf7c855ae564f86c79fd,CO_OCCURS,HEURISTIC
candidate-result-58efaaa44d2a00552c7e,rh/catalog/research_engine/results/cf7c855ae564f86c79fd-3e303f5d4089c67dcce5.json,USED_BY,HEURISTIC
candidate-result-5b0e007b8be88d7da20f,candidate-2665966261f63a5be264,CO_OCCURS,HEURISTIC
candidate-result-5b0e007b8be88d7da20f,rh/catalog/research_engine/results/2665966261f63a5be264-c1833814d2b315557703.json,USED_BY,HEURISTIC
candidate-result-60d67240feaf64bf4e54,candidate-ed34b2d2f5ac4f46c5cf,CO_OCCURS,HEURISTIC
candidate-result-60d67240feaf64bf4e54,rh/catalog/research_engine/results/ed34b2d2f5ac4f46c5cf-17dde544f9dc30d52e0f.json,USED_BY,HEURISTIC
candidate-result-61d4555cfc4218de00a4,candidate-24a4f0c34f23ace4b258,CO_OCCURS,HEURISTIC
candidate-result-61d4555cfc4218de00a4,rh/catalog/research_engine/results/24a4f0c34f23ace4b258-6f69746427ddfd2d56d1.json,USED_BY,HEURISTIC
candidate-result-64f2ae2dd1d363c8f428,candidate-daa5ba359ceb354e2f88,CO_OCCURS,HEURISTIC
candidate-result-64f2ae2dd1d363c8f428,rh/catalog/research_engine/results/daa5ba359ceb354e2f88-e44ecb341937c401af9f.json,USED_BY,HEURISTIC
candidate-result-6500c8d1b9e5aab35b49,candidate-fca79d9e6596a5e41121,CO_OCCURS,HEURISTIC
candidate-result-6500c8d1b9e5aab35b49,rh/catalog/research_engine/results/fca79d9e6596a5e41121-e7e0d3617ea12a06a89e.json,USED_BY,HEURISTIC
candidate-result-68862251b54225060bb8,candidate-bd2948c33ea1366efeb2,CO_OCCURS,HEURISTIC
candidate-result-68862251b54225060bb8,rh/catalog/research_engine/results/bd2948c33ea1366efeb2-36af07e1911381ace9a3.json,USED_BY,HEURISTIC
candidate-result-6b3e5371a2f381ce8628,candidate-cab32e6011ca282684e1,CO_OCCURS,HEURISTIC
candidate-result-6b3e5371a2f381ce8628,rh/catalog/research_engine/results/cab32e6011ca282684e1-8cfc42a7b06935836ddd.json,USED_BY,HEURISTIC
candidate-result-76cd70ca06dce3db9bd6,candidate-a04ac936f779ff00b5f1,CO_OCCURS,HEURISTIC
candidate-result-76cd70ca06dce3db9bd6,rh/catalog/research_engine/results/a04ac936f779ff00b5f1-4197857072240bc1c0c9.json,USED_BY,HEURISTIC
candidate-result-79a0f1b6ed613b2f4994,candidate-8e6e2acd80d27c201412,CO_OCCURS,HEURISTIC
candidate-result-79a0f1b6ed613b2f4994,rh/catalog/research_engine/results/8e6e2acd80d27c201412-3b5592ee1b81c4925fbb.json,USED_BY,HEURISTIC
candidate-result-7c7d0340e69465beeba6,candidate-8089983e645565143e67,CO_OCCURS,HEURISTIC
candidate-result-7c7d0340e69465beeba6,rh/catalog/research_engine/results/8089983e645565143e67-54d2d2aa3c153b463d12.json,USED_BY,HEURISTIC
candidate-result-7d599490bbaf93fc48d9,candidate-02ab4dfa1b4f8fe3f653,CO_OCCURS,HEURISTIC
candidate-result-7d599490bbaf93fc48d9,rh/catalog/research_engine/results/02ab4dfa1b4f8fe3f653-1448eda75c0d9f7c54b9.json,USED_BY,HEURISTIC
candidate-result-88634db50fb791bcbee6,candidate-2201c1f528e2ad759dbc,CO_OCCURS,HEURISTIC
candidate-result-88634db50fb791bcbee6,rh/catalog/research_engine/results/2201c1f528e2ad759dbc-4a8a1a6ff153a8459fdd.json,USED_BY,HEURISTIC
candidate-result-8f099aae6cba173aab6c,candidate-56c71e165621d9782eab,CO_OCCURS,HEURISTIC
candidate-result-8f099aae6cba173aab6c,rh/catalog/research_engine/results/56c71e165621d9782eab-81d325a2648236d38357.json,USED_BY,HEURISTIC
candidate-result-90b6c1b2b0b723a069fe,candidate-933e292f75fe6cccb46d,CO_OCCURS,HEURISTIC
candidate-result-90b6c1b2b0b723a069fe,rh/catalog/research_engine/results/933e292f75fe6cccb46d-2935d1f45ad3a4081572.json,USED_BY,HEURISTIC
candidate-result-91e3a350d61e0ef6078f,candidate-d5b566672d584b3f6168,CO_OCCURS,HEURISTIC
candidate-result-91e3a350d61e0ef6078f,rh/catalog/research_engine/results/d5b566672d584b3f6168-175d112bbfa03b23ca4f.json,USED_BY,HEURISTIC
candidate-result-9308479eb48ef4fb9951,candidate-58d51f149dd9b146c68f,CO_OCCURS,HEURISTIC
candidate-result-9308479eb48ef4fb9951,rh/catalog/research_engine/results/58d51f149dd9b146c68f-7ded60fa159efe3fedfc.json,USED_BY,HEURISTIC
candidate-result-9586530db5ac68141d6a,candidate-6c63b79bc4b3ae978d4c,CO_OCCURS,HEURISTIC
candidate-result-9586530db5ac68141d6a,rh/catalog/research_engine/results/6c63b79bc4b3ae978d4c-b2058615bc29ef758d1a.json,USED_BY,HEURISTIC
candidate-result-97472ae6db81578ad2aa,candidate-98376f761b136af87a3a,CO_OCCURS,HEURISTIC
candidate-result-97472ae6db81578ad2aa,rh/catalog/research_engine/results/98376f761b136af87a3a-b7bc220266499bd84e80.json,USED_BY,HEURISTIC
candidate-result-9d7bb330a5d5b0c6a56d,candidate-8660fe7a567215dc1e7d,CO_OCCURS,HEURISTIC
candidate-result-9d7bb330a5d5b0c6a56d,rh/catalog/research_engine/results/8660fe7a567215dc1e7d-0ad3a93e9fffed8fce47.json,USED_BY,HEURISTIC
candidate-result-a307ce53ef12a40107de,candidate-c01cb4a6cd94ae40bfa8,CO_OCCURS,HEURISTIC
candidate-result-a307ce53ef12a40107de,rh/catalog/research_engine/results/c01cb4a6cd94ae40bfa8-076cc573c89643811629.json,USED_BY,HEURISTIC
candidate-result-a3e445a758dc1eaf7abe,candidate-a05d2c08c25414107b60,CO_OCCURS,HEURISTIC
candidate-result-a3e445a758dc1eaf7abe,rh/catalog/research_engine/results/a05d2c08c25414107b60-f4e1657edc8caf25ee48.json,USED_BY,HEURISTIC
candidate-result-a5ecea1d01bb254677ba,candidate-e4804354c70a3c1992c9,CO_OCCURS,HEURISTIC
candidate-result-a5ecea1d01bb254677ba,rh/catalog/research_engine/results/e4804354c70a3c1992c9-1072c65194fbaba5102a.json,USED_BY,HEURISTIC
candidate-result-a64bd56e3ab5582fd6d6,candidate-49206e31105f9b010004,CO_OCCURS,HEURISTIC
candidate-result-a64bd56e3ab5582fd6d6,rh/catalog/research_engine/results/49206e31105f9b010004-c23e5d737be98c3344e8.json,USED_BY,HEURISTIC
candidate-result-a7ce2b0641e65900f656,candidate-cc2897fe68d1da8a9cd0,CO_OCCURS,HEURISTIC
candidate-result-a7ce2b0641e65900f656,rh/catalog/research_engine/results/cc2897fe68d1da8a9cd0-e73f6e7396ac7f90861a.json,USED_BY,HEURISTIC
candidate-result-a9a8a13d2caa464f2dd9,candidate-495998e71e8f4c789b64,CO_OCCURS,HEURISTIC
candidate-result-a9a8a13d2caa464f2dd9,rh/catalog/research_engine/results/495998e71e8f4c789b64-e433b495cea7c94219ee.json,USED_BY,HEURISTIC
candidate-result-aafa36694732af17dd22,candidate-7731668a96b791a00760,CO_OCCURS,HEURISTIC
candidate-result-aafa36694732af17dd22,rh/catalog/research_engine/results/7731668a96b791a00760-c5b473f8ac97378a2c7a.json,USED_BY,HEURISTIC
candidate-result-abf95f9abf80324c09b8,candidate-4465b0893e26290a5c71,CO_OCCURS,HEURISTIC
candidate-result-abf95f9abf80324c09b8,rh/catalog/research_engine/results/4465b0893e26290a5c71-2e4926c370927c6e333b.json,USED_BY,HEURISTIC
candidate-result-ad51599385505676e685,candidate-9649bf8ecce60a8a3e38,CO_OCCURS,HEURISTIC
candidate-result-ad51599385505676e685,rh/catalog/research_engine/results/9649bf8ecce60a8a3e38-df4732698cbeda550642.json,USED_BY,HEURISTIC
candidate-result-ae4a6934f3e5cfd195b2,candidate-cc857032ec0523eff1a0,CO_OCCURS,HEURISTIC
candidate-result-ae4a6934f3e5cfd195b2,rh/catalog/research_engine/results/cc857032ec0523eff1a0-07b59ef5a34e85a220b8.json,USED_BY,HEURISTIC
candidate-result-af2fe740f1144d88a140,candidate-55a4575c929b484cd6cf,CO_OCCURS,HEURISTIC
candidate-result-af2fe740f1144d88a140,rh/catalog/research_engine/results/55a4575c929b484cd6cf-ba76610dc052de42b534.json,USED_BY,HEURISTIC
candidate-result-b111f1481d07daa5b20e,candidate-6593fe1682fa1c612586,CO_OCCURS,HEURISTIC
candidate-result-b111f1481d07daa5b20e,rh/catalog/research_engine/results/6593fe1682fa1c612586-7d1ea5a105817cb7ca86.json,USED_BY,HEURISTIC
candidate-result-b290c9cb2347a5c9a57b,candidate-8ea5f9a999677d8c1fc2,CO_OCCURS,HEURISTIC
candidate-result-b290c9cb2347a5c9a57b,rh/catalog/research_engine/results/8ea5f9a999677d8c1fc2-bc732a52d1f99f03fed4.json,USED_BY,HEURISTIC
candidate-result-b35b169060f390d08456,candidate-b17d002396911bfee16f,CO_OCCURS,HEURISTIC
candidate-result-b35b169060f390d08456,rh/catalog/research_engine/results/b17d002396911bfee16f-7c48401dbcd62c0552d2.json,USED_BY,HEURISTIC
candidate-result-b62e9055e22fbd212794,candidate-02a3af21aad8e34acdac,CO_OCCURS,HEURISTIC
candidate-result-b62e9055e22fbd212794,rh/catalog/research_engine/results/02a3af21aad8e34acdac-7815c7ba7c1747a50ebc.json,USED_BY,HEURISTIC
candidate-result-b68b18af5760663005c7,candidate-5bb72a2dd025609bf7c8,CO_OCCURS,HEURISTIC
candidate-result-b68b18af5760663005c7,rh/catalog/research_engine/results/5bb72a2dd025609bf7c8-4ce3af5c971e940e8742.json,USED_BY,HEURISTIC
candidate-result-b6eec9102f2c72f8ec21,candidate-7c143aa16194c0430198,CO_OCCURS,HEURISTIC
candidate-result-b6eec9102f2c72f8ec21,rh/catalog/research_engine/results/7c143aa16194c0430198-4c6967e0320f06919adf.json,USED_BY,HEURISTIC
candidate-result-b866f686252bbb85653a,candidate-a0f8aa486f0f64c03825,CO_OCCURS,HEURISTIC
candidate-result-b866f686252bbb85653a,rh/catalog/research_engine/results/a0f8aa486f0f64c03825-27122c10b61fe513cce3.json,USED_BY,HEURISTIC
candidate-result-b87fb9b285f213535c14,candidate-9bafcb5d890ed63b1583,CO_OCCURS,HEURISTIC
candidate-result-b87fb9b285f213535c14,rh/catalog/research_engine/results/9bafcb5d890ed63b1583-efdeb23e18eefa36fa3f.json,USED_BY,HEURISTIC
candidate-result-ba09977ea44e83e9dbe0,candidate-a4e723ed85107148e5cd,CO_OCCURS,HEURISTIC
candidate-result-ba09977ea44e83e9dbe0,rh/catalog/research_engine/results/a4e723ed85107148e5cd-d44f763a4f1c89ec595c.json,USED_BY,HEURISTIC
candidate-result-ba2216d38693767e3f36,candidate-7632581451a561f8a598,CO_OCCURS,HEURISTIC
candidate-result-ba2216d38693767e3f36,rh/catalog/research_engine/results/7632581451a561f8a598-26aef13f80769f12b819.json,USED_BY,HEURISTIC
candidate-result-bb4d06c62c27d3dfb45d,candidate-2a5119f4be4d183f35ca,CO_OCCURS,HEURISTIC
candidate-result-bb4d06c62c27d3dfb45d,rh/catalog/research_engine/results/2a5119f4be4d183f35ca-6ea69c52145748826c6c.json,USED_BY,HEURISTIC
candidate-result-bf10b7a5de2ad7e77093,candidate-b7b5d259fb821653794b,CO_OCCURS,HEURISTIC
candidate-result-bf10b7a5de2ad7e77093,rh/catalog/research_engine/results/b7b5d259fb821653794b-76d846c70398a203ea7a.json,USED_BY,HEURISTIC
candidate-result-c8a4f79f748b9f0041ca,candidate-5e61d54c7fc94ba87fb3,CO_OCCURS,HEURISTIC
candidate-result-c8a4f79f748b9f0041ca,rh/catalog/research_engine/results/5e61d54c7fc94ba87fb3-d933cb97bbe60a4df147.json,USED_BY,HEURISTIC
candidate-result-cfe8446443f952836d12,candidate-59f266ce0bf6d8d3f736,CO_OCCURS,HEURISTIC
candidate-result-cfe8446443f952836d12,rh/catalog/research_engine/results/59f266ce0bf6d8d3f736-9bafa0ea341a0262a29a.json,USED_BY,HEURISTIC
candidate-result-d69aa5cacfde1981e8e5,candidate-b2d1536430b4160671da,CO_OCCURS,HEURISTIC
candidate-result-d69aa5cacfde1981e8e5,rh/catalog/research_engine/results/b2d1536430b4160671da-c96e01fcc484cf6d3a96.json,USED_BY,HEURISTIC
candidate-result-db13297f272b30cffe1f,candidate-04133e2e7b324db349c6,CO_OCCURS,HEURISTIC
candidate-result-db13297f272b30cffe1f,rh/catalog/research_engine/results/04133e2e7b324db349c6-ec5009d27856decd8da9.json,USED_BY,HEURISTIC
candidate-result-dc1b7ab778b7c3a97396,candidate-cf3e42f061fc941ef1cb,CO_OCCURS,HEURISTIC
candidate-result-dc1b7ab778b7c3a97396,rh/catalog/research_engine/results/cf3e42f061fc941ef1cb-4f619f4844b93053f3f9.json,USED_BY,HEURISTIC
candidate-result-e1cecf6bfea850208fb4,candidate-1deef5a392a300dd18d3,CO_OCCURS,HEURISTIC
candidate-result-e1cecf6bfea850208fb4,rh/catalog/research_engine/results/1deef5a392a300dd18d3-d3c2831cc307ad761991.json,USED_BY,HEURISTIC
candidate-result-e7b2b9a29afef486a26b,candidate-59f266ce0bf6d8d3f736,CO_OCCURS,HEURISTIC
candidate-result-e7b2b9a29afef486a26b,rh/catalog/research_engine/results/59f266ce0bf6d8d3f736-e77228951b79efab687a.json,USED_BY,HEURISTIC
candidate-result-e7fa5d96034ad5ec1f6f,candidate-01c1c1f85b1922cd5555,CO_OCCURS,HEURISTIC
candidate-result-e7fa5d96034ad5ec1f6f,rh/catalog/research_engine/results/01c1c1f85b1922cd5555-ce6b31dc4aef29dde28a.json,USED_BY,HEURISTIC
candidate-result-e9ce236809f12eb13d33,candidate-befea4742a94a35e4201,CO_OCCURS,HEURISTIC
candidate-result-e9ce236809f12eb13d33,rh/catalog/research_engine/results/befea4742a94a35e4201-11d42aa5f0601bb3cae8.json,USED_BY,HEURISTIC
candidate-result-ed5e20ada78125ec57e3,candidate-f50550d0b55c8398f7f7,CO_OCCURS,HEURISTIC
candidate-result-ed5e20ada78125ec57e3,rh/catalog/research_engine/results/f50550d0b55c8398f7f7-2f3a7f9a1cd4f2977aa6.json,USED_BY,HEURISTIC
candidate-result-edf69b0ded9cf5c474b9,candidate-22a7c052cefc781c698c,CO_OCCURS,HEURISTIC
candidate-result-edf69b0ded9cf5c474b9,rh/catalog/research_engine/results/22a7c052cefc781c698c-0a508f17a9aed177a291.json,USED_BY,HEURISTIC
candidate-result-eebff59bb8d1c8e5efcc,candidate-f529de163b9eff9064ec,CO_OCCURS,HEURISTIC
candidate-result-eebff59bb8d1c8e5efcc,rh/catalog/research_engine/results/f529de163b9eff9064ec-bdaf5af883920f7d4ffd.json,USED_BY,HEURISTIC
candidate-result-f1d962d95f70dabc2972,candidate-1b20bd62752303f80e3b,CO_OCCURS,HEURISTIC
candidate-result-f1d962d95f70dabc2972,rh/catalog/research_engine/results/1b20bd62752303f80e3b-0ae4c77a6c6348f40064.json,USED_BY,HEURISTIC
candidate-result-f26e9bf9202cc21f6d8d,candidate-491b9280f7f01a8a37fe,CO_OCCURS,HEURISTIC
candidate-result-f26e9bf9202cc21f6d8d,rh/catalog/research_engine/results/491b9280f7f01a8a37fe-f154186a35d1cd74d0e1.json,USED_BY,HEURISTIC
candidate-result-f48446f8ab621487f920,candidate-d65295d5e3fe40fb3701,CO_OCCURS,HEURISTIC
candidate-result-f48446f8ab621487f920,rh/catalog/research_engine/results/d65295d5e3fe40fb3701-b69208d88fa0d9614386.json,USED_BY,HEURISTIC
candidate-result-f50247d0dc71a93130cd,candidate-b1e3d23bbf7959bf7058,CO_OCCURS,HEURISTIC
candidate-result-f50247d0dc71a93130cd,rh/catalog/research_engine/results/b1e3d23bbf7959bf7058-793dd088543f2fa510fb.json,USED_BY,HEURISTIC
candidate-result-f767dd43e9cee8b9a326,candidate-943a24806adc5110bfac,CO_OCCURS,HEURISTIC
candidate-result-f767dd43e9cee8b9a326,rh/catalog/research_engine/results/943a24806adc5110bfac-7a83eba58cbdebf2d463.json,USED_BY,HEURISTIC
candidate-result-fa34a735666550328eac,candidate-54871ccf0c417b1be1c5,CO_OCCURS,HEURISTIC
candidate-result-fa34a735666550328eac,rh/catalog/research_engine/results/54871ccf0c417b1be1c5-f3ffe3e6aa76fe08df5c.json,USED_BY,HEURISTIC
candidate-result-fb711f9f7b36bdd12d94,candidate-adf473a211e62d082946,CO_OCCURS,HEURISTIC
candidate-result-fb711f9f7b36bdd12d94,rh/catalog/research_engine/results/adf473a211e62d082946-3e5b6ecae6ca8083433c.json,USED_BY,HEURISTIC
candidate-result-fb7a89cb342d6f69d78d,candidate-952ab0ef9e61a6314ee0,CO_OCCURS,HEURISTIC
candidate-result-fb7a89cb342d6f69d78d,rh/catalog/research_engine/results/952ab0ef9e61a6314ee0-ebcf489aaec71e03ef1b.json,USED_BY,HEURISTIC
candidate-result-fcf517e6e1e1f74960b5,candidate-838b3b3d42bad99210ca,CO_OCCURS,HEURISTIC
candidate-result-fcf517e6e1e1f74960b5,rh/catalog/research_engine/results/838b3b3d42bad99210ca-d200bd98a4161d18771d.json,USED_BY,HEURISTIC
candidate-result-fd31dfb3d4c5135ba4d9,candidate-1edaee96b51c865c6c96,CO_OCCURS,HEURISTIC
candidate-result-fd31dfb3d4c5135ba4d9,rh/catalog/research_engine/results/1edaee96b51c865c6c96-5160b6331d71b5f58190.json,USED_BY,HEURISTIC
candidate-result-ff3c4e1959bb87119e8a,candidate-1d38897a7c613767cef1,CO_OCCURS,HEURISTIC
candidate-result-ff3c4e1959bb87119e8a,rh/catalog/research_engine/results/1d38897a7c613767cef1-3f514638489df697b7a4.json,USED_BY,HEURISTIC
candidate-result-ff56ca20f251c71427b5,candidate-f9f81a97bebf4e47a2dc,CO_OCCURS,HEURISTIC
candidate-result-ff56ca20f251c71427b5,rh/catalog/research_engine/results/f9f81a97bebf4e47a2dc-9b4b9ffd3ac31a07edef.json,USED_BY,HEURISTIC
canonical-system-hamiltonian,spectral-framework,INSTANCE_OF,HEURISTIC
canonical-system-hamiltonian,screw-function-criterion,REQUIRES,CONDITIONAL
carlson-theorem,analytic-object,INSTANCE_OF,HEURISTIC
carlson-theorem,vitali-montel,REQUIRES,CONDITIONAL
causal-spin-network-geometry,no-archimedean-prime-joint-space,BLOCKED_BY,HEURISTIC
causal-spin-network-geometry,arithmetic-geometry,INSTANCE_OF,HEURISTIC
census-qsm,euler-side-blindness,BLOCKED_BY,CONDITIONAL
census-qsm,no-canonical-integer-label,BLOCKED_BY,CONDITIONAL
census-qsm,analytic-object,INSTANCE_OF,HEURISTIC
census-qsm,multiplicative-composition-law,REQUIRES,THEOREM
census-qsm,event-log-function,WOULD_CLOSE,CONDITIONAL
census-qsm-normflow,euler-side-blindness,BLOCKED_BY,CONDITIONAL
census-qsm-normflow,positive-cone-blindness,BLOCKED_BY,THEOREM
census-qsm-normflow,analytic-object,INSTANCE_OF,HEURISTIC
census-qsm-normflow,connes-marcolli-gln-system,INSTANCE_OF,THEOREM
census-qsm-normflow,multiplicative-composition-law,REALIZES,THEOREM
census-qsm-normflow,event-log-function,WOULD_CLOSE,CONDITIONAL
chebyshev-psi,analytic-object,INSTANCE_OF,HEURISTIC
chebyshev-psi,von-mangoldt,REQUIRES,THEOREM
chi-minus-4-census,analytic-object,INSTANCE_OF,HEURISTIC
chi-minus-4-census,class-number-formula-q-i,TRANSFORM_OF,CONDITIONAL
chuk-window-certificate,weil-positivity,IMPLIED_BY,CONDITIONAL
chuk-window-certificate,positivity-criterion,INSTANCE_OF,HEURISTIC
chuk-window-certificate,finite-weil-window,SPECIAL_CASE_OF,CONDITIONAL
chuk-window-certificate,experiments/tfpt-discovery/weil_window_certificate_probe.py,USED_BY,HEURISTIC
chuk-window-certificate,experiments/tfpt-discovery/weil_window_certificate_result.json,USED_BY,HEURISTIC
chuk-window-certificate,experiments/tfpt-discovery/weil_window_profile_scout_result.json,USED_BY,HEURISTIC
class-number-formula-q-i,analytic-object,INSTANCE_OF,HEURISTIC
cm-seam,tfpt-compiler,INSTANCE_OF,HEURISTIC
cofinal-full-window-family,research-question,INSTANCE_OF,HEURISTIC
cofinal-full-window-family,full-test-class-coverage,REQUIRES,CONDITIONAL
cofinal-full-window-family,independent-source-domain-audit,REQUIRES,CONDITIONAL
cofinal-full-window-family,rh/catalog/analysis/research_followups_20260909.md,USED_BY,CONDITIONAL
cofinal-full-window-family,weil-positivity,WOULD_CLOSE,CONDITIONAL
cohen-seeds,euler-side-blindness,BLOCKED_BY,CONDITIONAL
cohen-seeds,positive-cone-blindness,BLOCKED_BY,CONDITIONAL
cohen-seeds,positive-cone-blindness,BLOCKED_BY,CONDITIONAL
cohen-seeds,analytic-object,INSTANCE_OF,HEURISTIC
cohen-seeds,edge-l-values,SPECIAL_CASE_OF,THEOREM
compact-window-certificate-mechanism,obstruction-class,INSTANCE_OF,HEURISTIC
completely-monotone,laplace-transform,TRANSFORM_OF,THEOREM
conductor-operator-burnol,spectral-framework,INSTANCE_OF,HEURISTIC
conductor-operator-burnol,hilbert-polya-operator,REQUIRES,HEURISTIC
connes-adele-scaling-flow,spectral-framework,INSTANCE_OF,HEURISTIC
connes-adele-scaling-flow,adele-class-space,REQUIRES,CONDITIONAL
connes-adele-scaling-flow,connes-trace-formula,SPECIAL_CASE_OF,CONDITIONAL
connes-adele-scaling-flow,event-log-function,WOULD_CLOSE,CONDITIONAL
connes-marcolli-gln-system,analytic-object,INSTANCE_OF,HEURISTIC
connes-trace-formula,spectral-framework,INSTANCE_OF,HEURISTIC
connes-trace-formula,adele-class-space,REQUIRES,CONDITIONAL
connes-trace-formula-dichotomy,obstruction-class,INSTANCE_OF,HEURISTIC
connes-trace-formula-dichotomy,lstar-statement,REDUCES_TO,CONDITIONAL
critical-line,arithmetic-geometry,INSTANCE_OF,HEURISTIC
critical-line,critical-strip,SPECIAL_CASE_OF,THEOREM
critical-strip,arithmetic-geometry,INSTANCE_OF,HEURISTIC
cubic-wedges,riemann-hypothesis,BLOCKED_BY,HEURISTIC
cubic-wedges,spectral-framework,INSTANCE_OF,HEURISTIC
cuntz-laca-semigroup-algebra,analytic-object,INSTANCE_OF,HEURISTIC
cuntz-system,spectral-framework,INSTANCE_OF,HEURISTIC
cusp-surgery,spectral-framework,INSTANCE_OF,HEURISTIC
cusp-surgery,efrat-determinant,REQUIRES,THEOREM
de-branges-positivity,weil-positivity,IMPLIES,THEOREM
de-branges-positivity,positivity-criterion,INSTANCE_OF,HEURISTIC
debranges-space,analytic-object,INSTANCE_OF,HEURISTIC
debranges-space,hermite-biehler-class,REQUIRES,THEOREM
debranges-space,hilbert-polya-operator,REQUIRES,CONDITIONAL
debruijn-newman-constant,analytic-object,INSTANCE_OF,HEURISTIC
deligne-rh,weil-conjectures,IMPLIES,THEOREM
deligne-rh,analytic-object,INSTANCE_OF,HEURISTIC
deninger-cohomology,weil-conjectures,GENERALIZES,CONDITIONAL
deninger-cohomology,spectral-framework,INSTANCE_OF,HEURISTIC
deninger-cohomology,hilbert-polya-operator,WOULD_CLOSE,CONDITIONAL
deninger-foliated-dynamics,spectral-framework,INSTANCE_OF,HEURISTIC
deninger-foliated-dynamics,stochastic-scale-semigroup-on-connes-cokernel,REDUCES_TO,CONDITIONAL
deninger-foliated-dynamics,deninger-cohomology,SPECIAL_CASE_OF,CONDITIONAL
deninger-foliated-dynamics,event-log-function,WOULD_CLOSE,CONDITIONAL
dirichlet-series-polytorus,analytic-object,INSTANCE_OF,HEURISTIC
dirichlet-series-polytorus,bohr-lift,TRANSFORM_OF,THEOREM
discrete-spectrum-neutrality,obstruction-class,INSTANCE_OF,HEURISTIC
dual-pair-language,positive-cone-blindness,BLOCKED_BY,CONDITIONAL
dual-pair-language,positive-cone-blindness,BLOCKED_BY,CONDITIONAL
dual-pair-language,spectral-framework,INSTANCE_OF,HEURISTIC
dyadic-block-capture-eta,research-question,INSTANCE_OF,HEURISTIC
dyadic-block-capture-eta,baez-duarte-rate-conjecture,REQUIRES,CONDITIONAL
dyadic-block-capture-eta,vasyunin-gram-matrix,REQUIRES,THEOREM
dyadic-block-capture-eta,experiments/tfpt-discovery/nb_dyadic_capture_probe.py,USED_BY,CONDITIONAL
dyadic-block-capture-eta,riemann-hypothesis,WOULD_CLOSE,CONDITIONAL
dyson-fourier-quasicrystal-criterion,weil-positivity,EQUIVALENT_TO,THEOREM
dyson-fourier-quasicrystal-criterion,analytic-object,INSTANCE_OF,HEURISTIC
dyson-fourier-quasicrystal-criterion,fourier-quasicrystal-geometry,REQUIRES,CONDITIONAL
e8-cascade,finite-clock-commensurability,BLOCKED_BY,THEOREM
e8-cascade,tfpt-compiler,INSTANCE_OF,HEURISTIC
e8-cascade,tfpt-e8-lattice,REQUIRES,CONDITIONAL
e8-positive-lattice-norm,positive-cone-blindness,BLOCKED_BY,THEOREM
e8-positive-lattice-norm,analytic-object,INSTANCE_OF,HEURISTIC
e8-sublattice-rg-semigroup,euler-side-blindness,BLOCKED_BY,CONDITIONAL
e8-sublattice-rg-semigroup,functional-equation,DUAL_TO,THEOREM
e8-sublattice-rg-semigroup,analytic-object,INSTANCE_OF,HEURISTIC
e8-sublattice-rg-semigroup,euler-side-blindness,INSTANCE_OF,CONDITIONAL
e8-sublattice-rg-semigroup,census-qsm-normflow,REALIZES,CONDITIONAL
e8-theta-heat-operator,discrete-spectrum-neutrality,BLOCKED_BY,THEOREM
e8-theta-heat-operator,euler-side-blindness,BLOCKED_BY,CONDITIONAL
e8-theta-heat-operator,spectral-framework,INSTANCE_OF,HEURISTIC
e8-theta-series,euler-side-blindness,BLOCKED_BY,CONDITIONAL
e8-theta-series,analytic-object,INSTANCE_OF,HEURISTIC
e8-theta-series,eisenstein-rh-neutrality,REALIZES,THEOREM
e8-theta-series,static-prime-event-log,REALIZES,THEOREM
e8-theta-series,hecke-operator,REQUIRES,CONDITIONAL
e8-theta-series,epstein-zeta,TRANSFORM_OF,THEOREM
e8-theta-series,riemann-zeta,TRANSFORM_OF,THEOREM
e8-theta-series,experiments/tfpt-discovery/li_e4_probe.py,USED_BY,HEURISTIC
e8-theta-series,experiments/tfpt-discovery/prime_shadow_probe.py,USED_BY,HEURISTIC
edge-l-values,spectral-framework,INSTANCE_OF,HEURISTIC
edge-nonvanishing-method,spectral-framework,INSTANCE_OF,HEURISTIC
efrat-determinant,analytic-object,INSTANCE_OF,HEURISTIC
eisenstein-constant-term,analytic-object,INSTANCE_OF,HEURISTIC
eisenstein-rh-neutrality,analytic-object,INSTANCE_OF,HEURISTIC
eisenstein-rh-neutrality,weight4-gl1-transport,REQUIRES,THEOREM
eisenstein-series,analytic-object,INSTANCE_OF,HEURISTIC
eisenstein-series,eisenstein-constant-term,REQUIRES,THEOREM
epstein-zeta,analytic-object,INSTANCE_OF,HEURISTIC
epstein-zeta,mellin-transform,REQUIRES,CONDITIONAL
equality-hunt,connes-trace-formula-dichotomy,BLOCKED_BY,THEOREM
equality-hunt,research-question,INSTANCE_OF,HEURISTIC
equality-hunt,experiments/tfpt-discovery/hecke_index_theorem_probe.py,USED_BY,HEURISTIC
euler-gross-entropy-gap,analytic-object,INSTANCE_OF,HEURISTIC
euler-gross-entropy-gap,main-world,REQUIRES,HEURISTIC
euler-side-blindness,obstruction-class,INSTANCE_OF,HEURISTIC
event-log-function,finite-clock-commensurability,BLOCKED_BY,THEOREM
event-log-function,no-canonical-integer-label,BLOCKED_BY,CONDITIONAL
event-log-function,research-question,INSTANCE_OF,HEURISTIC
event-log-function,archimedean-place,REQUIRES,CONDITIONAL
event-log-function,unitarity-of-emergent-time,REQUIRES,CONDITIONAL
eventual-selected-read-lower-bound,native-grid-weil-positivity,EQUIVALENT_TO,THEOREM
eventual-selected-read-lower-bound,research-question,INSTANCE_OF,HEURISTIC
explicit-formula,analytic-object,INSTANCE_OF,HEURISTIC
explicit-formula,riemann-zeta,REQUIRES,THEOREM
explicit-formula,von-mangoldt,REQUIRES,THEOREM
explicit-formula,experiments/tfpt-discovery/cased_replicate_probe.py,USED_BY,HEURISTIC
explicit-formula,experiments/tfpt-discovery/rank3_uniformity_probe.py,USED_BY,HEURISTIC
explicit-formula,experiments/tfpt-discovery/rank3_zeroside_probe.py,USED_BY,HEURISTIC
explicit-formula,experiments/tfpt-discovery/weil_gabor_explicit_formula_probe.py,USED_BY,HEURISTIC
explicit-formula,experiments/tfpt-discovery/zero_comb_probe.py,USED_BY,HEURISTIC
explicit-formula,experiments/tfpt-discovery/zeta_explicit_formula_trace_probe.py,USED_BY,HEURISTIC
explicit-formula,rh/lean/RH/GaborExplicitFormula.lean,USED_BY,HEURISTIC
extraction-joint,barrier-finite-window-ceiling,BLOCKED_BY,CONDITIONAL
extraction-joint,research-question,INSTANCE_OF,HEURISTIC
extraction-joint,selected-window-family,REQUIRES,CONDITIONAL
extraction-joint,experiments/tfpt-discovery/extraction_joint_probe.py,USED_BY,HEURISTIC
extraction-joint,rh/problem/extraction_joint.pdf,USED_BY,HEURISTIC
extraction-joint,rh/problem/extraction_joint.tex,USED_BY,HEURISTIC
extraction-joint,weil-positivity,WOULD_CLOSE,CONDITIONAL
farkas-witness-n-mod-8,obstruction-class,INSTANCE_OF,HEURISTIC
fermion-event-scope-filters,spectral-framework,INSTANCE_OF,HEURISTIC
fermion-event-scope-filters,/Users/stefanhamann/Documents/Codex/2026-09-04/scha-2/research/rh_fermion_event_identity_20260908/README.md,USED_BY,CONDITIONAL
finite-bernstein-exact-readout,spectral-framework,INSTANCE_OF,HEURISTIC
finite-bernstein-exact-readout,/Users/stefanhamann/Documents/Codex/2026-09-04/scha-2/research/rh_zero_temperature_readout_20260908/README.md,KILLED_BY,CONDITIONAL
finite-clock-commensurability,obstruction-class,INSTANCE_OF,HEURISTIC
finite-family-target-mismatch,obstruction-class,INSTANCE_OF,HEURISTIC
finite-infinite-place-balance,analytic-object,INSTANCE_OF,HEURISTIC
finite-infinite-place-balance,archimedean-place,REQUIRES,THEOREM
finite-infinite-place-balance,weil-positivity,REQUIRES,THEOREM
finite-spectral-triple-zero-approximants,spectral-framework,INSTANCE_OF,HEURISTIC
finite-spectral-triple-zero-approximants,w2-form-density,REQUIRES,CONDITIONAL
finite-spectral-triple-zero-approximants,hilbert-polya-operator,WOULD_CLOSE,CONDITIONAL
finite-weil-gns-metric,finite-family-target-mismatch,BLOCKED_BY,CONDITIONAL
finite-weil-gns-metric,analytic-object,INSTANCE_OF,HEURISTIC
finite-weil-window,barrier-finite-window-ceiling,BLOCKED_BY,CONDITIONAL
finite-weil-window,compact-window-certificate-mechanism,BLOCKED_BY,THEOREM
finite-weil-window,analytic-object,INSTANCE_OF,HEURISTIC
finite-weil-window,weil-quadratic-form,SPECIAL_CASE_OF,CONDITIONAL
finite-weil-window,experiments/tfpt-discovery/dirichlet_l4_floor_probe.py,USED_BY,HEURISTIC
finite-weil-window,experiments/tfpt-discovery/hecke_channel_columns_probe.py,USED_BY,HEURISTIC
finite-weil-window,experiments/tfpt-discovery/hecke_sos_probe.py,USED_BY,HEURISTIC
finite-weil-window,experiments/tfpt-discovery/margin_link_probe.py,USED_BY,HEURISTIC
finite-weil-window,experiments/tfpt-discovery/suzuki_contact_probe.py,USED_BY,HEURISTIC
finite-weil-window,experiments/tfpt-discovery/w1_matrix_identity_probe.py,USED_BY,HEURISTIC
finite-weil-window,experiments/tfpt-discovery/w2_form_density_probe.py,USED_BY,HEURISTIC
finite-weil-window,notes/arxiv_w1_note/note_w1_suzuki_identification.tex,USED_BY,HEURISTIC
finite-weil-window,verification/v861_krein_normalform_lean.py,USED_BY,HEURISTIC
first-zero-exclusion,research-question,INSTANCE_OF,HEURISTIC
first-zero-exclusion,full-test-class-coverage,REQUIRES,CONDITIONAL
first-zero-exclusion,independent-source-domain-audit,REQUIRES,CONDITIONAL
first-zero-exclusion,minimizer-arithmetic-relative-control,REQUIRES,CONDITIONAL
first-zero-exclusion,rh/catalog/analysis/research_followups_20260909.md,USED_BY,CONDITIONAL
first-zero-exclusion,weil-positivity,WOULD_CLOSE,CONDITIONAL
fixed-finite-carrier-rank-obstruction,obstruction-class,INSTANCE_OF,HEURISTIC
fixed-finite-carrier-rank-obstruction,strict-weil-window-floor-zhu,REQUIRES,CONDITIONAL
fixed-finite-carrier-rank-obstruction,verification/v1021_all_place_tate_rank_audit.py,USED_BY,THEOREM
fourier-quasicrystal-geometry,infinite-rank-prime-fourier-module,BLOCKED_BY,THEOREM
fourier-quasicrystal-geometry,arithmetic-geometry,INSTANCE_OF,HEURISTIC
fourier-transform,spectral-framework,INSTANCE_OF,HEURISTIC
frequently-selected-aug-dual-resolvent,research-question,INSTANCE_OF,HEURISTIC
frequently-selected-aug-dual-resolvent,lstar-statement,REQUIRES,CONDITIONAL
full-arithmetic-boundary-coupling,research-question,INSTANCE_OF,HEURISTIC
full-arithmetic-boundary-coupling,/Users/stefanhamann/Documents/Codex/2026-09-04/scha-2/research/rh_barrier_search_20260907/README.md,USED_BY,HEURISTIC
full-arithmetic-boundary-coupling,rh/catalog/analysis/research_followups_20260909.md,USED_BY,CONDITIONAL
full-boundary-attachment,research-question,INSTANCE_OF,HEURISTIC
full-boundary-attachment,full-arithmetic-boundary-coupling,REQUIRES,CONDITIONAL
full-boundary-attachment,full-new-complement-domain,REQUIRES,CONDITIONAL
full-boundary-attachment,independent-source-domain-audit,REQUIRES,CONDITIONAL
full-boundary-attachment,whole-odd-coercivity-l9-4,REQUIRES,CONDITIONAL
full-boundary-attachment,rh/catalog/analysis/research_followups_20260909.md,USED_BY,CONDITIONAL
full-new-complement-domain,research-question,INSTANCE_OF,HEURISTIC
full-new-complement-domain,rh/catalog/analysis/research_followups_20260909.md,USED_BY,CONDITIONAL
full-test-class-coverage,research-question,INSTANCE_OF,HEURISTIC
full-test-class-coverage,rh/catalog/analysis/research_followups_20260909.md,USED_BY,CONDITIONAL
functional-equation,analytic-object,INSTANCE_OF,HEURISTIC
functional-equation,experiments/tfpt-discovery/zeta_funceq_duality_probe.py,USED_BY,HEURISTIC
gabor-prime-side-criterion,gabor-rational-criterion,EQUIVALENT_TO,THEOREM
gabor-prime-side-criterion,riemann-hypothesis,EQUIVALENT_TO,THEOREM
gabor-prime-side-criterion,positivity-criterion,INSTANCE_OF,HEURISTIC
gabor-prime-side-criterion,explicit-formula,REQUIRES,THEOREM
gabor-prime-side-criterion,rh/lean/RH/GaborCountableCriterion.lean,USED_BY,THEOREM
gabor-pure-criterion,riemann-hypothesis,EQUIVALENT_TO,THEOREM
gabor-pure-criterion,positivity-criterion,INSTANCE_OF,HEURISTIC
gabor-pure-criterion,gabor-zero-side,REQUIRES,THEOREM
gabor-pure-criterion,rh/lean/RH/GaborExposedOrbit.lean,USED_BY,THEOREM
gabor-rational-criterion,gabor-pure-criterion,EQUIVALENT_TO,THEOREM
gabor-rational-criterion,riemann-hypothesis,EQUIVALENT_TO,THEOREM
gabor-rational-criterion,positivity-criterion,INSTANCE_OF,HEURISTIC
gabor-rational-criterion,rh/lean/RH/GaborCountableCriterion.lean,USED_BY,THEOREM
gabor-zero-side,analytic-object,INSTANCE_OF,HEURISTIC
gabor-zero-side,experiments/tfpt-discovery/gabor_exposed_orbit_probe.py,USED_BY,HEURISTIC
gate-zero,barrier-p2-defect,BLOCKED_BY,CONDITIONAL
gate-zero,tfpt-compiler,INSTANCE_OF,HEURISTIC
gate-zero,experiments/tfpt-discovery/gabor_first_contact_selberg_probe.py,KILLED_BY,HEURISTIC
gate-zero,groupoid,REQUIRES,CONDITIONAL
gate-zero,half-density,REQUIRES,CONDITIONAL
gate-zero,experiments/tfpt-discovery/gabor_first_contact_selberg_probe.py,USED_BY,HEURISTIC
gate-zero,verification/v733_strat3_gate0_census.py,USED_BY,HEURISTIC
gaussian-e8-module,groupoid,CO_OCCURS,STATISTICAL
gaussian-e8-module,paper-gaussian-code,CO_OCCURS,STATISTICAL
gaussian-e8-module,tfpt-compiler,INSTANCE_OF,HEURISTIC
gaussian-e8-module,experiments/tfpt-discovery/groupoid_halfdensity_result.json,KILLED_BY,HEURISTIC
gaussian-e8-module,experiments/tfpt-discovery/z1_edge_signature_probe.py,KILLED_BY,HEURISTIC
gaussian-e8-module,cm-seam,REQUIRES,CONDITIONAL
gaussian-e8-module,hecke-correspondence,REQUIRES,CONDITIONAL
gaussian-e8-module,tfpt-e8-lattice,REQUIRES,CONDITIONAL
gaussian-e8-module,experiments/tfpt-discovery/census_qsm_normflow_probe.py,USED_BY,HEURISTIC
gaussian-e8-module,experiments/tfpt-discovery/e8_ramified_jetcode_probe.py,USED_BY,HEURISTIC
gaussian-e8-module,experiments/tfpt-discovery/groupoid_halfdensity_probe.py,USED_BY,HEURISTIC
gaussian-e8-module,experiments/tfpt-discovery/groupoid_halfdensity_result.json,USED_BY,HEURISTIC
gaussian-e8-module,experiments/tfpt-discovery/hecke_mod_ramified_probe.py,USED_BY,HEURISTIC
gaussian-e8-module,experiments/tfpt-discovery/moonshot_hecke_groupoid_probe.py,USED_BY,HEURISTIC
gaussian-e8-module,experiments/tfpt-discovery/seam_clifford_modular_s_probe.py,USED_BY,HEURISTIC
gaussian-e8-module,experiments/tfpt-discovery/two_qubit_clifford_probe.py,USED_BY,HEURISTIC
gaussian-e8-module,experiments/tfpt-discovery/z1_edge_signature_probe.py,USED_BY,HEURISTIC
gaussian-e8-module,note_e8_gaussian_code.tex,USED_BY,HEURISTIC
gaussian-e8-module,note_e8_gaussian_code.tex#paper-discovered-3504e75554f1f37349,USED_BY,HEURISTIC
gaussian-e8-module,note_e8_gaussian_code.tex#paper-discovered-46a68271538be83dc2,USED_BY,HEURISTIC
gaussian-e8-module,note_e8_gaussian_code.tex#paper-discovered-598b44928fc93a5cb5,USED_BY,HEURISTIC
gaussian-e8-module,note_e8_gaussian_code.tex#paper-discovered-8dc82f4043f70167dd,USED_BY,HEURISTIC
gaussian-e8-module,note_e8_gaussian_code.tex#paper-discovered-ce734a484154a3d26a,USED_BY,HEURISTIC
gaussian-e8-module,note_e8_gaussian_code.tex#paper-discovered-dce0e5a2a5788314cd,USED_BY,HEURISTIC
gaussian-e8-module,note_e8_gaussian_code.tex#paper-discovered-f74bee94924e767a92,USED_BY,HEURISTIC
gaussian-smoothed-zero-density,analytic-object,INSTANCE_OF,HEURISTIC
gaussian-smoothed-zero-density,weil-quadratic-form,TRANSFORM_OF,THEOREM
gaussian-smoothed-zero-density,experiments/tfpt-discovery/heat_gabor_restatement_probe.py,USED_BY,THEOREM
gorz-theorem,jensen-polynomials,IMPLIES,THEOREM
gorz-theorem,analytic-object,INSTANCE_OF,HEURISTIC
graph-bound-adaptive-rh-search,paper-gaussian-code,REQUIRES,HEURISTIC
graph-bound-adaptive-rh-search,paper-hp-truncations,REQUIRES,HEURISTIC
graph-bound-adaptive-rh-search,paper-multilevel-toeplitz,REQUIRES,HEURISTIC
graph-bound-adaptive-rh-search,paper-parity-toeplitz,REQUIRES,HEURISTIC
graph-bound-adaptive-rh-search,paper-prime-front,REQUIRES,HEURISTIC
graph-bound-adaptive-rh-search,paper-w1-identification,REQUIRES,HEURISTIC
graph-bound-adaptive-rh-search,paper-w3-detector,REQUIRES,HEURISTIC
graph-bound-adaptive-rh-search,rh/catalog/research_cycle.py,USED_BY,HEURISTIC
groupoid,arithmetic-geometry,INSTANCE_OF,HEURISTIC
groupoid,experiments/tfpt-discovery/groupoid_halfdensity_probe.py,KILLED_BY,HEURISTIC
groupoid,ucp-map,REQUIRES,CONDITIONAL
groupoid,experiments/tfpt-discovery/automaton_sigma_orbifold_confluence_probe.py,USED_BY,HEURISTIC
groupoid,experiments/tfpt-discovery/groupoid_halfdensity_probe.py,USED_BY,HEURISTIC
groupoid,experiments/tfpt-discovery/groupoid_halfdensity_result.json,USED_BY,HEURISTIC
groupoid,experiments/tfpt-discovery/moonshot_arch_glue_probe.py,USED_BY,HEURISTIC
groupoid,experiments/tfpt-discovery/moonshot_hecke_groupoid_probe.py,USED_BY,HEURISTIC
groupoid,experiments/tfpt-discovery/moonshot_state_probe.py,USED_BY,HEURISTIC
groupoid,verification/v714_moonshot_hecke_groupoid.py,USED_BY,HEURISTIC
groupoid-modular-function,analytic-object,INSTANCE_OF,HEURISTIC
groupoid-modular-function,groupoid,REQUIRES,THEOREM
groupoid-modular-function,experiments/tfpt-discovery/kneser_groupoid_halfdensity_probe.py,USED_BY,HEURISTIC
half-density,analytic-object,INSTANCE_OF,HEURISTIC
half-density,groupoid,REQUIRES,THEOREM
half-density,experiments/tfpt-discovery/groupoid_halfdensity_result.json,USED_BY,HEURISTIC
half-density,experiments/tfpt-discovery/kneser_groupoid_halfdensity_probe.py,USED_BY,HEURISTIC
half-density,experiments/tfpt-discovery/parabolic_detline2_probe.py,USED_BY,HEURISTIC
half-density,experiments/tfpt-discovery/parabolic_detline_probe.py,USED_BY,HEURISTIC
half-density,experiments/tfpt-discovery/parabolic_detline_result.json,USED_BY,HEURISTIC
hamiltonian-psd-language,positive-cone-blindness,BLOCKED_BY,CONDITIONAL
hamiltonian-psd-language,positive-cone-blindness,BLOCKED_BY,CONDITIONAL
hamiltonian-psd-language,spectral-framework,INSTANCE_OF,HEURISTIC
hankel-positivity,positivity-criterion,INSTANCE_OF,HEURISTIC
hankel-positivity,stieltjes-function,REQUIRES,CONDITIONAL
hardy-space-h2,analytic-object,INSTANCE_OF,HEURISTIC
heat-zeta-regularization,discrete-spectrum-neutrality,BLOCKED_BY,THEOREM
heat-zeta-regularization,spectral-framework,INSTANCE_OF,HEURISTIC
hecke-correspondence,arithmetic-geometry,INSTANCE_OF,HEURISTIC
hecke-correspondence,experiments/tfpt-discovery/e8_pneighbor_hecke_probe.py,USED_BY,HEURISTIC
hecke-correspondence,experiments/tfpt-discovery/hecke_index_theorem_probe.py,USED_BY,HEURISTIC
hecke-correspondence,experiments/tfpt-discovery/hecke_mod_ramified_probe.py,USED_BY,HEURISTIC
hecke-correspondence,experiments/tfpt-discovery/hecke_orbit_transfer_probe.py,USED_BY,HEURISTIC
hecke-correspondence,experiments/tfpt-discovery/moonshot_hecke_groupoid_probe.py,USED_BY,HEURISTIC
hecke-index-theorem,analytic-object,INSTANCE_OF,HEURISTIC
hecke-index-theorem,multiplicative-composition-law,REALIZES,THEOREM
hecke-operator,spectral-framework,INSTANCE_OF,HEURISTIC
hecke-operator,hecke-correspondence,REALIZES,THEOREM
hecke-operator,experiments/tfpt-discovery/hecke_broadcast_probe.py,USED_BY,HEURISTIC
herglotz-function,experiments/tfpt-discovery/port_loewner_identity_probe.py,USED_BY,HEURISTIC
herglotz-function,experiments/tfpt-discovery/port_weyl_cocycle_probe.py,USED_BY,HEURISTIC
herglotz-function,experiments/tfpt-discovery/prime_e8_ordered_herglotz_probe.py,USED_BY,HEURISTIC
herglotz-function,experiments/tfpt-discovery/z1_variable_edge_mfunction_probe.py,USED_BY,HEURISTIC
herglotz-function,rh/problem/verify_debranges_index.py,USED_BY,HEURISTIC
herglotz-function,verification/v772_qf_feshbach_effective.py,USED_BY,HEURISTIC
herglotz-function,verification/v947_loewner_pick_dictionary.py,USED_BY,HEURISTIC
hermite-biehler-class,hilbert-polya-operator,REQUIRES,CONDITIONAL
hilbert-polya-operator,spectral-framework,INSTANCE_OF,HEURISTIC
hilbert-polya-operator,e8-theta-heat-operator,REQUIRES,HEURISTIC
hilbert-polya-operator,finite-weil-gns-metric,REQUIRES,HEURISTIC
hilbert-polya-operator,no-archimedean-prime-joint-space,REQUIRES,CONDITIONAL
hilbert-polya-operator,seam-modular-generator,REQUIRES,HEURISTIC
hilbert-polya-operator,unitarity-of-emergent-time,REQUIRES,CONDITIONAL
hilbert-polya-operator,big_picture_2026-08-02_de.tex,USED_BY,HEURISTIC
hilbert-polya-operator,experiments/tfpt-discovery/moonshot_spectral_probe.py,USED_BY,HEURISTIC
hilbert-polya-operator,experiments/tfpt-discovery/moonshot_state_probe.py,USED_BY,HEURISTIC
hilbert-polya-operator,experiments/tfpt-discovery/stage4_prolate_prototype_probe.py,USED_BY,HEURISTIC
hilbert-polya-operator,experiments/tfpt-discovery/weil_recovery_compiler_sector_probe.py,USED_BY,HEURISTIC
hilbert-polya-operator,experiments/tfpt-discovery/z1_edge_signature_probe.py,USED_BY,HEURISTIC
hilbert-polya-operator,riemann-hypothesis,WOULD_CLOSE,CONDITIONAL
hnf-groupoid,euler-side-blindness,BLOCKED_BY,CONDITIONAL
hnf-groupoid,analytic-object,INSTANCE_OF,HEURISTIC
hnf-groupoid,experiments/tfpt-discovery/groupoid_halfdensity_probe.py,KILLED_BY,CONDITIONAL
hodge-riemann-positivity-candidate,no-archimedean-prime-joint-space,BLOCKED_BY,CONDITIONAL
hodge-riemann-positivity-candidate,analytic-object,INSTANCE_OF,HEURISTIC
horizon-replica-positivity,positive-cone-blindness,BLOCKED_BY,CONDITIONAL
horizon-replica-positivity,analytic-object,INSTANCE_OF,HEURISTIC
hyperbolic-ruelle-dynamics,no-composite-orbits,BLOCKED_BY,HEURISTIC
hyperbolic-ruelle-dynamics,arithmetic-geometry,INSTANCE_OF,HEURISTIC
hypercontractivity,analytic-object,INSTANCE_OF,HEURISTIC
hypercontractivity,prime-torus,REQUIRES,THEOREM
i5-transport-ledger-criterion,weil-positivity,EQUIVALENT_TO,THEOREM
i5-transport-ledger-criterion,positivity-criterion,INSTANCE_OF,HEURISTIC
i5-transport-ledger-criterion,experiments/tfpt-discovery/i5_tightness_probe.py,USED_BY,HEURISTIC
i5-transport-ledger-criterion,verification/v541_matching_lemma_ledger.py,USED_BY,HEURISTIC
independent-source-domain-audit,research-question,INSTANCE_OF,HEURISTIC
independent-source-domain-audit,rh/catalog/analysis/research_followups_20260909.md,USED_BY,CONDITIONAL
index-flow-time,spectral-framework,INSTANCE_OF,HEURISTIC
index-modular-state,research-question,INSTANCE_OF,HEURISTIC
index-modular-state,event-log-function,WOULD_CLOSE,CONDITIONAL
infinite-rank-prime-fourier-module,analytic-object,INSTANCE_OF,HEURISTIC
infinite-rank-prime-fourier-module,prime-torus,REALIZES,THEOREM
inner-bridges,tfpt-compiler,INSTANCE_OF,HEURISTIC
inner-bridges,outer-bridges,REQUIRES,CONDITIONAL
inner-bridges,rh/lean/RH/InnerBridges.lean,USED_BY,HEURISTIC
inner-bridges,rh/problem/inner_bridges.tex,USED_BY,HEURISTIC
inner-bridges,rh/problem/verify_inner_bridges.py,USED_BY,HEURISTIC
ising-lee-yang-compiler,spectral-framework,INSTANCE_OF,HEURISTIC
ising-lee-yang-compiler,lee-yang-property,REDUCES_TO,CONDITIONAL
jensen-hyperbolicity,laguerre-polya-class,EQUIVALENT_TO,THEOREM
jensen-hyperbolicity,riemann-hypothesis,EQUIVALENT_TO,THEOREM
jensen-hyperbolicity,positivity-criterion,INSTANCE_OF,HEURISTIC
jensen-polynomials,analytic-object,INSTANCE_OF,HEURISTIC
jensen-polynomials,riemann-xi,REQUIRES,THEOREM
jensen-polynomials,toeplitz-positivity,REQUIRES,CONDITIONAL
jensen-polynomials,experiments/tfpt-discovery/jensen_compiler_rigidity_probe.py,USED_BY,HEURISTIC
k3-hodge-lattice,analytic-object,INSTANCE_OF,HEURISTIC
k3-hodge-lattice,hodge-riemann-positivity-candidate,INSTANCE_OF,THEOREM
kasteleyn-orientation-language,positive-cone-blindness,BLOCKED_BY,CONDITIONAL
kasteleyn-orientation-language,positive-cone-blindness,BLOCKED_BY,CONDITIONAL
kasteleyn-orientation-language,spectral-framework,INSTANCE_OF,HEURISTIC
knauf-arithmetic-statistical-system,analytic-object,INSTANCE_OF,HEURISTIC
knauf-arithmetic-statistical-system,event-log-function,WOULD_CLOSE,HEURISTIC
kneser-groupoid,euler-side-blindness,BLOCKED_BY,CONDITIONAL
kneser-groupoid,analytic-object,INSTANCE_OF,HEURISTIC
kneser-groupoid,experiments/tfpt-discovery/kneser_groupoid_halfdensity_probe.py,KILLED_BY,CONDITIONAL
koide-mobius-flow,finite-clock-commensurability,BLOCKED_BY,THEOREM
koide-mobius-flow,no-canonical-integer-label,BLOCKED_BY,THEOREM
koide-mobius-flow,analytic-object,INSTANCE_OF,HEURISTIC
kps-theorem,lee-yang-property,IMPLIES,THEOREM
kps-theorem,analytic-object,INSTANCE_OF,HEURISTIC
kps-theorem,van-dantzig-pair,REQUIRES,THEOREM
laguerre-polya-class,experiments/tfpt-discovery/mellin_cofactor_nonreal_zero_probe.py,KILLED_BY,HEURISTIC
laguerre-polya-class,experiments/tfpt-discovery/mellin_cofactor_nonreal_zero_probe.py,USED_BY,HEURISTIC
lambda-star-ladder,analytic-object,INSTANCE_OF,HEURISTIC
lambda-star-ladder,finite-weil-window,REQUIRES,CONDITIONAL
lambda-star-ladder,experiments/tfpt-discovery/kernel_loewner_window_probe.py,USED_BY,HEURISTIC
lambda-star-ladder,experiments/tfpt-discovery/margin_law_symreg_probe.py,USED_BY,HEURISTIC
lambda-star-ladder,experiments/tfpt-discovery/weil_window_profile_scout.py,USED_BY,HEURISTIC
lambda-star-ladder,experiments/tfpt-discovery/weil_window_profile_scout_result.json,USED_BY,HEURISTIC
lambert-w,analytic-object,INSTANCE_OF,HEURISTIC
lambert-w,mellin-transform,REQUIRES,CONDITIONAL
lambert-w,saddle-point-method,REQUIRES,HEURISTIC
landau-widom-asymptotics,analytic-object,INSTANCE_OF,HEURISTIC
lapidus-maier-fractal-string-criterion,weil-positivity,EQUIVALENT_TO,THEOREM
lapidus-maier-fractal-string-criterion,analytic-object,INSTANCE_OF,HEURISTIC
laplace-transform,spectral-framework,INSTANCE_OF,HEURISTIC
laplace-transform,mellin-transform,TRANSFORM_OF,CONDITIONAL
lee-yang-property,positivity-criterion,INSTANCE_OF,HEURISTIC
lee-yang-property,laguerre-polya-class,REQUIRES,CONDITIONAL
li-coefficients,analytic-object,INSTANCE_OF,HEURISTIC
li-criterion,riemann-hypothesis,EQUIVALENT_TO,THEOREM
li-criterion,positivity-criterion,INSTANCE_OF,HEURISTIC
li-criterion,li-coefficients,REQUIRES,THEOREM
lstar-statement,barrier-prime-phase-coherence,BLOCKED_BY,CONDITIONAL
lstar-statement,finite-weil-window,EQUIVALENT_TO,THEOREM
lstar-statement,research-question,INSTANCE_OF,HEURISTIC
lstar-statement,experiments/tfpt-discovery/fullsource_quasidefiniteness_probe.py,USED_BY,HEURISTIC
lstar-statement,rh/problem/verify_lstar_instance.py,USED_BY,HEURISTIC
lstar-statement,finite-weil-window,WOULD_CLOSE,CONDITIONAL
lstar-statement,w3-uniform-window-positivity,WOULD_CLOSE,CONDITIONAL
main-world,scrarith-world,DUAL_TO,HEURISTIC
main-world,smooth-world,DUAL_TO,HEURISTIC
markov-qca-unitary-dilation,no-archimedean-prime-joint-space,BLOCKED_BY,THEOREM
markov-qca-unitary-dilation,spectral-framework,INSTANCE_OF,HEURISTIC
matching-ledger-positivity,positive-cone-blindness,BLOCKED_BY,THEOREM
matching-ledger-positivity,analytic-object,INSTANCE_OF,HEURISTIC
mellin-transform,spectral-framework,INSTANCE_OF,HEURISTIC
mellin-transform,fourier-transform,TRANSFORM_OF,CONDITIONAL
metric-by-operator-positivity,spectral-framework,INSTANCE_OF,HEURISTIC
minimizer-arithmetic-relative-control,research-question,INSTANCE_OF,HEURISTIC
minimizer-arithmetic-relative-control,rh/catalog/analysis/research_followups_20260909.md,USED_BY,CONDITIONAL
mobius-scale-group,spectral-framework,INSTANCE_OF,HEURISTIC
mobius-scale-group,connes-adele-scaling-flow,REDUCES_TO,THEOREM
mobius-strip-topology,no-archimedean-prime-joint-space,BLOCKED_BY,HEURISTIC
mobius-strip-topology,arithmetic-geometry,INSTANCE_OF,HEURISTIC
modular-clock,no-canonical-integer-label,BLOCKED_BY,HEURISTIC
modular-clock,spectral-framework,INSTANCE_OF,HEURISTIC
modular-clock,census-qsm,WOULD_CLOSE,CONDITIONAL
modular-surface,arithmetic-geometry,INSTANCE_OF,HEURISTIC
modular-surface,eisenstein-series,REALIZES,CONDITIONAL
montgomery-conjecture,pair-correlation,EQUIVALENT_TO,CONDITIONAL
montgomery-conjecture,research-question,INSTANCE_OF,HEURISTIC
mu4-mark,class-number-formula-q-i,INSTANCE_OF,THEOREM
mu4-mark,tfpt-compiler,INSTANCE_OF,HEURISTIC
multiplicative-composition-law,analytic-object,INSTANCE_OF,HEURISTIC
murru-salvatori,spectral-framework,INSTANCE_OF,HEURISTIC
murru-salvatori,regulator-jump,REQUIRES,HEURISTIC
narrowband-weil,spectral-framework,INSTANCE_OF,HEURISTIC
narrowband-weil,finite-weil-window,SPECIAL_CASE_OF,CONDITIONAL
narrowband-weil,experiments/tfpt-discovery/narrowband_weil_probe.py,USED_BY,HEURISTIC
narrowband-weil,rh/problem/narrowband_weil.tex,USED_BY,HEURISTIC
narrowband-weil,rh/problem/verify_narrowband_weil.py,USED_BY,HEURISTIC
native-grid-weil-positivity,research-question,INSTANCE_OF,HEURISTIC
native-grid-weil-positivity,frequently-selected-aug-dual-resolvent,REQUIRES,CONDITIONAL
negative-explosion-criterion-a,weil-positivity,EQUIVALENT_TO,CONDITIONAL
negative-explosion-criterion-a,positivity-criterion,INSTANCE_OF,HEURISTIC
negative-explosion-criterion-a,gaussian-smoothed-zero-density,REQUIRES,THEOREM
negative-explosion-criterion-a,experiments/tfpt-discovery/heat_gabor_restatement_probe.py,USED_BY,CONDITIONAL
newman-criterion,riemann-hypothesis,EQUIVALENT_TO,THEOREM
newman-criterion,positivity-criterion,INSTANCE_OF,HEURISTIC
newman-criterion,debruijn-newman-constant,REQUIRES,THEOREM
no-archimedean-prime-joint-space,obstruction-class,INSTANCE_OF,HEURISTIC
no-canonical-integer-label,obstruction-class,INSTANCE_OF,HEURISTIC
no-composite-orbits,obstruction-class,INSTANCE_OF,HEURISTIC
no-composite-orbits,adele-class-space,REQUIRES,CONDITIONAL
nyman-beurling-criterion,hardy-space-h2,DUAL_TO,THEOREM
nyman-beurling-criterion,riemann-hypothesis,EQUIVALENT_TO,THEOREM
nyman-beurling-criterion,positivity-criterion,INSTANCE_OF,HEURISTIC
nyman-beurling-criterion,nyman-beurling-space,REQUIRES,THEOREM
nyman-beurling-criterion,experiments/tfpt-discovery/baez_duarte_probe.py,USED_BY,HEURISTIC
nyman-beurling-criterion,experiments/tfpt-discovery/criteria_atlas_probe.py,USED_BY,HEURISTIC
nyman-beurling-criterion,verification/v667_baez_duarte.py,USED_BY,HEURISTIC
nyman-beurling-space,analytic-object,INSTANCE_OF,HEURISTIC
open-autonomous-prime-generator,finite-clock-commensurability,BLOCKED_BY,THEOREM
open-autonomous-prime-generator,research-question,INSTANCE_OF,HEURISTIC
open-autonomous-prime-generator,static-prime-event-log,WOULD_CLOSE,CONDITIONAL
open-gabor-window-positivity,barrier-finite-window-ceiling,BLOCKED_BY,CONDITIONAL
open-gabor-window-positivity,research-question,INSTANCE_OF,HEURISTIC
open-gabor-window-positivity,gabor-pure-criterion,WOULD_CLOSE,CONDITIONAL
open-global-all-place-intersection,barrier-arch-compensation,BLOCKED_BY,CONDITIONAL
open-global-all-place-intersection,research-question,INSTANCE_OF,HEURISTIC
open-global-all-place-intersection,rh/catalog/analysis/all_place_tate_audit.md,USED_BY,HEURISTIC
open-global-all-place-intersection,additive-adeles,WOULD_CLOSE,CONDITIONAL
open-global-all-place-intersection,arakelov-intersection,WOULD_CLOSE,CONDITIONAL
open-global-all-place-intersection,weil-quadratic-form,WOULD_CLOSE,CONDITIONAL
open-half-density-geometry,barrier-unimodularity,BLOCKED_BY,CONDITIONAL
open-half-density-geometry,research-question,INSTANCE_OF,HEURISTIC
open-half-density-geometry,experiments/tfpt-discovery/kneser_groupoid_halfdensity_probe.py,KILLED_BY,CONDITIONAL
open-half-density-geometry,experiments/tfpt-discovery/parabolic_detline2_probe.py,KILLED_BY,CONDITIONAL
open-half-density-geometry,gate-zero,WOULD_CLOSE,CONDITIONAL
open-half-density-geometry,half-density,WOULD_CLOSE,CONDITIONAL
open-independent-positivity-source,barrier-circularity,BLOCKED_BY,CONDITIONAL
open-independent-positivity-source,research-question,INSTANCE_OF,HEURISTIC
open-independent-positivity-source,/Users/stefanhamann/Documents/Codex/2026-09-04/scha-2/research/rh_arithmetic_relative_correction_20260909/README.md,USED_BY,HEURISTIC
open-independent-positivity-source,experiments/tfpt-discovery/geometric_sos_probe.py,USED_BY,HEURISTIC
open-independent-positivity-source,experiments/tfpt-discovery/strat2_rp_universality_probe.py,USED_BY,HEURISTIC
open-independent-positivity-source,verification/v902_wall_relocation_map.py,USED_BY,HEURISTIC
open-independent-positivity-source,hilbert-polya-operator,WOULD_CLOSE,CONDITIONAL
open-independent-positivity-source,lstar-statement,WOULD_CLOSE,CONDITIONAL
open-independent-positivity-source,metric-by-operator-positivity,WOULD_CLOSE,CONDITIONAL
open-independent-positivity-source,positivity-semigroup,WOULD_CLOSE,CONDITIONAL
open-independent-positivity-source,weil-positivity,WOULD_CLOSE,CONDITIONAL
open-lambda-star-scale-law,barrier-finite-window-ceiling,BLOCKED_BY,CONDITIONAL
open-lambda-star-scale-law,research-question,INSTANCE_OF,HEURISTIC
open-lambda-star-scale-law,lambda-star-ladder,WOULD_CLOSE,CONDITIONAL
open-prime-phase-control,barrier-prime-phase-coherence,BLOCKED_BY,CONDITIONAL
open-prime-phase-control,barrier-world-blind,BLOCKED_BY,CONDITIONAL
open-prime-phase-control,research-question,INSTANCE_OF,HEURISTIC
open-prime-phase-control,weil-prime-term,WOULD_CLOSE,CONDITIONAL
open-relative-determinant-identity,barrier-structural-mismatch,BLOCKED_BY,CONDITIONAL
open-relative-determinant-identity,research-question,INSTANCE_OF,HEURISTIC
open-relative-determinant-identity,explicit-formula,WOULD_CLOSE,CONDITIONAL
open-relative-determinant-identity,relative-determinant,WOULD_CLOSE,CONDITIONAL
openai-long-prime-gaps,riemann-hypothesis,BLOCKED_BY,HEURISTIC
openai-long-prime-gaps,spectral-framework,INSTANCE_OF,HEURISTIC
original-autonomous-residual-miss,spectral-framework,INSTANCE_OF,HEURISTIC
original-autonomous-residual-miss,/Users/stefanhamann/Documents/Codex/2026-09-04/scha-2/research/rh_autonomous_search_20260907/README.md,KILLED_BY,CONDITIONAL
outer-bridges,tfpt-compiler,INSTANCE_OF,HEURISTIC
outer-bridges,selected-window-family,REDUCES_TO,CONDITIONAL
outer-bridges,rh/problem/outer_bridges.pdf,USED_BY,HEURISTIC
outer-bridges,rh/problem/outer_bridges.tex,USED_BY,HEURISTIC
p1-gauss-bonnet-positive-normalization,positive-cone-blindness,BLOCKED_BY,THEOREM
p1-gauss-bonnet-positive-normalization,analytic-object,INSTANCE_OF,HEURISTIC
pair-correlation,gue-statistics,EQUIVALENT_TO,CONDITIONAL
pair-correlation,analytic-object,INSTANCE_OF,HEURISTIC
pair-correlation,experiments/tfpt-discovery/lamzouri_hilbert_adjudication_probe.py,USED_BY,HEURISTIC
pair-correlation,experiments/tfpt-discovery/paircorr_bridge_map_probe.py,USED_BY,HEURISTIC
pair-correlation,experiments/tfpt-discovery/paircorr_contract_probe.py,USED_BY,HEURISTIC
paper-discovered-03d8498cd556b29e0a,paper-parity-toeplitz,SPECIAL_CASE_OF,HEURISTIC
paper-discovered-03d8498cd556b29e0a,parity_toeplitz_classification.tex#paper-discovered-03d8498cd556b29e0a,USED_BY,HEURISTIC
paper-discovered-03d8498cd556b29e0a,parity_toeplitz_classification.tex#paper-discovered-03d8498cd556b29e0a,USED_BY,HEURISTIC
paper-discovered-046a1842c93f90f6fe,paper-parity-toeplitz,SPECIAL_CASE_OF,HEURISTIC
paper-discovered-046a1842c93f90f6fe,parity_toeplitz_classification.tex#paper-discovered-046a1842c93f90f6fe,USED_BY,HEURISTIC
paper-discovered-046a1842c93f90f6fe,parity_toeplitz_classification.tex#paper-discovered-046a1842c93f90f6fe,USED_BY,HEURISTIC
paper-discovered-04ab11d40f5c6677d9,paper-multilevel-toeplitz,SPECIAL_CASE_OF,HEURISTIC
paper-discovered-04ab11d40f5c6677d9,multilevel_toeplitz_lowerbound.tex#paper-discovered-04ab11d40f5c6677d9,USED_BY,HEURISTIC
paper-discovered-04ab11d40f5c6677d9,multilevel_toeplitz_lowerbound.tex#paper-discovered-04ab11d40f5c6677d9,USED_BY,HEURISTIC
paper-discovered-07b5aa2669740c8e79,paper-parity-toeplitz,SPECIAL_CASE_OF,HEURISTIC
paper-discovered-07b5aa2669740c8e79,parity_toeplitz_classification.tex#paper-discovered-07b5aa2669740c8e79,USED_BY,HEURISTIC
paper-discovered-07b5aa2669740c8e79,parity_toeplitz_classification.tex#paper-discovered-07b5aa2669740c8e79,USED_BY,HEURISTIC
paper-discovered-0a4cc3d2e4a374ea80,paper-parity-toeplitz,SPECIAL_CASE_OF,HEURISTIC
paper-discovered-0a4cc3d2e4a374ea80,parity_toeplitz_classification.tex#paper-discovered-0a4cc3d2e4a374ea80,USED_BY,HEURISTIC
paper-discovered-0a4cc3d2e4a374ea80,parity_toeplitz_classification.tex#paper-discovered-0a4cc3d2e4a374ea80,USED_BY,HEURISTIC
paper-discovered-0bb8faf64bbcef970f,paper-multilevel-toeplitz,SPECIAL_CASE_OF,HEURISTIC
paper-discovered-0bb8faf64bbcef970f,multilevel_toeplitz_lowerbound.tex#paper-discovered-0bb8faf64bbcef970f,USED_BY,HEURISTIC
paper-discovered-0bb8faf64bbcef970f,multilevel_toeplitz_lowerbound.tex#paper-discovered-0bb8faf64bbcef970f,USED_BY,HEURISTIC
paper-discovered-14f5f7232fc2859a27,paper-parity-toeplitz,SPECIAL_CASE_OF,HEURISTIC
paper-discovered-14f5f7232fc2859a27,parity_toeplitz_classification.tex#paper-discovered-14f5f7232fc2859a27,USED_BY,HEURISTIC
paper-discovered-14f5f7232fc2859a27,parity_toeplitz_classification.tex#paper-discovered-14f5f7232fc2859a27,USED_BY,HEURISTIC
paper-discovered-1a6f06bc02556a8ca6,paper-parity-toeplitz,SPECIAL_CASE_OF,HEURISTIC
paper-discovered-1a6f06bc02556a8ca6,parity_toeplitz_classification.tex#paper-discovered-1a6f06bc02556a8ca6,USED_BY,HEURISTIC
paper-discovered-1a6f06bc02556a8ca6,parity_toeplitz_classification.tex#paper-discovered-1a6f06bc02556a8ca6,USED_BY,HEURISTIC
paper-discovered-1f96c335fecc55f2cf,paper-parity-toeplitz,SPECIAL_CASE_OF,HEURISTIC
paper-discovered-1f96c335fecc55f2cf,parity_toeplitz_classification.tex#paper-discovered-1f96c335fecc55f2cf,USED_BY,HEURISTIC
paper-discovered-1f96c335fecc55f2cf,parity_toeplitz_classification.tex#paper-discovered-1f96c335fecc55f2cf,USED_BY,HEURISTIC
paper-discovered-253effbf6f5f46825f,paper-parity-toeplitz,SPECIAL_CASE_OF,HEURISTIC
paper-discovered-253effbf6f5f46825f,parity_toeplitz_classification.tex#paper-discovered-253effbf6f5f46825f,USED_BY,HEURISTIC
paper-discovered-253effbf6f5f46825f,parity_toeplitz_classification.tex#paper-discovered-253effbf6f5f46825f,USED_BY,HEURISTIC
paper-discovered-260b2934308834ff30,paper-multilevel-toeplitz,SPECIAL_CASE_OF,HEURISTIC
paper-discovered-260b2934308834ff30,multilevel_toeplitz_lowerbound.tex#paper-discovered-260b2934308834ff30,USED_BY,HEURISTIC
paper-discovered-260b2934308834ff30,multilevel_toeplitz_lowerbound.tex#paper-discovered-260b2934308834ff30,USED_BY,HEURISTIC
paper-discovered-277d4d5753cbf897c9,paper-multilevel-toeplitz,SPECIAL_CASE_OF,HEURISTIC
paper-discovered-277d4d5753cbf897c9,multilevel_toeplitz_lowerbound.tex#paper-discovered-277d4d5753cbf897c9,USED_BY,HEURISTIC
paper-discovered-277d4d5753cbf897c9,multilevel_toeplitz_lowerbound.tex#paper-discovered-277d4d5753cbf897c9,USED_BY,HEURISTIC
paper-discovered-31a48bca49bc25f595,paper-multilevel-toeplitz,SPECIAL_CASE_OF,HEURISTIC
paper-discovered-31a48bca49bc25f595,multilevel_toeplitz_lowerbound.tex#paper-discovered-31a48bca49bc25f595,USED_BY,HEURISTIC
paper-discovered-31a48bca49bc25f595,multilevel_toeplitz_lowerbound.tex#paper-discovered-31a48bca49bc25f595,USED_BY,HEURISTIC
paper-discovered-349dd5af8d96923ab3,paper-parity-toeplitz,SPECIAL_CASE_OF,HEURISTIC
paper-discovered-349dd5af8d96923ab3,parity_toeplitz_classification.tex#paper-discovered-349dd5af8d96923ab3,USED_BY,HEURISTIC
paper-discovered-349dd5af8d96923ab3,parity_toeplitz_classification.tex#paper-discovered-349dd5af8d96923ab3,USED_BY,HEURISTIC
paper-discovered-3504e75554f1f37349,paper-gaussian-code,SPECIAL_CASE_OF,HEURISTIC
paper-discovered-3504e75554f1f37349,note_e8_gaussian_code.tex#paper-discovered-3504e75554f1f37349,USED_BY,HEURISTIC
paper-discovered-3504e75554f1f37349,note_e8_gaussian_code.tex#paper-discovered-3504e75554f1f37349,USED_BY,HEURISTIC
paper-discovered-359a5118ff380b46ba,paper-multilevel-toeplitz,SPECIAL_CASE_OF,HEURISTIC
paper-discovered-359a5118ff380b46ba,multilevel_toeplitz_lowerbound.tex#paper-discovered-359a5118ff380b46ba,USED_BY,HEURISTIC
paper-discovered-359a5118ff380b46ba,multilevel_toeplitz_lowerbound.tex#paper-discovered-359a5118ff380b46ba,USED_BY,HEURISTIC
paper-discovered-374366a61d8e88b9c7,paper-multilevel-toeplitz,SPECIAL_CASE_OF,HEURISTIC
paper-discovered-374366a61d8e88b9c7,multilevel_toeplitz_lowerbound.tex#paper-discovered-374366a61d8e88b9c7,USED_BY,HEURISTIC
paper-discovered-374366a61d8e88b9c7,multilevel_toeplitz_lowerbound.tex#paper-discovered-374366a61d8e88b9c7,USED_BY,HEURISTIC
paper-discovered-378eb1262f9dd2b1be,paper-parity-toeplitz,SPECIAL_CASE_OF,HEURISTIC
paper-discovered-378eb1262f9dd2b1be,parity_toeplitz_classification.tex#paper-discovered-378eb1262f9dd2b1be,USED_BY,HEURISTIC
paper-discovered-378eb1262f9dd2b1be,parity_toeplitz_classification.tex#paper-discovered-378eb1262f9dd2b1be,USED_BY,HEURISTIC
paper-discovered-38a476ad8509aee5de,paper-parity-toeplitz,SPECIAL_CASE_OF,HEURISTIC
paper-discovered-38a476ad8509aee5de,parity_toeplitz_classification.tex#paper-discovered-38a476ad8509aee5de,USED_BY,HEURISTIC
paper-discovered-38a476ad8509aee5de,parity_toeplitz_classification.tex#paper-discovered-38a476ad8509aee5de,USED_BY,HEURISTIC
paper-discovered-3a1eca64fb645f29c5,paper-parity-toeplitz,SPECIAL_CASE_OF,HEURISTIC
paper-discovered-3a1eca64fb645f29c5,parity_toeplitz_classification.tex#paper-discovered-3a1eca64fb645f29c5,USED_BY,HEURISTIC
paper-discovered-3a1eca64fb645f29c5,parity_toeplitz_classification.tex#paper-discovered-3a1eca64fb645f29c5,USED_BY,HEURISTIC
paper-discovered-3aff9152d2bd04cab1,paper-parity-toeplitz,SPECIAL_CASE_OF,HEURISTIC
paper-discovered-3aff9152d2bd04cab1,parity_toeplitz_classification.tex#paper-discovered-3aff9152d2bd04cab1,USED_BY,HEURISTIC
paper-discovered-3aff9152d2bd04cab1,parity_toeplitz_classification.tex#paper-discovered-3aff9152d2bd04cab1,USED_BY,HEURISTIC
paper-discovered-3d26df7a0e7e5437e7,paper-parity-toeplitz,SPECIAL_CASE_OF,HEURISTIC
paper-discovered-3d26df7a0e7e5437e7,parity_toeplitz_classification.tex#paper-discovered-3d26df7a0e7e5437e7,USED_BY,HEURISTIC
paper-discovered-3d26df7a0e7e5437e7,parity_toeplitz_classification.tex#paper-discovered-3d26df7a0e7e5437e7,USED_BY,HEURISTIC
paper-discovered-3f03cf24714ee83491,paper-parity-toeplitz,SPECIAL_CASE_OF,HEURISTIC
paper-discovered-3f03cf24714ee83491,parity_toeplitz_classification.tex#paper-discovered-3f03cf24714ee83491,USED_BY,HEURISTIC
paper-discovered-3f03cf24714ee83491,parity_toeplitz_classification.tex#paper-discovered-3f03cf24714ee83491,USED_BY,HEURISTIC
paper-discovered-44db965e63b3fa54e8,paper-w1-identification,SPECIAL_CASE_OF,HEURISTIC
paper-discovered-44db965e63b3fa54e8,note_w1_suzuki_identification.tex#paper-discovered-44db965e63b3fa54e8,USED_BY,HEURISTIC
paper-discovered-44db965e63b3fa54e8,note_w1_suzuki_identification.tex#paper-discovered-44db965e63b3fa54e8,USED_BY,HEURISTIC
paper-discovered-464981fcb582cb4bfb,paper-multilevel-toeplitz,SPECIAL_CASE_OF,HEURISTIC
paper-discovered-464981fcb582cb4bfb,multilevel_toeplitz_lowerbound.tex#paper-discovered-464981fcb582cb4bfb,USED_BY,HEURISTIC
paper-discovered-464981fcb582cb4bfb,multilevel_toeplitz_lowerbound.tex#paper-discovered-464981fcb582cb4bfb,USED_BY,HEURISTIC
paper-discovered-46a68271538be83dc2,paper-gaussian-code,SPECIAL_CASE_OF,HEURISTIC
paper-discovered-46a68271538be83dc2,note_e8_gaussian_code.tex#paper-discovered-46a68271538be83dc2,USED_BY,HEURISTIC
paper-discovered-46a68271538be83dc2,note_e8_gaussian_code.tex#paper-discovered-46a68271538be83dc2,USED_BY,HEURISTIC
paper-discovered-4bb24a32d7a2fce33a,paper-multilevel-toeplitz,SPECIAL_CASE_OF,HEURISTIC
paper-discovered-4bb24a32d7a2fce33a,multilevel_toeplitz_lowerbound.tex#paper-discovered-4bb24a32d7a2fce33a,USED_BY,HEURISTIC
paper-discovered-4bb24a32d7a2fce33a,multilevel_toeplitz_lowerbound.tex#paper-discovered-4bb24a32d7a2fce33a,USED_BY,HEURISTIC
paper-discovered-4d8e1a944892a9a5e3,paper-parity-toeplitz,SPECIAL_CASE_OF,HEURISTIC
paper-discovered-4d8e1a944892a9a5e3,parity_toeplitz_classification.tex#paper-discovered-4d8e1a944892a9a5e3,USED_BY,HEURISTIC
paper-discovered-4d8e1a944892a9a5e3,parity_toeplitz_classification.tex#paper-discovered-4d8e1a944892a9a5e3,USED_BY,HEURISTIC
paper-discovered-4eaf76115c306583dd,paper-parity-toeplitz,SPECIAL_CASE_OF,HEURISTIC
paper-discovered-4eaf76115c306583dd,parity_toeplitz_classification.tex#paper-discovered-4eaf76115c306583dd,USED_BY,HEURISTIC
paper-discovered-4eaf76115c306583dd,parity_toeplitz_classification.tex#paper-discovered-4eaf76115c306583dd,USED_BY,HEURISTIC
paper-discovered-5190bd1266a72a4973,paper-parity-toeplitz,SPECIAL_CASE_OF,HEURISTIC
paper-discovered-5190bd1266a72a4973,parity_toeplitz_classification.tex#paper-discovered-5190bd1266a72a4973,USED_BY,HEURISTIC
paper-discovered-5190bd1266a72a4973,parity_toeplitz_classification.tex#paper-discovered-5190bd1266a72a4973,USED_BY,HEURISTIC
paper-discovered-531a2025ac71db9bc2,paper-multilevel-toeplitz,SPECIAL_CASE_OF,HEURISTIC
paper-discovered-531a2025ac71db9bc2,multilevel_toeplitz_lowerbound.tex#paper-discovered-531a2025ac71db9bc2,USED_BY,HEURISTIC
paper-discovered-531a2025ac71db9bc2,multilevel_toeplitz_lowerbound.tex#paper-discovered-531a2025ac71db9bc2,USED_BY,HEURISTIC
paper-discovered-55ff3d411848ad93c5,paper-parity-toeplitz,SPECIAL_CASE_OF,HEURISTIC
paper-discovered-55ff3d411848ad93c5,parity_toeplitz_classification.tex#paper-discovered-55ff3d411848ad93c5,USED_BY,HEURISTIC
paper-discovered-55ff3d411848ad93c5,parity_toeplitz_classification.tex#paper-discovered-55ff3d411848ad93c5,USED_BY,HEURISTIC
paper-discovered-58840f2040f7420a8c,paper-parity-toeplitz,SPECIAL_CASE_OF,HEURISTIC
paper-discovered-58840f2040f7420a8c,parity_toeplitz_classification.tex#paper-discovered-58840f2040f7420a8c,USED_BY,HEURISTIC
paper-discovered-58840f2040f7420a8c,parity_toeplitz_classification.tex#paper-discovered-58840f2040f7420a8c,USED_BY,HEURISTIC
paper-discovered-598b44928fc93a5cb5,paper-gaussian-code,SPECIAL_CASE_OF,HEURISTIC
paper-discovered-598b44928fc93a5cb5,note_e8_gaussian_code.tex#paper-discovered-598b44928fc93a5cb5,USED_BY,HEURISTIC
paper-discovered-598b44928fc93a5cb5,note_e8_gaussian_code.tex#paper-discovered-598b44928fc93a5cb5,USED_BY,HEURISTIC
paper-discovered-5d49bd988d2bc8e9eb,paper-parity-toeplitz,SPECIAL_CASE_OF,HEURISTIC
paper-discovered-5d49bd988d2bc8e9eb,parity_toeplitz_classification.tex#paper-discovered-5d49bd988d2bc8e9eb,USED_BY,HEURISTIC
paper-discovered-5d49bd988d2bc8e9eb,parity_toeplitz_classification.tex#paper-discovered-5d49bd988d2bc8e9eb,USED_BY,HEURISTIC
paper-discovered-5da139a2071d587e3f,paper-parity-toeplitz,SPECIAL_CASE_OF,HEURISTIC
paper-discovered-5da139a2071d587e3f,parity_toeplitz_classification.tex#paper-discovered-5da139a2071d587e3f,USED_BY,HEURISTIC
paper-discovered-5da139a2071d587e3f,parity_toeplitz_classification.tex#paper-discovered-5da139a2071d587e3f,USED_BY,HEURISTIC
paper-discovered-62efe60cf67603b80b,paper-parity-toeplitz,SPECIAL_CASE_OF,HEURISTIC
paper-discovered-62efe60cf67603b80b,parity_toeplitz_classification.tex#paper-discovered-62efe60cf67603b80b,USED_BY,HEURISTIC
paper-discovered-62efe60cf67603b80b,parity_toeplitz_classification.tex#paper-discovered-62efe60cf67603b80b,USED_BY,HEURISTIC
paper-discovered-64597a32c4adead53b,paper-parity-toeplitz,SPECIAL_CASE_OF,HEURISTIC
paper-discovered-64597a32c4adead53b,parity_toeplitz_classification.tex#paper-discovered-64597a32c4adead53b,USED_BY,HEURISTIC
paper-discovered-64597a32c4adead53b,parity_toeplitz_classification.tex#paper-discovered-64597a32c4adead53b,USED_BY,HEURISTIC
paper-discovered-67bbad60c4a1985633,paper-multilevel-toeplitz,SPECIAL_CASE_OF,HEURISTIC
paper-discovered-67bbad60c4a1985633,multilevel_toeplitz_lowerbound.tex#paper-discovered-67bbad60c4a1985633,USED_BY,HEURISTIC
paper-discovered-67bbad60c4a1985633,multilevel_toeplitz_lowerbound.tex#paper-discovered-67bbad60c4a1985633,USED_BY,HEURISTIC
paper-discovered-68330f2f534e12542c,paper-parity-toeplitz,SPECIAL_CASE_OF,HEURISTIC
paper-discovered-68330f2f534e12542c,parity_toeplitz_classification.tex#paper-discovered-68330f2f534e12542c,USED_BY,HEURISTIC
paper-discovered-68330f2f534e12542c,parity_toeplitz_classification.tex#paper-discovered-68330f2f534e12542c,USED_BY,HEURISTIC
paper-discovered-68f52772ef01f9ce16,paper-parity-toeplitz,SPECIAL_CASE_OF,HEURISTIC
paper-discovered-68f52772ef01f9ce16,parity_toeplitz_classification.tex#paper-discovered-68f52772ef01f9ce16,USED_BY,HEURISTIC
paper-discovered-68f52772ef01f9ce16,parity_toeplitz_classification.tex#paper-discovered-68f52772ef01f9ce16,USED_BY,HEURISTIC
paper-discovered-69d122a848f2db0bd6,paper-parity-toeplitz,SPECIAL_CASE_OF,HEURISTIC
paper-discovered-69d122a848f2db0bd6,parity_toeplitz_classification.tex#paper-discovered-69d122a848f2db0bd6,USED_BY,HEURISTIC
paper-discovered-69d122a848f2db0bd6,parity_toeplitz_classification.tex#paper-discovered-69d122a848f2db0bd6,USED_BY,HEURISTIC
paper-discovered-6c988252dca50004e0,paper-multilevel-toeplitz,SPECIAL_CASE_OF,HEURISTIC
paper-discovered-6c988252dca50004e0,multilevel_toeplitz_lowerbound.tex#paper-discovered-6c988252dca50004e0,USED_BY,HEURISTIC
paper-discovered-6c988252dca50004e0,multilevel_toeplitz_lowerbound.tex#paper-discovered-6c988252dca50004e0,USED_BY,HEURISTIC
paper-discovered-6fcd2a9ea18ba95a63,paper-parity-toeplitz,SPECIAL_CASE_OF,HEURISTIC
paper-discovered-6fcd2a9ea18ba95a63,parity_toeplitz_classification.tex#paper-discovered-6fcd2a9ea18ba95a63,USED_BY,HEURISTIC
paper-discovered-6fcd2a9ea18ba95a63,parity_toeplitz_classification.tex#paper-discovered-6fcd2a9ea18ba95a63,USED_BY,HEURISTIC
paper-discovered-754adaa262b1ef6121,paper-multilevel-toeplitz,SPECIAL_CASE_OF,HEURISTIC
paper-discovered-754adaa262b1ef6121,multilevel_toeplitz_lowerbound.tex#paper-discovered-754adaa262b1ef6121,USED_BY,HEURISTIC
paper-discovered-754adaa262b1ef6121,multilevel_toeplitz_lowerbound.tex#paper-discovered-754adaa262b1ef6121,USED_BY,HEURISTIC
paper-discovered-75ccc86efc2e2d6d33,paper-parity-toeplitz,SPECIAL_CASE_OF,HEURISTIC
paper-discovered-75ccc86efc2e2d6d33,parity_toeplitz_classification.tex#paper-discovered-75ccc86efc2e2d6d33,USED_BY,HEURISTIC
paper-discovered-75ccc86efc2e2d6d33,parity_toeplitz_classification.tex#paper-discovered-75ccc86efc2e2d6d33,USED_BY,HEURISTIC
paper-discovered-783a08a56ff0106824,paper-multilevel-toeplitz,SPECIAL_CASE_OF,HEURISTIC
paper-discovered-783a08a56ff0106824,multilevel_toeplitz_lowerbound.tex#paper-discovered-783a08a56ff0106824,USED_BY,HEURISTIC
paper-discovered-783a08a56ff0106824,multilevel_toeplitz_lowerbound.tex#paper-discovered-783a08a56ff0106824,USED_BY,HEURISTIC
paper-discovered-7844ff09026f55e965,paper-parity-toeplitz,SPECIAL_CASE_OF,HEURISTIC
paper-discovered-7844ff09026f55e965,parity_toeplitz_classification.tex#paper-discovered-7844ff09026f55e965,USED_BY,HEURISTIC
paper-discovered-7844ff09026f55e965,parity_toeplitz_classification.tex#paper-discovered-7844ff09026f55e965,USED_BY,HEURISTIC
paper-discovered-7eee5c29b01361d2a5,paper-parity-toeplitz,SPECIAL_CASE_OF,HEURISTIC
paper-discovered-7eee5c29b01361d2a5,parity_toeplitz_classification.tex#paper-discovered-7eee5c29b01361d2a5,USED_BY,HEURISTIC
paper-discovered-7eee5c29b01361d2a5,parity_toeplitz_classification.tex#paper-discovered-7eee5c29b01361d2a5,USED_BY,HEURISTIC
paper-discovered-7f8e6cf518a8e191cf,paper-parity-toeplitz,SPECIAL_CASE_OF,HEURISTIC
paper-discovered-7f8e6cf518a8e191cf,parity_toeplitz_classification.tex#paper-discovered-7f8e6cf518a8e191cf,USED_BY,HEURISTIC
paper-discovered-7f8e6cf518a8e191cf,parity_toeplitz_classification.tex#paper-discovered-7f8e6cf518a8e191cf,USED_BY,HEURISTIC
paper-discovered-81216f9874163553ab,paper-multilevel-toeplitz,SPECIAL_CASE_OF,HEURISTIC
paper-discovered-81216f9874163553ab,multilevel_toeplitz_lowerbound.tex#paper-discovered-81216f9874163553ab,USED_BY,HEURISTIC
paper-discovered-81216f9874163553ab,multilevel_toeplitz_lowerbound.tex#paper-discovered-81216f9874163553ab,USED_BY,HEURISTIC
paper-discovered-82a4d7628ada178d3a,paper-parity-toeplitz,SPECIAL_CASE_OF,HEURISTIC
paper-discovered-82a4d7628ada178d3a,parity_toeplitz_classification.tex#paper-discovered-82a4d7628ada178d3a,USED_BY,HEURISTIC
paper-discovered-82a4d7628ada178d3a,parity_toeplitz_classification.tex#paper-discovered-82a4d7628ada178d3a,USED_BY,HEURISTIC
paper-discovered-8339c3da6d817cd7c1,paper-parity-toeplitz,SPECIAL_CASE_OF,HEURISTIC
paper-discovered-8339c3da6d817cd7c1,parity_toeplitz_classification.tex#paper-discovered-8339c3da6d817cd7c1,USED_BY,HEURISTIC
paper-discovered-8339c3da6d817cd7c1,parity_toeplitz_classification.tex#paper-discovered-8339c3da6d817cd7c1,USED_BY,HEURISTIC
paper-discovered-87371be527b0ef0c67,paper-multilevel-toeplitz,SPECIAL_CASE_OF,HEURISTIC
paper-discovered-87371be527b0ef0c67,multilevel_toeplitz_lowerbound.tex#paper-discovered-87371be527b0ef0c67,USED_BY,HEURISTIC
paper-discovered-87371be527b0ef0c67,multilevel_toeplitz_lowerbound.tex#paper-discovered-87371be527b0ef0c67,USED_BY,HEURISTIC
paper-discovered-8a28e4348fb57dcbb9,paper-parity-toeplitz,SPECIAL_CASE_OF,HEURISTIC
paper-discovered-8a28e4348fb57dcbb9,parity_toeplitz_classification.tex#paper-discovered-8a28e4348fb57dcbb9,USED_BY,HEURISTIC
paper-discovered-8a28e4348fb57dcbb9,parity_toeplitz_classification.tex#paper-discovered-8a28e4348fb57dcbb9,USED_BY,HEURISTIC
paper-discovered-8c0f25dc4f915e05d0,paper-parity-toeplitz,SPECIAL_CASE_OF,HEURISTIC
paper-discovered-8c0f25dc4f915e05d0,parity_toeplitz_classification.tex#paper-discovered-8c0f25dc4f915e05d0,USED_BY,HEURISTIC
paper-discovered-8c0f25dc4f915e05d0,parity_toeplitz_classification.tex#paper-discovered-8c0f25dc4f915e05d0,USED_BY,HEURISTIC
paper-discovered-8dc82f4043f70167dd,paper-gaussian-code,SPECIAL_CASE_OF,HEURISTIC
paper-discovered-8dc82f4043f70167dd,note_e8_gaussian_code.tex#paper-discovered-8dc82f4043f70167dd,USED_BY,HEURISTIC
paper-discovered-8dc82f4043f70167dd,note_e8_gaussian_code.tex#paper-discovered-8dc82f4043f70167dd,USED_BY,HEURISTIC
paper-discovered-93d65f46ae53dc156a,paper-multilevel-toeplitz,SPECIAL_CASE_OF,HEURISTIC
paper-discovered-93d65f46ae53dc156a,multilevel_toeplitz_lowerbound.tex#paper-discovered-93d65f46ae53dc156a,USED_BY,HEURISTIC
paper-discovered-93d65f46ae53dc156a,multilevel_toeplitz_lowerbound.tex#paper-discovered-93d65f46ae53dc156a,USED_BY,HEURISTIC
paper-discovered-95e1f921bcce25b6d9,paper-parity-toeplitz,SPECIAL_CASE_OF,HEURISTIC
paper-discovered-95e1f921bcce25b6d9,parity_toeplitz_classification.tex#paper-discovered-95e1f921bcce25b6d9,USED_BY,HEURISTIC
paper-discovered-95e1f921bcce25b6d9,parity_toeplitz_classification.tex#paper-discovered-95e1f921bcce25b6d9,USED_BY,HEURISTIC
paper-discovered-97c79d4ab0e8dd30cb,paper-parity-toeplitz,SPECIAL_CASE_OF,HEURISTIC
paper-discovered-97c79d4ab0e8dd30cb,parity_toeplitz_classification.tex#paper-discovered-97c79d4ab0e8dd30cb,USED_BY,HEURISTIC
paper-discovered-97c79d4ab0e8dd30cb,parity_toeplitz_classification.tex#paper-discovered-97c79d4ab0e8dd30cb,USED_BY,HEURISTIC
paper-discovered-980fd48d416e18d93c,paper-parity-toeplitz,SPECIAL_CASE_OF,HEURISTIC
paper-discovered-980fd48d416e18d93c,parity_toeplitz_classification.tex#paper-discovered-980fd48d416e18d93c,USED_BY,HEURISTIC
paper-discovered-980fd48d416e18d93c,parity_toeplitz_classification.tex#paper-discovered-980fd48d416e18d93c,USED_BY,HEURISTIC
paper-discovered-99c762258200cee48f,paper-parity-toeplitz,SPECIAL_CASE_OF,HEURISTIC
paper-discovered-99c762258200cee48f,parity_toeplitz_classification.tex#paper-discovered-99c762258200cee48f,USED_BY,HEURISTIC
paper-discovered-99c762258200cee48f,parity_toeplitz_classification.tex#paper-discovered-99c762258200cee48f,USED_BY,HEURISTIC
paper-discovered-9c57574c3a6ebc7aaf,paper-parity-toeplitz,SPECIAL_CASE_OF,HEURISTIC
paper-discovered-9c57574c3a6ebc7aaf,parity_toeplitz_classification.tex#paper-discovered-9c57574c3a6ebc7aaf,USED_BY,HEURISTIC
paper-discovered-9c57574c3a6ebc7aaf,parity_toeplitz_classification.tex#paper-discovered-9c57574c3a6ebc7aaf,USED_BY,HEURISTIC
paper-discovered-9f2dfb456cb556dd25,paper-parity-toeplitz,SPECIAL_CASE_OF,HEURISTIC
paper-discovered-9f2dfb456cb556dd25,parity_toeplitz_classification.tex#paper-discovered-9f2dfb456cb556dd25,USED_BY,HEURISTIC
paper-discovered-9f2dfb456cb556dd25,parity_toeplitz_classification.tex#paper-discovered-9f2dfb456cb556dd25,USED_BY,HEURISTIC
paper-discovered-a1d61877760ed3ac3b,paper-multilevel-toeplitz,SPECIAL_CASE_OF,HEURISTIC
paper-discovered-a1d61877760ed3ac3b,multilevel_toeplitz_lowerbound.tex#paper-discovered-a1d61877760ed3ac3b,USED_BY,HEURISTIC
paper-discovered-a1d61877760ed3ac3b,multilevel_toeplitz_lowerbound.tex#paper-discovered-a1d61877760ed3ac3b,USED_BY,HEURISTIC
paper-discovered-a1dfb788db1b66f2bc,paper-parity-toeplitz,SPECIAL_CASE_OF,HEURISTIC
paper-discovered-a1dfb788db1b66f2bc,parity_toeplitz_classification.tex#paper-discovered-a1dfb788db1b66f2bc,USED_BY,HEURISTIC
paper-discovered-a1dfb788db1b66f2bc,parity_toeplitz_classification.tex#paper-discovered-a1dfb788db1b66f2bc,USED_BY,HEURISTIC
paper-discovered-a387e9609981c9ab05,paper-parity-toeplitz,SPECIAL_CASE_OF,HEURISTIC
paper-discovered-a387e9609981c9ab05,parity_toeplitz_classification.tex#paper-discovered-a387e9609981c9ab05,USED_BY,HEURISTIC
paper-discovered-a387e9609981c9ab05,parity_toeplitz_classification.tex#paper-discovered-a387e9609981c9ab05,USED_BY,HEURISTIC
paper-discovered-a573b2c473eb5bd09c,paper-parity-toeplitz,SPECIAL_CASE_OF,HEURISTIC
paper-discovered-a573b2c473eb5bd09c,parity_toeplitz_classification.tex#paper-discovered-a573b2c473eb5bd09c,USED_BY,HEURISTIC
paper-discovered-a573b2c473eb5bd09c,parity_toeplitz_classification.tex#paper-discovered-a573b2c473eb5bd09c,USED_BY,HEURISTIC
paper-discovered-a5d7adbbf921c779a1,paper-multilevel-toeplitz,SPECIAL_CASE_OF,HEURISTIC
paper-discovered-a5d7adbbf921c779a1,multilevel_toeplitz_lowerbound.tex#paper-discovered-a5d7adbbf921c779a1,USED_BY,HEURISTIC
paper-discovered-a5d7adbbf921c779a1,multilevel_toeplitz_lowerbound.tex#paper-discovered-a5d7adbbf921c779a1,USED_BY,HEURISTIC
paper-discovered-acae8e74441cab7e90,paper-multilevel-toeplitz,SPECIAL_CASE_OF,HEURISTIC
paper-discovered-acae8e74441cab7e90,multilevel_toeplitz_lowerbound.tex#paper-discovered-acae8e74441cab7e90,USED_BY,HEURISTIC
paper-discovered-acae8e74441cab7e90,multilevel_toeplitz_lowerbound.tex#paper-discovered-acae8e74441cab7e90,USED_BY,HEURISTIC
paper-discovered-ae8a84340577309de3,paper-parity-toeplitz,SPECIAL_CASE_OF,HEURISTIC
paper-discovered-ae8a84340577309de3,parity_toeplitz_classification.tex#paper-discovered-ae8a84340577309de3,USED_BY,HEURISTIC
paper-discovered-ae8a84340577309de3,parity_toeplitz_classification.tex#paper-discovered-ae8a84340577309de3,USED_BY,HEURISTIC
paper-discovered-b084b87f76b0a9e9d2,paper-parity-toeplitz,SPECIAL_CASE_OF,HEURISTIC
paper-discovered-b084b87f76b0a9e9d2,parity_toeplitz_classification.tex#paper-discovered-b084b87f76b0a9e9d2,USED_BY,HEURISTIC
paper-discovered-b084b87f76b0a9e9d2,parity_toeplitz_classification.tex#paper-discovered-b084b87f76b0a9e9d2,USED_BY,HEURISTIC
paper-discovered-b227bcf1d92ecdba07,paper-multilevel-toeplitz,SPECIAL_CASE_OF,HEURISTIC
paper-discovered-b227bcf1d92ecdba07,multilevel_toeplitz_lowerbound.tex#paper-discovered-b227bcf1d92ecdba07,USED_BY,HEURISTIC
paper-discovered-b227bcf1d92ecdba07,multilevel_toeplitz_lowerbound.tex#paper-discovered-b227bcf1d92ecdba07,USED_BY,HEURISTIC
paper-discovered-b25a77f9a4c290a31f,paper-parity-toeplitz,SPECIAL_CASE_OF,HEURISTIC
paper-discovered-b25a77f9a4c290a31f,parity_toeplitz_classification.tex#paper-discovered-b25a77f9a4c290a31f,USED_BY,HEURISTIC
paper-discovered-b25a77f9a4c290a31f,parity_toeplitz_classification.tex#paper-discovered-b25a77f9a4c290a31f,USED_BY,HEURISTIC
paper-discovered-b92f45406321154a17,paper-parity-toeplitz,SPECIAL_CASE_OF,HEURISTIC
paper-discovered-b92f45406321154a17,parity_toeplitz_classification.tex#paper-discovered-b92f45406321154a17,USED_BY,HEURISTIC
paper-discovered-b92f45406321154a17,parity_toeplitz_classification.tex#paper-discovered-b92f45406321154a17,USED_BY,HEURISTIC
paper-discovered-bc95440a2d345d61e5,paper-parity-toeplitz,SPECIAL_CASE_OF,HEURISTIC
paper-discovered-bc95440a2d345d61e5,parity_toeplitz_classification.tex#paper-discovered-bc95440a2d345d61e5,USED_BY,HEURISTIC
paper-discovered-bc95440a2d345d61e5,parity_toeplitz_classification.tex#paper-discovered-bc95440a2d345d61e5,USED_BY,HEURISTIC
paper-discovered-bee39834231c391ab5,paper-multilevel-toeplitz,SPECIAL_CASE_OF,HEURISTIC
paper-discovered-bee39834231c391ab5,multilevel_toeplitz_lowerbound.tex#paper-discovered-bee39834231c391ab5,USED_BY,HEURISTIC
paper-discovered-bee39834231c391ab5,multilevel_toeplitz_lowerbound.tex#paper-discovered-bee39834231c391ab5,USED_BY,HEURISTIC
paper-discovered-bfaa5f451dd2db10c2,paper-parity-toeplitz,SPECIAL_CASE_OF,HEURISTIC
paper-discovered-bfaa5f451dd2db10c2,parity_toeplitz_classification.tex#paper-discovered-bfaa5f451dd2db10c2,USED_BY,HEURISTIC
paper-discovered-bfaa5f451dd2db10c2,parity_toeplitz_classification.tex#paper-discovered-bfaa5f451dd2db10c2,USED_BY,HEURISTIC
paper-discovered-c1f1a1eaf716b58454,paper-parity-toeplitz,SPECIAL_CASE_OF,HEURISTIC
paper-discovered-c1f1a1eaf716b58454,parity_toeplitz_classification.tex#paper-discovered-c1f1a1eaf716b58454,USED_BY,HEURISTIC
paper-discovered-c1f1a1eaf716b58454,parity_toeplitz_classification.tex#paper-discovered-c1f1a1eaf716b58454,USED_BY,HEURISTIC
paper-discovered-c4f584830691972127,paper-parity-toeplitz,SPECIAL_CASE_OF,HEURISTIC
paper-discovered-c4f584830691972127,parity_toeplitz_classification.tex#paper-discovered-c4f584830691972127,USED_BY,HEURISTIC
paper-discovered-c4f584830691972127,parity_toeplitz_classification.tex#paper-discovered-c4f584830691972127,USED_BY,HEURISTIC
paper-discovered-c991f463f411418889,paper-w1-identification,SPECIAL_CASE_OF,HEURISTIC
paper-discovered-c991f463f411418889,note_w1_suzuki_identification.tex#paper-discovered-c991f463f411418889,USED_BY,HEURISTIC
paper-discovered-c991f463f411418889,note_w1_suzuki_identification.tex#paper-discovered-c991f463f411418889,USED_BY,HEURISTIC
paper-discovered-cd5e3cce9ea4f3170f,paper-parity-toeplitz,SPECIAL_CASE_OF,HEURISTIC
paper-discovered-cd5e3cce9ea4f3170f,parity_toeplitz_classification.tex#paper-discovered-cd5e3cce9ea4f3170f,USED_BY,HEURISTIC
paper-discovered-cd5e3cce9ea4f3170f,parity_toeplitz_classification.tex#paper-discovered-cd5e3cce9ea4f3170f,USED_BY,HEURISTIC
paper-discovered-ce3d5f0fc40b3225c8,paper-parity-toeplitz,SPECIAL_CASE_OF,HEURISTIC
paper-discovered-ce3d5f0fc40b3225c8,parity_toeplitz_classification.tex#paper-discovered-ce3d5f0fc40b3225c8,USED_BY,HEURISTIC
paper-discovered-ce3d5f0fc40b3225c8,parity_toeplitz_classification.tex#paper-discovered-ce3d5f0fc40b3225c8,USED_BY,HEURISTIC
paper-discovered-ce734a484154a3d26a,paper-gaussian-code,SPECIAL_CASE_OF,HEURISTIC
paper-discovered-ce734a484154a3d26a,note_e8_gaussian_code.tex#paper-discovered-ce734a484154a3d26a,USED_BY,HEURISTIC
paper-discovered-ce734a484154a3d26a,note_e8_gaussian_code.tex#paper-discovered-ce734a484154a3d26a,USED_BY,HEURISTIC
paper-discovered-ce83b845a8bd9df7ed,paper-multilevel-toeplitz,SPECIAL_CASE_OF,HEURISTIC
paper-discovered-ce83b845a8bd9df7ed,multilevel_toeplitz_lowerbound.tex#paper-discovered-ce83b845a8bd9df7ed,USED_BY,HEURISTIC
paper-discovered-ce83b845a8bd9df7ed,multilevel_toeplitz_lowerbound.tex#paper-discovered-ce83b845a8bd9df7ed,USED_BY,HEURISTIC
paper-discovered-d38def5027354cd175,paper-multilevel-toeplitz,SPECIAL_CASE_OF,HEURISTIC
paper-discovered-d38def5027354cd175,multilevel_toeplitz_lowerbound.tex#paper-discovered-d38def5027354cd175,USED_BY,HEURISTIC
paper-discovered-d38def5027354cd175,multilevel_toeplitz_lowerbound.tex#paper-discovered-d38def5027354cd175,USED_BY,HEURISTIC
paper-discovered-d3e6ad4539ec004f95,paper-parity-toeplitz,SPECIAL_CASE_OF,HEURISTIC
paper-discovered-d3e6ad4539ec004f95,parity_toeplitz_classification.tex#paper-discovered-d3e6ad4539ec004f95,USED_BY,HEURISTIC
paper-discovered-d3e6ad4539ec004f95,parity_toeplitz_classification.tex#paper-discovered-d3e6ad4539ec004f95,USED_BY,HEURISTIC
paper-discovered-d48cc24f5085a51427,paper-multilevel-toeplitz,SPECIAL_CASE_OF,HEURISTIC
paper-discovered-d48cc24f5085a51427,multilevel_toeplitz_lowerbound.tex#paper-discovered-d48cc24f5085a51427,USED_BY,HEURISTIC
paper-discovered-d48cc24f5085a51427,multilevel_toeplitz_lowerbound.tex#paper-discovered-d48cc24f5085a51427,USED_BY,HEURISTIC
paper-discovered-d98f4a27b960353189,paper-w3-detector,SPECIAL_CASE_OF,HEURISTIC
paper-discovered-d98f4a27b960353189,note_w3_detector_structure.tex#paper-discovered-d98f4a27b960353189,USED_BY,HEURISTIC
paper-discovered-d98f4a27b960353189,note_w3_detector_structure.tex#paper-discovered-d98f4a27b960353189,USED_BY,HEURISTIC
paper-discovered-dafcaa980aca53ed92,paper-parity-toeplitz,SPECIAL_CASE_OF,HEURISTIC
paper-discovered-dafcaa980aca53ed92,parity_toeplitz_classification.tex#paper-discovered-dafcaa980aca53ed92,USED_BY,HEURISTIC
paper-discovered-dafcaa980aca53ed92,parity_toeplitz_classification.tex#paper-discovered-dafcaa980aca53ed92,USED_BY,HEURISTIC
paper-discovered-dce0e5a2a5788314cd,paper-gaussian-code,SPECIAL_CASE_OF,HEURISTIC
paper-discovered-dce0e5a2a5788314cd,note_e8_gaussian_code.tex#paper-discovered-dce0e5a2a5788314cd,USED_BY,HEURISTIC
paper-discovered-dce0e5a2a5788314cd,note_e8_gaussian_code.tex#paper-discovered-dce0e5a2a5788314cd,USED_BY,HEURISTIC
paper-discovered-dddbca0e17742f0bfa,paper-parity-toeplitz,SPECIAL_CASE_OF,HEURISTIC
paper-discovered-dddbca0e17742f0bfa,parity_toeplitz_classification.tex#paper-discovered-dddbca0e17742f0bfa,USED_BY,HEURISTIC
paper-discovered-dddbca0e17742f0bfa,parity_toeplitz_classification.tex#paper-discovered-dddbca0e17742f0bfa,USED_BY,HEURISTIC
paper-discovered-dee174ffb08a5ceb18,paper-parity-toeplitz,SPECIAL_CASE_OF,HEURISTIC
paper-discovered-dee174ffb08a5ceb18,parity_toeplitz_classification.tex#paper-discovered-dee174ffb08a5ceb18,USED_BY,HEURISTIC
paper-discovered-dee174ffb08a5ceb18,parity_toeplitz_classification.tex#paper-discovered-dee174ffb08a5ceb18,USED_BY,HEURISTIC
paper-discovered-e288556fb374acee75,paper-parity-toeplitz,SPECIAL_CASE_OF,HEURISTIC
paper-discovered-e288556fb374acee75,parity_toeplitz_classification.tex#paper-discovered-e288556fb374acee75,USED_BY,HEURISTIC
paper-discovered-e288556fb374acee75,parity_toeplitz_classification.tex#paper-discovered-e288556fb374acee75,USED_BY,HEURISTIC
paper-discovered-e3fb89428aae11080a,paper-parity-toeplitz,SPECIAL_CASE_OF,HEURISTIC
paper-discovered-e3fb89428aae11080a,parity_toeplitz_classification.tex#paper-discovered-e3fb89428aae11080a,USED_BY,HEURISTIC
paper-discovered-e3fb89428aae11080a,parity_toeplitz_classification.tex#paper-discovered-e3fb89428aae11080a,USED_BY,HEURISTIC
paper-discovered-ea194f2f8599f6f54c,paper-multilevel-toeplitz,SPECIAL_CASE_OF,HEURISTIC
paper-discovered-ea194f2f8599f6f54c,multilevel_toeplitz_lowerbound.tex#paper-discovered-ea194f2f8599f6f54c,USED_BY,HEURISTIC
paper-discovered-ea194f2f8599f6f54c,multilevel_toeplitz_lowerbound.tex#paper-discovered-ea194f2f8599f6f54c,USED_BY,HEURISTIC
paper-discovered-f74bee94924e767a92,paper-gaussian-code,SPECIAL_CASE_OF,HEURISTIC
paper-discovered-f74bee94924e767a92,note_e8_gaussian_code.tex#paper-discovered-f74bee94924e767a92,USED_BY,HEURISTIC
paper-discovered-f74bee94924e767a92,note_e8_gaussian_code.tex#paper-discovered-f74bee94924e767a92,USED_BY,HEURISTIC
paper-discovered-f7a15c6fb50abac144,paper-multilevel-toeplitz,SPECIAL_CASE_OF,HEURISTIC
paper-discovered-f7a15c6fb50abac144,multilevel_toeplitz_lowerbound.tex#paper-discovered-f7a15c6fb50abac144,USED_BY,HEURISTIC
paper-discovered-f7a15c6fb50abac144,multilevel_toeplitz_lowerbound.tex#paper-discovered-f7a15c6fb50abac144,USED_BY,HEURISTIC
paper-discovered-fa175f6232986ee441,paper-parity-toeplitz,SPECIAL_CASE_OF,HEURISTIC
paper-discovered-fa175f6232986ee441,parity_toeplitz_classification.tex#paper-discovered-fa175f6232986ee441,USED_BY,HEURISTIC
paper-discovered-fa175f6232986ee441,parity_toeplitz_classification.tex#paper-discovered-fa175f6232986ee441,USED_BY,HEURISTIC
paper-discovered-ff8789dd2cda2b2c35,paper-w3-detector,SPECIAL_CASE_OF,HEURISTIC
paper-discovered-ff8789dd2cda2b2c35,note_w3_detector_structure.tex#paper-discovered-ff8789dd2cda2b2c35,USED_BY,HEURISTIC
paper-discovered-ff8789dd2cda2b2c35,note_w3_detector_structure.tex#paper-discovered-ff8789dd2cda2b2c35,USED_BY,HEURISTIC
paper-gaussian-code,research-question,INSTANCE_OF,HEURISTIC
paper-gaussian-code,note_e8_gaussian_code.tex,USED_BY,HEURISTIC
paper-gaussian-code,note_e8_gaussian_code.tex,USED_BY,HEURISTIC
paper-gaussian-code,note_e8_gaussian_code.tex#paper-discovered-3504e75554f1f37349,USED_BY,HEURISTIC
paper-gaussian-code,note_e8_gaussian_code.tex#paper-discovered-46a68271538be83dc2,USED_BY,HEURISTIC
paper-gaussian-code,note_e8_gaussian_code.tex#paper-discovered-598b44928fc93a5cb5,USED_BY,HEURISTIC
paper-gaussian-code,note_e8_gaussian_code.tex#paper-discovered-8dc82f4043f70167dd,USED_BY,HEURISTIC
paper-gaussian-code,note_e8_gaussian_code.tex#paper-discovered-ce734a484154a3d26a,USED_BY,HEURISTIC
paper-gaussian-code,note_e8_gaussian_code.tex#paper-discovered-dce0e5a2a5788314cd,USED_BY,HEURISTIC
paper-gaussian-code,note_e8_gaussian_code.tex#paper-discovered-f74bee94924e767a92,USED_BY,HEURISTIC
paper-gaussian-code,note_e8_gaussian_code.tex#paper-gaussian-formal-scope,USED_BY,HEURISTIC
paper-gaussian-code,note_e8_gaussian_code.tex#paper-gaussian-rh-boundary,USED_BY,HEURISTIC
paper-gaussian-formal-scope,paper-gaussian-code,SPECIAL_CASE_OF,HEURISTIC
paper-gaussian-formal-scope,note_e8_gaussian_code.tex#paper-gaussian-formal-scope,USED_BY,HEURISTIC
paper-gaussian-formal-scope,note_e8_gaussian_code.tex#paper-gaussian-formal-scope,USED_BY,HEURISTIC
paper-gaussian-rh-boundary,full-test-class-coverage,REQUIRES,CONDITIONAL
paper-gaussian-rh-boundary,open-global-all-place-intersection,REQUIRES,CONDITIONAL
paper-gaussian-rh-boundary,paper-gaussian-code,SPECIAL_CASE_OF,HEURISTIC
paper-gaussian-rh-boundary,note_e8_gaussian_code.tex#paper-gaussian-rh-boundary,USED_BY,HEURISTIC
paper-gaussian-rh-boundary,note_e8_gaussian_code.tex#paper-gaussian-rh-boundary,USED_BY,HEURISTIC
paper-hp-lean-scope,paper-hp-truncations,SPECIAL_CASE_OF,HEURISTIC
paper-hp-lean-scope,note_hilbert_polya_truncations.tex#paper-hp-lean-scope,USED_BY,HEURISTIC
paper-hp-lean-scope,note_hilbert_polya_truncations.tex#paper-hp-lean-scope,USED_BY,HEURISTIC
paper-hp-limit-obligations,cofinal-full-window-family,REQUIRES,CONDITIONAL
paper-hp-limit-obligations,open-global-all-place-intersection,REQUIRES,CONDITIONAL
paper-hp-limit-obligations,paper-hp-truncations,SPECIAL_CASE_OF,HEURISTIC
paper-hp-limit-obligations,note_hilbert_polya_truncations.tex#paper-hp-limit-obligations,USED_BY,HEURISTIC
paper-hp-limit-obligations,note_hilbert_polya_truncations.tex#paper-hp-limit-obligations,USED_BY,HEURISTIC
paper-hp-proof-label,paper-hp-truncations,SPECIAL_CASE_OF,HEURISTIC
paper-hp-proof-label,note_hilbert_polya_truncations.tex#paper-hp-proof-label,USED_BY,HEURISTIC
paper-hp-proof-label,note_hilbert_polya_truncations.tex#paper-hp-proof-label,USED_BY,HEURISTIC
paper-hp-truncations,research-question,INSTANCE_OF,HEURISTIC
paper-hp-truncations,note_hilbert_polya_truncations.tex,USED_BY,HEURISTIC
paper-hp-truncations,note_hilbert_polya_truncations.tex,USED_BY,HEURISTIC
paper-hp-truncations,note_hilbert_polya_truncations.tex#paper-hp-lean-scope,USED_BY,HEURISTIC
paper-hp-truncations,note_hilbert_polya_truncations.tex#paper-hp-limit-obligations,USED_BY,HEURISTIC
paper-hp-truncations,note_hilbert_polya_truncations.tex#paper-hp-proof-label,USED_BY,HEURISTIC
paper-multilevel-harnack,paper-multilevel-toeplitz,SPECIAL_CASE_OF,HEURISTIC
paper-multilevel-harnack,multilevel_toeplitz_lowerbound.tex#paper-multilevel-harnack,USED_BY,HEURISTIC
paper-multilevel-harnack,multilevel_toeplitz_lowerbound.tex#paper-multilevel-harnack,USED_BY,HEURISTIC
paper-multilevel-rung,open-independent-positivity-source,REQUIRES,CONDITIONAL
paper-multilevel-rung,paper-multilevel-toeplitz,SPECIAL_CASE_OF,HEURISTIC
paper-multilevel-rung,multilevel_toeplitz_lowerbound.tex#paper-multilevel-rung,USED_BY,HEURISTIC
paper-multilevel-rung,multilevel_toeplitz_lowerbound.tex#paper-multilevel-rung,USED_BY,HEURISTIC
paper-multilevel-strictness,paper-multilevel-toeplitz,SPECIAL_CASE_OF,HEURISTIC
paper-multilevel-strictness,multilevel_toeplitz_lowerbound.tex#paper-multilevel-strictness,USED_BY,HEURISTIC
paper-multilevel-strictness,multilevel_toeplitz_lowerbound.tex#paper-multilevel-strictness,USED_BY,HEURISTIC
paper-multilevel-toeplitz,research-question,INSTANCE_OF,HEURISTIC
paper-multilevel-toeplitz,multilevel_toeplitz_lowerbound.tex,USED_BY,HEURISTIC
paper-multilevel-toeplitz,multilevel_toeplitz_lowerbound.tex,USED_BY,HEURISTIC
paper-multilevel-toeplitz,multilevel_toeplitz_lowerbound.tex#paper-discovered-04ab11d40f5c6677d9,USED_BY,HEURISTIC
paper-multilevel-toeplitz,multilevel_toeplitz_lowerbound.tex#paper-discovered-0bb8faf64bbcef970f,USED_BY,HEURISTIC
paper-multilevel-toeplitz,multilevel_toeplitz_lowerbound.tex#paper-discovered-260b2934308834ff30,USED_BY,HEURISTIC
paper-multilevel-toeplitz,multilevel_toeplitz_lowerbound.tex#paper-discovered-277d4d5753cbf897c9,USED_BY,HEURISTIC
paper-multilevel-toeplitz,multilevel_toeplitz_lowerbound.tex#paper-discovered-31a48bca49bc25f595,USED_BY,HEURISTIC
paper-multilevel-toeplitz,multilevel_toeplitz_lowerbound.tex#paper-discovered-359a5118ff380b46ba,USED_BY,HEURISTIC
paper-multilevel-toeplitz,multilevel_toeplitz_lowerbound.tex#paper-discovered-374366a61d8e88b9c7,USED_BY,HEURISTIC
paper-multilevel-toeplitz,multilevel_toeplitz_lowerbound.tex#paper-discovered-464981fcb582cb4bfb,USED_BY,HEURISTIC
paper-multilevel-toeplitz,multilevel_toeplitz_lowerbound.tex#paper-discovered-4bb24a32d7a2fce33a,USED_BY,HEURISTIC
paper-multilevel-toeplitz,multilevel_toeplitz_lowerbound.tex#paper-discovered-531a2025ac71db9bc2,USED_BY,HEURISTIC
paper-multilevel-toeplitz,multilevel_toeplitz_lowerbound.tex#paper-discovered-67bbad60c4a1985633,USED_BY,HEURISTIC
paper-multilevel-toeplitz,multilevel_toeplitz_lowerbound.tex#paper-discovered-6c988252dca50004e0,USED_BY,HEURISTIC
paper-multilevel-toeplitz,multilevel_toeplitz_lowerbound.tex#paper-discovered-754adaa262b1ef6121,USED_BY,HEURISTIC
paper-multilevel-toeplitz,multilevel_toeplitz_lowerbound.tex#paper-discovered-783a08a56ff0106824,USED_BY,HEURISTIC
paper-multilevel-toeplitz,multilevel_toeplitz_lowerbound.tex#paper-discovered-81216f9874163553ab,USED_BY,HEURISTIC
paper-multilevel-toeplitz,multilevel_toeplitz_lowerbound.tex#paper-discovered-87371be527b0ef0c67,USED_BY,HEURISTIC
paper-multilevel-toeplitz,multilevel_toeplitz_lowerbound.tex#paper-discovered-93d65f46ae53dc156a,USED_BY,HEURISTIC
paper-multilevel-toeplitz,multilevel_toeplitz_lowerbound.tex#paper-discovered-a1d61877760ed3ac3b,USED_BY,HEURISTIC
paper-multilevel-toeplitz,multilevel_toeplitz_lowerbound.tex#paper-discovered-a5d7adbbf921c779a1,USED_BY,HEURISTIC
paper-multilevel-toeplitz,multilevel_toeplitz_lowerbound.tex#paper-discovered-acae8e74441cab7e90,USED_BY,HEURISTIC
paper-multilevel-toeplitz,multilevel_toeplitz_lowerbound.tex#paper-discovered-b227bcf1d92ecdba07,USED_BY,HEURISTIC
paper-multilevel-toeplitz,multilevel_toeplitz_lowerbound.tex#paper-discovered-bee39834231c391ab5,USED_BY,HEURISTIC
paper-multilevel-toeplitz,multilevel_toeplitz_lowerbound.tex#paper-discovered-ce83b845a8bd9df7ed,USED_BY,HEURISTIC
paper-multilevel-toeplitz,multilevel_toeplitz_lowerbound.tex#paper-discovered-d38def5027354cd175,USED_BY,HEURISTIC
paper-multilevel-toeplitz,multilevel_toeplitz_lowerbound.tex#paper-discovered-d48cc24f5085a51427,USED_BY,HEURISTIC
paper-multilevel-toeplitz,multilevel_toeplitz_lowerbound.tex#paper-discovered-ea194f2f8599f6f54c,USED_BY,HEURISTIC
paper-multilevel-toeplitz,multilevel_toeplitz_lowerbound.tex#paper-discovered-f7a15c6fb50abac144,USED_BY,HEURISTIC
paper-multilevel-toeplitz,multilevel_toeplitz_lowerbound.tex#paper-multilevel-harnack,USED_BY,HEURISTIC
paper-multilevel-toeplitz,multilevel_toeplitz_lowerbound.tex#paper-multilevel-rung,USED_BY,HEURISTIC
paper-multilevel-toeplitz,multilevel_toeplitz_lowerbound.tex#paper-multilevel-strictness,USED_BY,HEURISTIC
paper-multilevel-toeplitz,multilevel_toeplitz_lowerbound.tex#paper-multilevel-uniform,USED_BY,HEURISTIC
paper-multilevel-uniform,cofinal-full-window-family,REQUIRES,CONDITIONAL
paper-multilevel-uniform,full-boundary-attachment,REQUIRES,CONDITIONAL
paper-multilevel-uniform,paper-multilevel-toeplitz,SPECIAL_CASE_OF,HEURISTIC
paper-multilevel-uniform,multilevel_toeplitz_lowerbound.tex#paper-multilevel-uniform,USED_BY,HEURISTIC
paper-multilevel-uniform,multilevel_toeplitz_lowerbound.tex#paper-multilevel-uniform,USED_BY,HEURISTIC
paper-parity-r1-open,paper-parity-toeplitz,SPECIAL_CASE_OF,HEURISTIC
paper-parity-r1-open,parity_toeplitz_classification.tex#paper-parity-r1-open,USED_BY,HEURISTIC
paper-parity-r1-open,parity_toeplitz_classification.tex#paper-parity-r1-open,USED_BY,HEURISTIC
paper-parity-rank-three,paper-parity-toeplitz,SPECIAL_CASE_OF,HEURISTIC
paper-parity-rank-three,parity_toeplitz_classification.tex#paper-parity-rank-three,USED_BY,HEURISTIC
paper-parity-rank-three,parity_toeplitz_classification.tex#paper-parity-rank-three,USED_BY,HEURISTIC
paper-parity-rank-two-refuted,paper-parity-toeplitz,SPECIAL_CASE_OF,HEURISTIC
paper-parity-rank-two-refuted,parity_toeplitz_classification.tex#paper-parity-rank-two-refuted,USED_BY,HEURISTIC
paper-parity-rank-two-refuted,parity_toeplitz_classification.tex#paper-parity-rank-two-refuted,USED_BY,HEURISTIC
paper-parity-toeplitz,research-question,INSTANCE_OF,HEURISTIC
paper-parity-toeplitz,parity_toeplitz_classification.tex,USED_BY,HEURISTIC
paper-parity-toeplitz,parity_toeplitz_classification.tex,USED_BY,HEURISTIC
paper-parity-toeplitz,parity_toeplitz_classification.tex#paper-discovered-03d8498cd556b29e0a,USED_BY,HEURISTIC
paper-parity-toeplitz,parity_toeplitz_classification.tex#paper-discovered-046a1842c93f90f6fe,USED_BY,HEURISTIC
paper-parity-toeplitz,parity_toeplitz_classification.tex#paper-discovered-07b5aa2669740c8e79,USED_BY,HEURISTIC
paper-parity-toeplitz,parity_toeplitz_classification.tex#paper-discovered-0a4cc3d2e4a374ea80,USED_BY,HEURISTIC
paper-parity-toeplitz,parity_toeplitz_classification.tex#paper-discovered-14f5f7232fc2859a27,USED_BY,HEURISTIC
paper-parity-toeplitz,parity_toeplitz_classification.tex#paper-discovered-1a6f06bc02556a8ca6,USED_BY,HEURISTIC
paper-parity-toeplitz,parity_toeplitz_classification.tex#paper-discovered-1f96c335fecc55f2cf,USED_BY,HEURISTIC
paper-parity-toeplitz,parity_toeplitz_classification.tex#paper-discovered-253effbf6f5f46825f,USED_BY,HEURISTIC
paper-parity-toeplitz,parity_toeplitz_classification.tex#paper-discovered-349dd5af8d96923ab3,USED_BY,HEURISTIC
paper-parity-toeplitz,parity_toeplitz_classification.tex#paper-discovered-378eb1262f9dd2b1be,USED_BY,HEURISTIC
paper-parity-toeplitz,parity_toeplitz_classification.tex#paper-discovered-38a476ad8509aee5de,USED_BY,HEURISTIC
paper-parity-toeplitz,parity_toeplitz_classification.tex#paper-discovered-3a1eca64fb645f29c5,USED_BY,HEURISTIC
paper-parity-toeplitz,parity_toeplitz_classification.tex#paper-discovered-3aff9152d2bd04cab1,USED_BY,HEURISTIC
paper-parity-toeplitz,parity_toeplitz_classification.tex#paper-discovered-3d26df7a0e7e5437e7,USED_BY,HEURISTIC
paper-parity-toeplitz,parity_toeplitz_classification.tex#paper-discovered-3f03cf24714ee83491,USED_BY,HEURISTIC
paper-parity-toeplitz,parity_toeplitz_classification.tex#paper-discovered-4d8e1a944892a9a5e3,USED_BY,HEURISTIC
paper-parity-toeplitz,parity_toeplitz_classification.tex#paper-discovered-4eaf76115c306583dd,USED_BY,HEURISTIC
paper-parity-toeplitz,parity_toeplitz_classification.tex#paper-discovered-5190bd1266a72a4973,USED_BY,HEURISTIC
paper-parity-toeplitz,parity_toeplitz_classification.tex#paper-discovered-55ff3d411848ad93c5,USED_BY,HEURISTIC
paper-parity-toeplitz,parity_toeplitz_classification.tex#paper-discovered-58840f2040f7420a8c,USED_BY,HEURISTIC
paper-parity-toeplitz,parity_toeplitz_classification.tex#paper-discovered-5d49bd988d2bc8e9eb,USED_BY,HEURISTIC
paper-parity-toeplitz,parity_toeplitz_classification.tex#paper-discovered-5da139a2071d587e3f,USED_BY,HEURISTIC
paper-parity-toeplitz,parity_toeplitz_classification.tex#paper-discovered-62efe60cf67603b80b,USED_BY,HEURISTIC
paper-parity-toeplitz,parity_toeplitz_classification.tex#paper-discovered-64597a32c4adead53b,USED_BY,HEURISTIC
paper-parity-toeplitz,parity_toeplitz_classification.tex#paper-discovered-68330f2f534e12542c,USED_BY,HEURISTIC
paper-parity-toeplitz,parity_toeplitz_classification.tex#paper-discovered-68f52772ef01f9ce16,USED_BY,HEURISTIC
paper-parity-toeplitz,parity_toeplitz_classification.tex#paper-discovered-69d122a848f2db0bd6,USED_BY,HEURISTIC
paper-parity-toeplitz,parity_toeplitz_classification.tex#paper-discovered-6fcd2a9ea18ba95a63,USED_BY,HEURISTIC
paper-parity-toeplitz,parity_toeplitz_classification.tex#paper-discovered-75ccc86efc2e2d6d33,USED_BY,HEURISTIC
paper-parity-toeplitz,parity_toeplitz_classification.tex#paper-discovered-7844ff09026f55e965,USED_BY,HEURISTIC
paper-parity-toeplitz,parity_toeplitz_classification.tex#paper-discovered-7eee5c29b01361d2a5,USED_BY,HEURISTIC
paper-parity-toeplitz,parity_toeplitz_classification.tex#paper-discovered-7f8e6cf518a8e191cf,USED_BY,HEURISTIC
paper-parity-toeplitz,parity_toeplitz_classification.tex#paper-discovered-82a4d7628ada178d3a,USED_BY,HEURISTIC
paper-parity-toeplitz,parity_toeplitz_classification.tex#paper-discovered-8339c3da6d817cd7c1,USED_BY,HEURISTIC
paper-parity-toeplitz,parity_toeplitz_classification.tex#paper-discovered-8a28e4348fb57dcbb9,USED_BY,HEURISTIC
paper-parity-toeplitz,parity_toeplitz_classification.tex#paper-discovered-8c0f25dc4f915e05d0,USED_BY,HEURISTIC
paper-parity-toeplitz,parity_toeplitz_classification.tex#paper-discovered-95e1f921bcce25b6d9,USED_BY,HEURISTIC
paper-parity-toeplitz,parity_toeplitz_classification.tex#paper-discovered-97c79d4ab0e8dd30cb,USED_BY,HEURISTIC
paper-parity-toeplitz,parity_toeplitz_classification.tex#paper-discovered-980fd48d416e18d93c,USED_BY,HEURISTIC
paper-parity-toeplitz,parity_toeplitz_classification.tex#paper-discovered-99c762258200cee48f,USED_BY,HEURISTIC
paper-parity-toeplitz,parity_toeplitz_classification.tex#paper-discovered-9c57574c3a6ebc7aaf,USED_BY,HEURISTIC
paper-parity-toeplitz,parity_toeplitz_classification.tex#paper-discovered-9f2dfb456cb556dd25,USED_BY,HEURISTIC
paper-parity-toeplitz,parity_toeplitz_classification.tex#paper-discovered-a1dfb788db1b66f2bc,USED_BY,HEURISTIC
paper-parity-toeplitz,parity_toeplitz_classification.tex#paper-discovered-a387e9609981c9ab05,USED_BY,HEURISTIC
paper-parity-toeplitz,parity_toeplitz_classification.tex#paper-discovered-a573b2c473eb5bd09c,USED_BY,HEURISTIC
paper-parity-toeplitz,parity_toeplitz_classification.tex#paper-discovered-ae8a84340577309de3,USED_BY,HEURISTIC
paper-parity-toeplitz,parity_toeplitz_classification.tex#paper-discovered-b084b87f76b0a9e9d2,USED_BY,HEURISTIC
paper-parity-toeplitz,parity_toeplitz_classification.tex#paper-discovered-b25a77f9a4c290a31f,USED_BY,HEURISTIC
paper-parity-toeplitz,parity_toeplitz_classification.tex#paper-discovered-b92f45406321154a17,USED_BY,HEURISTIC
paper-parity-toeplitz,parity_toeplitz_classification.tex#paper-discovered-bc95440a2d345d61e5,USED_BY,HEURISTIC
paper-parity-toeplitz,parity_toeplitz_classification.tex#paper-discovered-bfaa5f451dd2db10c2,USED_BY,HEURISTIC
paper-parity-toeplitz,parity_toeplitz_classification.tex#paper-discovered-c1f1a1eaf716b58454,USED_BY,HEURISTIC
paper-parity-toeplitz,parity_toeplitz_classification.tex#paper-discovered-c4f584830691972127,USED_BY,HEURISTIC
paper-parity-toeplitz,parity_toeplitz_classification.tex#paper-discovered-cd5e3cce9ea4f3170f,USED_BY,HEURISTIC
paper-parity-toeplitz,parity_toeplitz_classification.tex#paper-discovered-ce3d5f0fc40b3225c8,USED_BY,HEURISTIC
paper-parity-toeplitz,parity_toeplitz_classification.tex#paper-discovered-d3e6ad4539ec004f95,USED_BY,HEURISTIC
paper-parity-toeplitz,parity_toeplitz_classification.tex#paper-discovered-dafcaa980aca53ed92,USED_BY,HEURISTIC
paper-parity-toeplitz,parity_toeplitz_classification.tex#paper-discovered-dddbca0e17742f0bfa,USED_BY,HEURISTIC
paper-parity-toeplitz,parity_toeplitz_classification.tex#paper-discovered-dee174ffb08a5ceb18,USED_BY,HEURISTIC
paper-parity-toeplitz,parity_toeplitz_classification.tex#paper-discovered-e288556fb374acee75,USED_BY,HEURISTIC
paper-parity-toeplitz,parity_toeplitz_classification.tex#paper-discovered-e3fb89428aae11080a,USED_BY,HEURISTIC
paper-parity-toeplitz,parity_toeplitz_classification.tex#paper-discovered-fa175f6232986ee441,USED_BY,HEURISTIC
paper-parity-toeplitz,parity_toeplitz_classification.tex#paper-parity-r1-open,USED_BY,HEURISTIC
paper-parity-toeplitz,parity_toeplitz_classification.tex#paper-parity-rank-three,USED_BY,HEURISTIC
paper-parity-toeplitz,parity_toeplitz_classification.tex#paper-parity-rank-two-refuted,USED_BY,HEURISTIC
paper-parity-toeplitz,parity_toeplitz_classification.tex#paper-parity-tv-floor,USED_BY,HEURISTIC
paper-parity-tv-floor,paper-parity-toeplitz,SPECIAL_CASE_OF,HEURISTIC
paper-parity-tv-floor,parity_toeplitz_classification.tex#paper-parity-tv-floor,USED_BY,HEURISTIC
paper-parity-tv-floor,parity_toeplitz_classification.tex#paper-parity-tv-floor,USED_BY,HEURISTIC
paper-prime-front,research-question,INSTANCE_OF,HEURISTIC
paper-prime-front,tfpt_prime_front.tex,USED_BY,HEURISTIC
paper-prime-front,tfpt_prime_front.tex,USED_BY,HEURISTIC
paper-prime-front,tfpt_prime_front.tex#paper-route-lemma-separation,USED_BY,HEURISTIC
paper-prime-front,tfpt_prime_front.tex#sec:balance,USED_BY,HEURISTIC
paper-prime-front,tfpt_prime_front.tex#sec:bigpicture,USED_BY,HEURISTIC
paper-prime-front,tfpt_prime_front.tex#sec:certification,USED_BY,HEURISTIC
paper-prime-front,tfpt_prime_front.tex#sec:frontier,USED_BY,HEURISTIC
paper-prime-front,tfpt_prime_front.tex#sec:handover,USED_BY,HEURISTIC
paper-prime-front,tfpt_prime_front.tex#sec:i5,USED_BY,HEURISTIC
paper-prime-front,tfpt_prime_front.tex#sec:kills,USED_BY,HEURISTIC
paper-prime-front,tfpt_prime_front.tex#sec:motivation,USED_BY,HEURISTIC
paper-prime-front,tfpt_prime_front.tex#sec:phase2,USED_BY,HEURISTIC
paper-prime-front,tfpt_prime_front.tex#sec:status,USED_BY,HEURISTIC
paper-prime-front,tfpt_prime_front.tex#sec:theory,USED_BY,HEURISTIC
paper-prime-front,tfpt_prime_front.tex#sec:verified,USED_BY,HEURISTIC
paper-route-lemma-separation,paper-prime-front,SPECIAL_CASE_OF,HEURISTIC
paper-route-lemma-separation,tfpt_prime_front.tex#paper-route-lemma-separation,USED_BY,HEURISTIC
paper-route-lemma-separation,tfpt_prime_front.tex#paper-route-lemma-separation,USED_BY,HEURISTIC
paper-w1-identification,research-question,INSTANCE_OF,HEURISTIC
paper-w1-identification,note_w1_suzuki_identification.tex,USED_BY,HEURISTIC
paper-w1-identification,note_w1_suzuki_identification.tex,USED_BY,HEURISTIC
paper-w1-identification,note_w1_suzuki_identification.tex#paper-discovered-44db965e63b3fa54e8,USED_BY,HEURISTIC
paper-w1-identification,note_w1_suzuki_identification.tex#paper-discovered-c991f463f411418889,USED_BY,HEURISTIC
paper-w1-identification,note_w1_suzuki_identification.tex#paper-w1-measure-dictionary,USED_BY,HEURISTIC
paper-w1-identification,note_w1_suzuki_identification.tex#paper-w1-odd-domain,USED_BY,HEURISTIC
paper-w1-identification,notes/arxiv_w1_note/note_w1_suzuki_identification.tex,USED_BY,HEURISTIC
paper-w1-measure-dictionary,w2-form-density,REQUIRES,CONDITIONAL
paper-w1-measure-dictionary,w4-global-positivity-transfer,REQUIRES,CONDITIONAL
paper-w1-measure-dictionary,paper-w1-identification,SPECIAL_CASE_OF,HEURISTIC
paper-w1-measure-dictionary,note_w1_suzuki_identification.tex#paper-w1-measure-dictionary,USED_BY,HEURISTIC
paper-w1-measure-dictionary,note_w1_suzuki_identification.tex#paper-w1-measure-dictionary,USED_BY,HEURISTIC
paper-w1-odd-domain,full-test-class-coverage,REQUIRES,CONDITIONAL
paper-w1-odd-domain,paper-w1-identification,SPECIAL_CASE_OF,HEURISTIC
paper-w1-odd-domain,note_w1_suzuki_identification.tex#paper-w1-odd-domain,USED_BY,HEURISTIC
paper-w1-odd-domain,note_w1_suzuki_identification.tex#paper-w1-odd-domain,USED_BY,HEURISTIC
paper-w3-alias-identity,w3-uniform-window-positivity,REQUIRES,CONDITIONAL
paper-w3-alias-identity,paper-w3-detector,SPECIAL_CASE_OF,HEURISTIC
paper-w3-alias-identity,note_w3_detector_structure.tex#paper-w3-alias-identity,USED_BY,HEURISTIC
paper-w3-alias-identity,note_w3_detector_structure.tex#paper-w3-alias-identity,USED_BY,HEURISTIC
paper-w3-c1-direction,paper-w3-detector,SPECIAL_CASE_OF,HEURISTIC
paper-w3-c1-direction,note_w3_detector_structure.tex#paper-w3-c1-direction,USED_BY,HEURISTIC
paper-w3-c1-direction,note_w3_detector_structure.tex#paper-w3-c1-direction,USED_BY,HEURISTIC
paper-w3-detector,research-question,INSTANCE_OF,HEURISTIC
paper-w3-detector,note_w3_detector_structure.tex,USED_BY,HEURISTIC
paper-w3-detector,note_w3_detector_structure.tex,USED_BY,HEURISTIC
paper-w3-detector,note_w3_detector_structure.tex#paper-discovered-d98f4a27b960353189,USED_BY,HEURISTIC
paper-w3-detector,note_w3_detector_structure.tex#paper-discovered-ff8789dd2cda2b2c35,USED_BY,HEURISTIC
paper-w3-detector,note_w3_detector_structure.tex#paper-w3-alias-identity,USED_BY,HEURISTIC
paper-w3-detector,note_w3_detector_structure.tex#paper-w3-c1-direction,USED_BY,HEURISTIC
paper-w3-detector,note_w3_detector_structure.tex#paper-w3-fejer-resolution,USED_BY,HEURISTIC
paper-w3-detector,notes/arxiv_w3_note/note_w3_detector_structure.tex,USED_BY,HEURISTIC
paper-w3-fejer-resolution,paper-w3-detector,SPECIAL_CASE_OF,HEURISTIC
paper-w3-fejer-resolution,note_w3_detector_structure.tex#paper-w3-fejer-resolution,USED_BY,HEURISTIC
paper-w3-fejer-resolution,note_w3_detector_structure.tex#paper-w3-fejer-resolution,USED_BY,HEURISTIC
perron-fixed-point-transport,no-archimedean-prime-joint-space,BLOCKED_BY,THEOREM
perron-fixed-point-transport,spectral-framework,INSTANCE_OF,HEURISTIC
petz-watatani-tate-network,no-archimedean-prime-joint-space,BLOCKED_BY,CONDITIONAL
petz-watatani-tate-network,research-question,INSTANCE_OF,HEURISTIC
petz-watatani-tate-network,all-place-tate-weil-realization,REDUCES_TO,CONDITIONAL
pi-numerology-c3,class-number-formula-q-i,BLOCKED_BY,HEURISTIC
pi-numerology-c3,obstruction-class,INSTANCE_OF,HEURISTIC
pick-function,barrier-pick-sign,BLOCKED_BY,CONDITIONAL
pick-function,herglotz-function,EQUIVALENT_TO,THEOREM
pick-function,mellin-transform,REQUIRES,CONDITIONAL
pimsner-popa-entropy,analytic-object,INSTANCE_OF,HEURISTIC
plastic-number-threshold,analytic-object,INSTANCE_OF,HEURISTIC
polya-frequency-function,toeplitz-positivity,EQUIVALENT_TO,THEOREM
positive-cone-blindness,obstruction-class,INSTANCE_OF,HEURISTIC
positivity-semigroup,spectral-framework,INSTANCE_OF,HEURISTIC
positivity-semigroup,beurling-deny-criterion,REQUIRES,CONDITIONAL
prime-counting,analytic-object,INSTANCE_OF,HEURISTIC
prime-counting,chebyshev-psi,REQUIRES,THEOREM
prime-torus,arithmetic-geometry,INSTANCE_OF,HEURISTIC
prime-torus,von-mangoldt,REQUIRES,CONDITIONAL
primon-riemann-gas,analytic-object,INSTANCE_OF,HEURISTIC
primon-riemann-gas,event-log-function,WOULD_CLOSE,HEURISTIC
prolate-operator,spectral-framework,INSTANCE_OF,HEURISTIC
prolate-operator,fourier-transform,REQUIRES,CONDITIONAL
prolate-operator,landau-widom-asymptotics,REQUIRES,THEOREM
prolate-operator,experiments/tfpt-discovery/strat3_sonin_prolate_probe.py,USED_BY,HEURISTIC
prolate-operator,verification/v732_strat3_sonin_prolate.py,USED_BY,HEURISTIC
pure-gabor-family,experiments/tfpt-discovery/gabor_weil_positivity_subfamily_probe.py,USED_BY,HEURISTIC
qca-dilation,no-canonical-integer-label,BLOCKED_BY,CONDITIONAL
qca-dilation,analytic-object,INSTANCE_OF,HEURISTIC
quadrep,tfpt-compiler,INSTANCE_OF,HEURISTIC
quadrep,inner-bridges,REQUIRES,CONDITIONAL
quadrep,rh/problem/quadrep.pdf,USED_BY,HEURISTIC
quadrep,rh/problem/quadrep.tex,USED_BY,HEURISTIC
quantum-graph-decoupling-lemma,analytic-object,INSTANCE_OF,HEURISTIC
quantum-graph-decoupling-lemma,no-composite-orbits,REDUCES_TO,THEOREM
quantum-metric-graph,no-composite-orbits,BLOCKED_BY,CONDITIONAL
quantum-metric-graph,arithmetic-geometry,INSTANCE_OF,HEURISTIC
quantum-torus-geometry,no-archimedean-prime-joint-space,BLOCKED_BY,HEURISTIC
quantum-torus-geometry,arithmetic-geometry,INSTANCE_OF,HEURISTIC
quarter-shift-to-centre,obstruction-class,INSTANCE_OF,HEURISTIC
quasilocal-hamiltonian-dynamics,no-archimedean-prime-joint-space,BLOCKED_BY,CONDITIONAL
quasilocal-hamiltonian-dynamics,spectral-framework,INSTANCE_OF,HEURISTIC
quillen-bfk-seam-determinants,analytic-object,INSTANCE_OF,HEURISTIC
quillen-bfk-seam-determinants,experiments/tfpt-discovery/quillen_bfk_compensation_probe.py,USED_BY,HEURISTIC
quillen-bfk-seam-determinants,experiments/tfpt-discovery/seam_bfk_conical_det_probe.py,USED_BY,HEURISTIC
r-dagger-kernel-loewner-stack,spectral-framework,INSTANCE_OF,HEURISTIC
r-dagger-kernel-loewner-stack,experiments/tfpt-discovery/kernel_loewner08_probe.py,KILLED_BY,HEURISTIC
r-dagger-kernel-loewner-stack,experiments/tfpt-discovery/interval_cert_probe.py,USED_BY,HEURISTIC
r-dagger-kernel-loewner-stack,experiments/tfpt-discovery/kernel_loewner08_probe.py,USED_BY,HEURISTIC
r-dagger-kernel-loewner-stack,experiments/tfpt-discovery/kernel_loewner_window_probe.py,USED_BY,HEURISTIC
r-dagger-kernel-loewner-stack,rh/lean/RH/FaithfulFold.lean,USED_BY,HEURISTIC
r-dagger-kernel-loewner-stack,rh/lean/RH/InnerBridges.lean,USED_BY,HEURISTIC
r-dagger-kernel-loewner-stack,rh/problem/kernel_loewner08.pdf,USED_BY,HEURISTIC
r-dagger-kernel-loewner-stack,rh/problem/kernel_loewner08.tex,USED_BY,HEURISTIC
r-dagger-kernel-loewner-stack,rh/problem/keystone_judgment.pdf,USED_BY,HEURISTIC
r-dagger-kernel-loewner-stack,rh/problem/keystone_judgment.tex,USED_BY,HEURISTIC
r-dagger-kernel-loewner-stack,rh/problem/verify_kernel_loewner08.py,USED_BY,HEURISTIC
r-dagger-kernel-loewner-stack,verification/v1017_kernel_loewner_positivity.py,USED_BY,HEURISTIC
rankin-mean-pointwise-exponent-drop,obstruction-class,INSTANCE_OF,HEURISTIC
rankin-mean-pointwise-exponent-drop,experiments/tfpt-discovery/rankin_positivity_miniature_probe.py,KILLED_BY,THEOREM
rankin-selberg-norm-square,positive-cone-blindness,BLOCKED_BY,CONDITIONAL
rankin-selberg-norm-square,positive-cone-blindness,BLOCKED_BY,CONDITIONAL
rankin-selberg-norm-square,edge-nonvanishing-method,INSTANCE_OF,THEOREM
rankin-selberg-norm-square,spectral-framework,INSTANCE_OF,HEURISTIC
regulator-jump,analytic-object,INSTANCE_OF,HEURISTIC
relative-determinant,analytic-object,INSTANCE_OF,HEURISTIC
relative-determinant,cusp-surgery,REQUIRES,CONDITIONAL
relay-lead-law,tfpt-compiler,INSTANCE_OF,HEURISTIC
relay-lead-law,static-prime-event-log,REQUIRES,STATISTICAL
relay-lead-law,von-mangoldt,REQUIRES,HEURISTIC
resummed-clock-tower,no-canonical-integer-label,BLOCKED_BY,THEOREM
resummed-clock-tower,analytic-object,INSTANCE_OF,HEURISTIC
resummed-clock-tower,event-log-function,WOULD_CLOSE,HEURISTIC
rh-as-reflection-positivity,hilbert-polya-operator,EQUIVALENT_TO,THEOREM
rh-as-reflection-positivity,riemann-hypothesis,EQUIVALENT_TO,THEOREM
rh-as-reflection-positivity,weil-positivity,EQUIVALENT_TO,THEOREM
rh-as-reflection-positivity,analytic-object,INSTANCE_OF,HEURISTIC
rh-as-reflection-positivity,functional-equation,REQUIRES,THEOREM
rhp-iiks-toda-tau,spectral-framework,INSTANCE_OF,HEURISTIC
rhp-iiks-toda-tau,verification/v955_tau_iiks_toda_dictionary.py,USED_BY,HEURISTIC
riemann-hypothesis,baez-duarte-criterion,EQUIVALENT_TO,THEOREM
riemann-hypothesis,gabor-prime-side-criterion,EQUIVALENT_TO,THEOREM
riemann-hypothesis,gabor-pure-criterion,EQUIVALENT_TO,THEOREM
riemann-hypothesis,gabor-rational-criterion,EQUIVALENT_TO,THEOREM
riemann-hypothesis,jensen-hyperbolicity,EQUIVALENT_TO,THEOREM
riemann-hypothesis,li-criterion,EQUIVALENT_TO,THEOREM
riemann-hypothesis,newman-criterion,EQUIVALENT_TO,THEOREM
riemann-hypothesis,nyman-beurling-criterion,EQUIVALENT_TO,THEOREM
riemann-hypothesis,weil-positivity,EQUIVALENT_TO,THEOREM
riemann-hypothesis,research-question,INSTANCE_OF,HEURISTIC
riemann-hypothesis,critical-line,REQUIRES,THEOREM
riemann-kernel,analytic-object,INSTANCE_OF,HEURISTIC
riemann-kernel,fourier-transform,REQUIRES,THEOREM
riemann-kernel,xi-fourier-function,TRANSFORM_OF,THEOREM
riemann-kernel,experiments/tfpt-discovery/mellin_cofactor_nonreal_zero_probe.py,USED_BY,HEURISTIC
riemann-xi,analytic-object,INSTANCE_OF,HEURISTIC
riemann-xi,functional-equation,REQUIRES,THEOREM
riemann-xi,riemann-zeta,TRANSFORM_OF,CONDITIONAL
riemann-zeta,analytic-object,INSTANCE_OF,HEURISTIC
riemann-zeta,riemann-xi,REQUIRES,THEOREM
rigid-calabi-yau-f8,analytic-object,INSTANCE_OF,HEURISTIC
rigid-calabi-yau-f8,weight4-gl1-transport,INSTANCE_OF,THEOREM
rigid-calabi-yau-f8,tate-trace-projector,REQUIRES,THEOREM
rigid-calabi-yau-f8,experiments/tfpt-discovery/cuspidal_bridge_probe.py,USED_BY,HEURISTIC
rodgers-tao-theorem,debruijn-newman-constant,IMPLIES,THEOREM
rodgers-tao-theorem,analytic-object,INSTANCE_OF,HEURISTIC
rosati-positive-geometry,positive-cone-blindness,BLOCKED_BY,CONDITIONAL
rosati-positive-geometry,analytic-object,INSTANCE_OF,HEURISTIC
saddle-point-method,spectral-framework,INSTANCE_OF,HEURISTIC
saddle-point-method,mellin-transform,REQUIRES,CONDITIONAL
scaling-site,adele-class-space,GENERALIZES,CONDITIONAL
scaling-site,arithmetic-geometry,INSTANCE_OF,HEURISTIC
scaling-site,bost-connes-system,REQUIRES,CONDITIONAL
schoenberg-helical-embedding,screw-function-criterion,EQUIVALENT_TO,THEOREM
schoenberg-helical-embedding,analytic-object,INSTANCE_OF,HEURISTIC
screw-function-criterion,weil-positivity,EQUIVALENT_TO,THEOREM
screw-function-criterion,positivity-criterion,INSTANCE_OF,HEURISTIC
seam-geodesic,tfpt-compiler,INSTANCE_OF,HEURISTIC
seam-geodesic,cm-seam,REQUIRES,CONDITIONAL
seam-geodesic,experiments/tfpt-discovery/seam_geodesic_factor.py,USED_BY,HEURISTIC
seam-geodesic,experiments/tfpt-discovery/seam_geodesic_infrastructure_probe.py,USED_BY,HEURISTIC
seam-kms-gibbs-positivity,positive-cone-blindness,BLOCKED_BY,THEOREM
seam-kms-gibbs-positivity,analytic-object,INSTANCE_OF,HEURISTIC
seam-kms-gibbs-positivity,experiments/tfpt-discovery/e8_glue_lseries_selfdual_probe.py,USED_BY,HEURISTIC
seam-modular-generator,no-archimedean-prime-joint-space,BLOCKED_BY,CONDITIONAL
seam-modular-generator,spectral-framework,INSTANCE_OF,HEURISTIC
seam-nine-dimensional-gram-correction,open-independent-positivity-source,BLOCKED_BY,CONDITIONAL
seam-nine-dimensional-gram-correction,spectral-framework,INSTANCE_OF,HEURISTIC
seam-nine-dimensional-gram-correction,/Users/stefanhamann/Documents/Codex/2026-09-04/scha-2/research/rh_seam_gram_correction_20260909/README.md,USED_BY,CONDITIONAL
seam-os-positive-transfer,no-archimedean-prime-joint-space,BLOCKED_BY,CONDITIONAL
seam-os-positive-transfer,spectral-framework,INSTANCE_OF,HEURISTIC
seam-rp-blind-selector,positive-cone-blindness,BLOCKED_BY,THEOREM
seam-rp-blind-selector,analytic-object,INSTANCE_OF,HEURISTIC
selberg-trace-formula,analytic-object,INSTANCE_OF,HEURISTIC
selberg-trace-formula,metric-by-operator-positivity,INSTANCE_OF,THEOREM
selberg-trace-formula,eisenstein-series,REQUIRES,THEOREM
selberg-trace-formula,modular-surface,REQUIRES,THEOREM
selected-arch-error-convergence,analytic-object,INSTANCE_OF,HEURISTIC
selected-arch-error-quadratic-rate,analytic-object,INSTANCE_OF,HEURISTIC
selected-arch-error-quadratic-rate,rh/lean/RH/SelectedArchErrorQuadraticRateClassical.lean,USED_BY,HEURISTIC
selected-arch-error-quadratic-rate,rh/lean/RH/SelectedArchErrorQuadraticRateClassical.lean,USED_BY,CONDITIONAL
selected-arch-error-rate-exists,selected-arch-error-convergence,IMPLIES,THEOREM
selected-arch-error-rate-exists,analytic-object,INSTANCE_OF,HEURISTIC
selected-arch-weighted-interpolation-estimate,selected-arch-error-rate-exists,IMPLIES,THEOREM
selected-arch-weighted-interpolation-estimate,analytic-object,INSTANCE_OF,HEURISTIC
selected-arch-weighted-interpolation-estimate,/Users/stefanhamann/Documents/Codex/2026-09-04/scha-2/outputs/RH_Arch_Formal_2026-09-05/ArchRateClosure.lean,USED_BY,THEOREM
selected-polynomial-approximates-grid,research-question,INSTANCE_OF,HEURISTIC
selected-polynomial-approximates-grid,weil-positivity,REQUIRES,CONDITIONAL
selected-polynomial-approximates-grid,rh/problem/extraction_joint.pdf,USED_BY,HEURISTIC
selected-polynomial-approximates-grid,rh/problem/extraction_joint.tex,USED_BY,HEURISTIC
selected-polynomial-approximates-grid,rh/problem/verify_extraction_joint.py,USED_BY,HEURISTIC
selected-window-family,finite-weil-window,INSTANCE_OF,CONDITIONAL
selected-window-family,rh/lean/RH/FrequentlySelected.lean,USED_BY,HEURISTIC
self-dual-measure,siegel-weil-carrier,CO_OCCURS,HEURISTIC
self-dual-measure,half-density,DUAL_TO,CONDITIONAL
self-dual-measure,analytic-object,INSTANCE_OF,HEURISTIC
self-dual-measure,additive-adeles,REQUIRES,THEOREM
siegel-weil-carrier,euler-side-blindness,BLOCKED_BY,CONDITIONAL
siegel-weil-carrier,farkas-witness-n-mod-8,BLOCKED_BY,THEOREM
siegel-weil-carrier,open-lambda-star-scale-law,BLOCKED_BY,CONDITIONAL
siegel-weil-carrier,positive-cone-blindness,BLOCKED_BY,CONDITIONAL
siegel-weil-carrier,positive-cone-blindness,BLOCKED_BY,CONDITIONAL
siegel-weil-carrier,quarter-shift-to-centre,BLOCKED_BY,THEOREM
siegel-weil-carrier,waldspurger-squares,CO_OCCURS,THEOREM
siegel-weil-carrier,analytic-object,INSTANCE_OF,HEURISTIC
siegel-weil-carrier,explicit-formula,REDUCES_TO,THEOREM
smooth-world,experiments/tfpt-discovery/transport_discriminator_probe.py,USED_BY,HEURISTIC
sos-pontryagin-language,positive-cone-blindness,BLOCKED_BY,CONDITIONAL
sos-pontryagin-language,positive-cone-blindness,BLOCKED_BY,CONDITIONAL
sos-pontryagin-language,spectral-framework,INSTANCE_OF,HEURISTIC
spectral-shift,analytic-object,INSTANCE_OF,HEURISTIC
spectral-shift,hilbert-polya-operator,REQUIRES,CONDITIONAL
spectral-shift,relative-determinant,REQUIRES,THEOREM
static-prime-event-log,analytic-object,INSTANCE_OF,HEURISTIC
static-prime-event-log,riemann-zeta,TRANSFORM_OF,THEOREM
stieltjes-function,barrier-nonreal-cofactor-zeros,BLOCKED_BY,CONDITIONAL
stieltjes-function,completely-monotone,SPECIAL_CASE_OF,THEOREM
stieltjes-function,pick-function,SPECIAL_CASE_OF,THEOREM
stochastic-scale-semigroup-on-connes-cokernel,finite-clock-commensurability,BLOCKED_BY,CONDITIONAL
stochastic-scale-semigroup-on-connes-cokernel,no-archimedean-prime-joint-space,BLOCKED_BY,CONDITIONAL
stochastic-scale-semigroup-on-connes-cokernel,no-canonical-integer-label,BLOCKED_BY,CONDITIONAL
stochastic-scale-semigroup-on-connes-cokernel,research-question,INSTANCE_OF,HEURISTIC
stochastic-scale-semigroup-on-connes-cokernel,adele-class-space,REQUIRES,CONDITIONAL
stochastic-scale-semigroup-on-connes-cokernel,no-composite-orbits,REQUIRES,CONDITIONAL
stochastic-scale-semigroup-on-connes-cokernel,self-dual-measure,REQUIRES,CONDITIONAL
stochastic-scale-semigroup-on-connes-cokernel,unitarity-of-emergent-time,REQUIRES,CONDITIONAL
stochastic-scale-semigroup-on-connes-cokernel,hilbert-polya-operator,WOULD_CLOSE,CONDITIONAL
stochastic-scale-semigroup-on-connes-cokernel,rh-as-reflection-positivity,WOULD_CLOSE,CONDITIONAL
strict-weil-window-floor-zhu,positivity-criterion,INSTANCE_OF,HEURISTIC
suzuki-screw-canonical-systems,experiments/tfpt-discovery/w1_theorem_probe.py,USED_BY,HEURISTIC
suzuki-screw-canonical-systems,notes/arxiv_w1_note/note_w1_suzuki_identification.tex,USED_BY,HEURISTIC
tate-information-loss,obstruction-class,INSTANCE_OF,HEURISTIC
tate-information-loss,verification/v1021_all_place_tate_rank_audit.py,USED_BY,THEOREM
tate-trace-projector,tate-information-loss,BLOCKED_BY,THEOREM
tate-trace-projector,analytic-object,INSTANCE_OF,HEURISTIC
tate-trace-projector,riemann-zeta,REALIZES,THEOREM
tate-trace-projector,verification/v1021_all_place_tate_rank_audit.py,USED_BY,HEURISTIC
terminal-statement,barrier-lossy-constant,BLOCKED_BY,CONDITIONAL
terminal-statement,research-question,INSTANCE_OF,HEURISTIC
terminal-statement,lstar-statement,REQUIRES,CONDITIONAL
terminal-statement,experiments/tfpt-discovery/budget_anatomy_probe.py,USED_BY,HEURISTIC
terminal-statement,experiments/tfpt-discovery/cross_chain_gamma_probe.py,USED_BY,HEURISTIC
terminal-statement,rh/lean/RH/Augmented.lean,USED_BY,HEURISTIC
terminal-statement,rh/lean/RH/Canonical.lean,USED_BY,HEURISTIC
terminal-statement,rh/lean/RH/Closure.lean,USED_BY,HEURISTIC
terminal-statement,rh/problem/compose_lemma.pdf,USED_BY,HEURISTIC
terminal-statement,rh/problem/compose_lemma.tex,USED_BY,HEURISTIC
terminal-statement,rh/problem/cross_chain_gamma.pdf,USED_BY,HEURISTIC
terminal-statement,rh/problem/cross_chain_gamma.tex,USED_BY,HEURISTIC
terminal-statement,rh/problem/qn_reopened.pdf,USED_BY,HEURISTIC
terminal-statement,rh/problem/qn_reopened.tex,USED_BY,HEURISTIC
terminal-statement,rh/problem/verify_cross_chain.py,USED_BY,HEURISTIC
terminal-statement,rh/problem/verify_qn_reopened.py,USED_BY,HEURISTIC
terminal-statement,verification/v960_terminal_surface_closure.py,USED_BY,HEURISTIC
terminal-statement,finite-weil-window,WOULD_CLOSE,CONDITIONAL
tfpt-c3,tfpt-compiler,INSTANCE_OF,HEURISTIC
tfpt-c3,tfpt-e8-compiler,REQUIRES,CONDITIONAL
tfpt-compiler,experiments/tfpt-discovery/clock_torsion_ecm_probe.py,USED_BY,HEURISTIC
tfpt-compiler,experiments/tfpt-discovery/compiler_arithmetic_bridge_probe.py,USED_BY,HEURISTIC
tfpt-compiler,experiments/tfpt-discovery/simplicity_core_census_probe.py,USED_BY,HEURISTIC
tfpt-compiler,experiments/tfpt-discovery/two_qubit_clifford_probe.py,USED_BY,HEURISTIC
tfpt-e8-compiler,tfpt-compiler,INSTANCE_OF,HEURISTIC
tfpt-e8-compiler,tfpt-e8-lattice,REALIZES,CONDITIONAL
tfpt-e8-compiler,experiments/tfpt-discovery/recursion_traces_probe.py,USED_BY,HEURISTIC
tfpt-e8-lattice,tfpt-compiler,INSTANCE_OF,HEURISTIC
tfpt-e8-lattice,e8-theta-series,REALIZES,THEOREM
tfpt-e8-lattice,experiments/tfpt-discovery/e8_local_densities_probe.py,USED_BY,HEURISTIC
tfpt-e8-lattice,experiments/tfpt-discovery/moonshot_hecke_groupoid_probe.py,USED_BY,HEURISTIC
tfpt-e8-lattice,verification/v536_eichler_trace_layer.py,USED_BY,HEURISTIC
tfpt-gcar,tfpt-compiler,INSTANCE_OF,HEURISTIC
tfpt-gcar,tfpt-e8-compiler,REQUIRES,CONDITIONAL
tfpt-gcar,experiments/tfpt-discovery/boundary_nullselector_probe.py,USED_BY,HEURISTIC
tfpt-gcar,verification/v785_hecke_check32.py,USED_BY,HEURISTIC
toeplitz-positivity,positivity-criterion,INSTANCE_OF,HEURISTIC
toeplitz-positivity,polya-frequency-function,REQUIRES,CONDITIONAL
toeplitz-positivity,experiments/tfpt-discovery/oddtoeplitz_pole_branch_probe.py,USED_BY,HEURISTIC
ucp-map,spectral-framework,INSTANCE_OF,HEURISTIC
ucp-map,cuntz-system,REQUIRES,THEOREM
ucp-map,experiments/tfpt-discovery/euler_operator_lift_probe.py,USED_BY,HEURISTIC
unitarity-of-emergent-time,research-question,INSTANCE_OF,HEURISTIC
unitarity-of-emergent-time,weil-positivity,WOULD_CLOSE,CONDITIONAL
van-dantzig-pair,analytic-object,INSTANCE_OF,HEURISTIC
vasyunin-gram-matrix,analytic-object,INSTANCE_OF,HEURISTIC
vasyunin-gram-matrix,nyman-beurling-space,REALIZES,THEOREM
verified-zeros-height,compact-window-certificate-mechanism,BLOCKED_BY,THEOREM
verified-zeros-height,analytic-object,INSTANCE_OF,HEURISTIC
vitali-montel,analytic-object,INSTANCE_OF,HEURISTIC
von-mangoldt,analytic-object,INSTANCE_OF,HEURISTIC
von-mangoldt,rh/problem/overlap_mechanism.pdf,KILLED_BY,HEURISTIC
von-mangoldt,rh/problem/overlap_mechanism.tex,KILLED_BY,HEURISTIC
von-mangoldt,rh/problem/p1_construction.pdf,KILLED_BY,HEURISTIC
von-mangoldt,rh/problem/p1_construction.tex,KILLED_BY,HEURISTIC
von-mangoldt,rh/problem/verify_overlap_mechanism.py,KILLED_BY,HEURISTIC
von-mangoldt,experiments/tfpt-discovery/chain_mass_law_probe.py,USED_BY,HEURISTIC
von-mangoldt,experiments/tfpt-discovery/christoffel_pnt_gamma_probe.py,USED_BY,HEURISTIC
von-mangoldt,experiments/tfpt-discovery/coupledtau_probe.py,USED_BY,HEURISTIC
von-mangoldt,experiments/tfpt-discovery/frame_beyond_probe.py,USED_BY,HEURISTIC
von-mangoldt,experiments/tfpt-discovery/groupoid_halfdensity_probe.py,USED_BY,HEURISTIC
von-mangoldt,experiments/tfpt-discovery/mangoldt_incidence_probe.py,USED_BY,HEURISTIC
von-mangoldt,experiments/tfpt-discovery/prime_inequality_evosearch_probe.py,USED_BY,HEURISTIC
von-mangoldt,experiments/tfpt-discovery/prime_sqrt_uniformization_probe.py,USED_BY,HEURISTIC
von-mangoldt,experiments/tfpt-discovery/selberg_supply_probe.py,USED_BY,HEURISTIC
von-mangoldt,experiments/tfpt-discovery/suzuki_contact_probe.py,USED_BY,HEURISTIC
von-mangoldt,experiments/tfpt-discovery/turing_cert_probe.py,USED_BY,HEURISTIC
von-mangoldt,rh/problem/overlap_mechanism.pdf,USED_BY,HEURISTIC
von-mangoldt,rh/problem/overlap_mechanism.tex,USED_BY,HEURISTIC
von-mangoldt,rh/problem/p1_construction.pdf,USED_BY,HEURISTIC
von-mangoldt,rh/problem/p1_construction.tex,USED_BY,HEURISTIC
von-mangoldt,rh/problem/verify_overlap_mechanism.py,USED_BY,HEURISTIC
w2-form-density,research-question,INSTANCE_OF,HEURISTIC
w3-uniform-window-positivity,research-question,INSTANCE_OF,HEURISTIC
w4-global-positivity-transfer,research-question,INSTANCE_OF,HEURISTIC
w4-global-positivity-transfer,w2-form-density,REQUIRES,CONDITIONAL
w4-global-positivity-transfer,w3-uniform-window-positivity,REQUIRES,CONDITIONAL
w4-global-positivity-transfer,weil-positivity,WOULD_CLOSE,CONDITIONAL
waldspurger-squares,euler-side-blindness,BLOCKED_BY,CONDITIONAL
waldspurger-squares,positive-cone-blindness,BLOCKED_BY,CONDITIONAL
waldspurger-squares,positive-cone-blindness,BLOCKED_BY,THEOREM
waldspurger-squares,positive-cone-blindness,BLOCKED_BY,CONDITIONAL
waldspurger-squares,weight4-gl1-transport,BLOCKED_BY,CONDITIONAL
waldspurger-squares,spectral-framework,INSTANCE_OF,HEURISTIC
weight4-gl1-transport,research-question,INSTANCE_OF,HEURISTIC
weil-arch-term,analytic-object,INSTANCE_OF,HEURISTIC
weil-arch-term,experiments/tfpt-discovery/heat_arch_probe.py,USED_BY,HEURISTIC
weil-conjectures,analytic-object,INSTANCE_OF,HEURISTIC
weil-conjectures,riemann-hypothesis,SPECIAL_CASE_OF,HEURISTIC
weil-pole-term,analytic-object,INSTANCE_OF,HEURISTIC
weil-pole-term,experiments/tfpt-discovery/pnt_model_probe.py,USED_BY,HEURISTIC
weil-pole-term,experiments/tfpt-discovery/pole_rank_one_probe.py,USED_BY,HEURISTIC
weil-pole-term,experiments/tfpt-discovery/w1_dictionary_probe.py,USED_BY,HEURISTIC
weil-pole-term,verification/v591_pole_rank_one.py,USED_BY,HEURISTIC
weil-positivity,i5-transport-ledger-criterion,EQUIVALENT_TO,THEOREM
weil-positivity,riemann-hypothesis,EQUIVALENT_TO,THEOREM
weil-positivity,positivity-criterion,INSTANCE_OF,HEURISTIC
weil-positivity,weil-quadratic-form,REQUIRES,THEOREM
weil-positivity,experiments/tfpt-discovery/continuum_extension_probe.py,USED_BY,HEURISTIC
weil-positivity,experiments/tfpt-discovery/continuum_extraction_probe.py,USED_BY,HEURISTIC
weil-positivity,experiments/tfpt-discovery/duality_forms_probe.py,USED_BY,HEURISTIC
weil-positivity,experiments/tfpt-discovery/i5_connes_dictionary_probe.py,USED_BY,HEURISTIC
weil-positivity,experiments/tfpt-discovery/zone_extension_proof_probe.py,USED_BY,HEURISTIC
weil-positivity,tfpt_prime_front.tex#sec:i5,USED_BY,HEURISTIC
weil-positivity,verification/v848_extraction_chain.py,USED_BY,HEURISTIC
weil-prime-term,analytic-object,INSTANCE_OF,HEURISTIC
weil-prime-term,von-mangoldt,REQUIRES,THEOREM
weil-prime-term,experiments/tfpt-discovery/kernel_loewner_probe.py,USED_BY,HEURISTIC
weil-quadratic-form,analytic-object,INSTANCE_OF,HEURISTIC
weil-quadratic-form,explicit-formula,REQUIRES,THEOREM
weil-quadratic-form,weil-arch-term,REQUIRES,THEOREM
weil-quadratic-form,weil-pole-term,REQUIRES,THEOREM
weil-quadratic-form,weil-prime-term,REQUIRES,THEOREM
weil-quadratic-form,/Users/stefanhamann/Documents/Codex/2026-09-04/scha-2/research/rh_seam_gram_correction_20260909/README.md,USED_BY,HEURISTIC
weil-quadratic-form,experiments/lean4-carrier-rigidity/TfptCarrier/WeilDictionary.lean,USED_BY,HEURISTIC
weil-quadratic-form,experiments/tfpt-discovery/gabor_honest_weil_game_probe.py,USED_BY,HEURISTIC
weil-quadratic-form,experiments/tfpt-discovery/gabor_scramble_gate_probe.py,USED_BY,HEURISTIC
weil-quadratic-form,experiments/tfpt-discovery/relay_test_probe.py,USED_BY,HEURISTIC
weil-quadratic-form,experiments/tfpt-discovery/stc_sol_convergence_probe.py,USED_BY,HEURISTIC
weil-quadratic-form,experiments/tfpt-discovery/thin_band_analytic_probe.py,USED_BY,HEURISTIC
weil-quadratic-form,experiments/tfpt-discovery/weil_window_profile_scout.py,USED_BY,HEURISTIC
weil-quadratic-form,rh/catalog/analysis/all_place_tate_audit.md,USED_BY,HEURISTIC
weil-quadratic-form,rh/lean/RH/Elementwise.lean,USED_BY,HEURISTIC
whole-core-relative-dilation,spectral-framework,INSTANCE_OF,HEURISTIC
whole-core-relative-dilation,/Users/stefanhamann/Documents/Codex/2026-09-04/scha-2/work/relative_window_flow_20260907/relative_flow_proof.md,KILLED_BY,CONDITIONAL
whole-odd-coercivity-l9-4,spectral-framework,INSTANCE_OF,HEURISTIC
whole-odd-coercivity-l9-4,arithmetic-relative-corridor,REQUIRES,CONDITIONAL
whole-odd-coercivity-l9-4,/Users/stefanhamann/Documents/Codex/2026-09-04/scha-2/research/rh_whole_odd_coercivity_20260909/README.md,USED_BY,CONDITIONAL
whole-output-inverse-responses,spectral-framework,INSTANCE_OF,HEURISTIC
whole-output-inverse-responses,/Users/stefanhamann/Documents/Codex/2026-09-04/scha-2/research/rh_residual_response_20260908/RESPONSE_PROOF.md,USED_BY,CONDITIONAL
xi-fourier-function,analytic-object,INSTANCE_OF,HEURISTIC
xi-fourier-function,laguerre-polya-class,INSTANCE_OF,CONDITIONAL
xi-fourier-function,riemann-kernel,TRANSFORM_OF,THEOREM
zero-counting,analytic-object,INSTANCE_OF,HEURISTIC
zero-counting,riemann-zeta,REQUIRES,THEOREM
