id,path,round,kind,family,outcome,failure_class,rh_relevance,draft,score
verification/v917_driver_rate_certification.py,verification/v917_driver_rate_certification.py,ledger:PRIME.KR4.DRIVER.CERT.01,FORMALIZATION,WEIL_POSITIVITY_WINDOWS,PROVED,NOT_APPLICABLE,FINITE_FRAGMENT,false,2.75
verification/v916_epstein_weil_violation.py,verification/v916_epstein_weil_violation.py,ledger:PRIME.KR4.EPSTEIN.COLLAPSE.01,FOUNDATION,SCREW_SUBORDINATION_LSTAR,CERTIFIED,NOT_APPLICABLE,IDENTITY_SIDE,false,2.2
verification/v894_diagonal_refinement.py,verification/v894_diagonal_refinement.py,r26 contract,REDUCTION,EXPLICIT_FORMULA_IDENTITY,OPEN,LOSSY_CONSTANT,LOAD_BEARING_OPEN,false,1.3886
experiments/tfpt-discovery/bughunt2_r86_r105_probe.py,experiments/tfpt-discovery/bughunt2_r86_r105_probe.py,r100-r105,ATTACK,LEAN_FORMALIZATION,OPEN,NOT_APPLICABLE,INFRASTRUCTURE,true,0.9828
experiments/tfpt-discovery/semilocal_realroot_limit_probe.py,experiments/tfpt-discovery/semilocal_realroot_limit_probe.py,r100-r200,ATTACK,WEIL_POSITIVITY_WINDOWS,MEASURED,NOT_APPLICABLE,FINITE_FRAGMENT,true,1.1232
experiments/tfpt-discovery/idgraph_search_probe.py,experiments/tfpt-discovery/idgraph_search_probe.py,r101-r115,ATTACK,CERTIFICATE_INFRASTRUCTURE,MEASURED,NOT_APPLICABLE,INFRASTRUCTURE,true,1.1232
experiments/tfpt-discovery/bughunt6_probe.py,experiments/tfpt-discovery/bughunt6_probe.py,r109-r169,ATTACK,SIEVE_FACTORING_GEOMETRY,MEASURED,NOT_APPLICABLE,UNRELATED,true,1.1232
experiments/tfpt-discovery/bughunt7_probe.py,experiments/tfpt-discovery/bughunt7_probe.py,r109-r175,ATTACK,WEIL_POSITIVITY_WINDOWS,MEASURED,NOT_APPLICABLE,FINITE_FRAGMENT,true,1.1232
experiments/tfpt-discovery/bughunt8_probe.py,experiments/tfpt-discovery/bughunt8_probe.py,r109-r182,ATTACK,WEIL_POSITIVITY_WINDOWS,MEASURED,NOT_APPLICABLE,FINITE_FRAGMENT,true,1.1232
experiments/tfpt-discovery/bughunt9_probe.py,experiments/tfpt-discovery/bughunt9_probe.py,r109-r191,ATTACK,OPERATOR_SPECTRAL,OPEN,NOT_APPLICABLE,FINITE_FRAGMENT,true,0.9828
experiments/tfpt-discovery/bughunt10_probe.py,experiments/tfpt-discovery/bughunt10_probe.py,r109-r198,ATTACK,EXPLICIT_FORMULA_IDENTITY,KILLED,STRUCTURAL_MISMATCH,IDENTITY_SIDE,true,1.4976
experiments/tfpt-discovery/bughunt11_probe.py,experiments/tfpt-discovery/bughunt11_probe.py,r109-r206,ATTACK,MELLIN_PICK_LEE_YANG,KILLED,WORLD_BLIND,FINITE_FRAGMENT,true,1.4976
experiments/tfpt-discovery/l1_weyllaw_probe.py,experiments/tfpt-discovery/l1_weyllaw_probe.py,r112-r128,ATTACK,EXPLICIT_FORMULA_IDENTITY,CERTIFIED,NOT_APPLICABLE,IDENTITY_SIDE,true,1.872
experiments/tfpt-discovery/bughunt4_probe.py,experiments/tfpt-discovery/bughunt4_probe.py,r114-r148,ATTACK,WEIL_POSITIVITY_WINDOWS,KILLED,ORACLE_LEAK,FINITE_FRAGMENT,true,1.4976
experiments/tfpt-discovery/window_instrument_probe.py,experiments/tfpt-discovery/window_instrument_probe.py,r114-r162,ATTACK,WEIL_POSITIVITY_WINDOWS,CERTIFIED,NOT_APPLICABLE,FINITE_FRAGMENT,true,1.872
experiments/tfpt-discovery/tau_blockaverage_probe.py,experiments/tfpt-discovery/tau_blockaverage_probe.py,r114-r165,ATTACK,WEIL_POSITIVITY_WINDOWS,CERTIFIED,NOT_APPLICABLE,FINITE_FRAGMENT,true,1.872
experiments/tfpt-discovery/coupling_ansatz_probe.py,experiments/tfpt-discovery/coupling_ansatz_probe.py,r115,ATTACK,MELLIN_PICK_LEE_YANG,CERTIFIED,NOT_APPLICABLE,FINITE_FRAGMENT,true,1.872
experiments/tfpt-discovery/radius4_an_probe.py,experiments/tfpt-discovery/radius4_an_probe.py,r115-r117,ATTACK,OPERATOR_SPECTRAL,OPEN,NOT_APPLICABLE,FINITE_FRAGMENT,true,0.9828
experiments/tfpt-discovery/irwall_probe.py,experiments/tfpt-discovery/irwall_probe.py,r115-r119,ATTACK,WEIL_POSITIVITY_WINDOWS,CERTIFIED,NOT_APPLICABLE,FINITE_FRAGMENT,true,1.872
experiments/tfpt-discovery/bughunt3_probe.py,experiments/tfpt-discovery/bughunt3_probe.py,r116-r129,ATTACK,WEIL_POSITIVITY_WINDOWS,CERTIFIED,NOT_APPLICABLE,FINITE_FRAGMENT,true,1.872
experiments/tfpt-discovery/hpin_floor_probe.py,experiments/tfpt-discovery/hpin_floor_probe.py,r116-r133,ATTACK,EXPLICIT_FORMULA_IDENTITY,CERTIFIED,NOT_APPLICABLE,IDENTITY_SIDE,true,1.872
experiments/tfpt-discovery/epslock_probe.py,experiments/tfpt-discovery/epslock_probe.py,r116-r135,ATTACK,WEIL_POSITIVITY_WINDOWS,INCONCLUSIVE,NOT_APPLICABLE,FINITE_FRAGMENT,true,0.7488
experiments/tfpt-discovery/spacing_remainder_probe.py,experiments/tfpt-discovery/spacing_remainder_probe.py,r116-r135,ATTACK,SIEVE_FACTORING_GEOMETRY,KILLED,ORACLE_LEAK,UNRELATED,true,1.4976
experiments/tfpt-discovery/counteq_seedball_probe.py,experiments/tfpt-discovery/counteq_seedball_probe.py,r116-r136,ATTACK,WEIL_POSITIVITY_WINDOWS,CERTIFIED,NOT_APPLICABLE,FINITE_FRAGMENT,true,1.872
experiments/tfpt-discovery/jetlock_bandmass_probe.py,experiments/tfpt-discovery/jetlock_bandmass_probe.py,r116-r138,ATTACK,TOEPLITZ_MOMENT_POSITIVITY,CERTIFIED,NOT_APPLICABLE,FINITE_FRAGMENT,true,1.872
experiments/tfpt-discovery/qsubgap_probe.py,experiments/tfpt-discovery/qsubgap_probe.py,r116-r138,ATTACK,WEIL_POSITIVITY_WINDOWS,CERTIFIED,NOT_APPLICABLE,FINITE_FRAGMENT,true,1.872
experiments/tfpt-discovery/pfloor_suscap2_probe.py,experiments/tfpt-discovery/pfloor_suscap2_probe.py,r116-r139,ATTACK,WEIL_POSITIVITY_WINDOWS,MEASURED,NOT_APPLICABLE,FINITE_FRAGMENT,true,1.1232
experiments/tfpt-discovery/tlawcap_suscap2r_probe.py,experiments/tfpt-discovery/tlawcap_suscap2r_probe.py,r116-r141,ATTACK,WEIL_POSITIVITY_WINDOWS,OPEN,NOT_APPLICABLE,FINITE_FRAGMENT,true,0.9828
experiments/tfpt-discovery/toproot_tailvis_probe.py,experiments/tfpt-discovery/toproot_tailvis_probe.py,r116-r141,ATTACK,WEIL_POSITIVITY_WINDOWS,MEASURED,NOT_APPLICABLE,FINITE_FRAGMENT,true,1.1232
experiments/tfpt-discovery/suscap_master_probe.py,experiments/tfpt-discovery/suscap_master_probe.py,r116-r142,ATTACK,OPERATOR_SPECTRAL,MEASURED,NOT_APPLICABLE,FINITE_FRAGMENT,true,1.1232
experiments/tfpt-discovery/adjugate_logmaster_probe.py,experiments/tfpt-discovery/adjugate_logmaster_probe.py,r116-r144,ATTACK,WEIL_POSITIVITY_WINDOWS,MEASURED,NOT_APPLICABLE,FINITE_FRAGMENT,true,1.1232
experiments/tfpt-discovery/fullgap_spectrum_probe.py,experiments/tfpt-discovery/fullgap_spectrum_probe.py,r116-r144,ATTACK,WEIL_POSITIVITY_WINDOWS,MEASURED,NOT_APPLICABLE,FINITE_FRAGMENT,true,1.1232
experiments/tfpt-discovery/collapserate_probe.py,experiments/tfpt-discovery/collapserate_probe.py,r116-r147,ATTACK,WEIL_POSITIVITY_WINDOWS,CERTIFIED,NOT_APPLICABLE,FINITE_FRAGMENT,true,1.872
experiments/tfpt-discovery/tlawcap_blocks_probe.py,experiments/tfpt-discovery/tlawcap_blocks_probe.py,r116-r148,ATTACK,TOEPLITZ_MOMENT_POSITIVITY,CERTIFIED,NOT_APPLICABLE,FINITE_FRAGMENT,true,1.872
experiments/tfpt-discovery/anchor_epslock_probe.py,experiments/tfpt-discovery/anchor_epslock_probe.py,r116-r151,ATTACK,WEIL_POSITIVITY_WINDOWS,MEASURED,NOT_APPLICABLE,FINITE_FRAGMENT,true,1.1232
experiments/tfpt-discovery/nearalign_probe.py,experiments/tfpt-discovery/nearalign_probe.py,r116-r153,ATTACK,WEIL_POSITIVITY_WINDOWS,CERTIFIED,NOT_APPLICABLE,FINITE_FRAGMENT,true,1.872
experiments/tfpt-discovery/assembly_walls_probe.py,experiments/tfpt-discovery/assembly_walls_probe.py,r116-r154,ATTACK,WEIL_POSITIVITY_WINDOWS,CERTIFIED,NOT_APPLICABLE,FINITE_FRAGMENT,true,1.872
experiments/tfpt-discovery/rootladder_probe.py,experiments/tfpt-discovery/rootladder_probe.py,r116-r154,ATTACK,WEIL_POSITIVITY_WINDOWS,CERTIFIED,NOT_APPLICABLE,FINITE_FRAGMENT,true,1.872
experiments/tfpt-discovery/spectral_balance_probe.py,experiments/tfpt-discovery/spectral_balance_probe.py,r116-r154,ATTACK,CERTIFICATE_INFRASTRUCTURE,MEASURED,NOT_APPLICABLE,INFRASTRUCTURE,true,1.1232
experiments/tfpt-discovery/edge_cleanup_probe.py,experiments/tfpt-discovery/edge_cleanup_probe.py,r116-r156,ATTACK,WEIL_POSITIVITY_WINDOWS,CERTIFIED,NOT_APPLICABLE,FINITE_FRAGMENT,true,1.872
experiments/tfpt-discovery/gfloor_probe.py,experiments/tfpt-discovery/gfloor_probe.py,r116-r157,ATTACK,OPERATOR_SPECTRAL,MEASURED,NOT_APPLICABLE,FINITE_FRAGMENT,true,1.1232
experiments/tfpt-discovery/fullgap_growthlaw_probe.py,experiments/tfpt-discovery/fullgap_growthlaw_probe.py,r116-r161,ATTACK,SIEVE_FACTORING_GEOMETRY,CERTIFIED,NOT_APPLICABLE,UNRELATED,true,1.872
experiments/tfpt-discovery/novelty_synthesis_probe.py,experiments/tfpt-discovery/novelty_synthesis_probe.py,r116-r162,ATTACK,WEIL_POSITIVITY_WINDOWS,CERTIFIED,NOT_APPLICABLE,FINITE_FRAGMENT,true,1.872
experiments/tfpt-discovery/depthblock_transfer_probe.py,experiments/tfpt-discovery/depthblock_transfer_probe.py,r116-r167,ATTACK,SIEVE_FACTORING_GEOMETRY,MEASURED,NOT_APPLICABLE,UNRELATED,true,1.1232
experiments/tfpt-discovery/sigmafloor_probe.py,experiments/tfpt-discovery/sigmafloor_probe.py,r116-r168,ATTACK,WEIL_POSITIVITY_WINDOWS,CERTIFIED,NOT_APPLICABLE,FINITE_FRAGMENT,true,1.872
experiments/tfpt-discovery/jetmass_floor_probe.py,experiments/tfpt-discovery/jetmass_floor_probe.py,r116-r169,ATTACK,WEIL_POSITIVITY_WINDOWS,CERTIFIED,NOT_APPLICABLE,FINITE_FRAGMENT,true,1.872
experiments/tfpt-discovery/toproot_theta_probe.py,experiments/tfpt-discovery/toproot_theta_probe.py,r116-r171,ATTACK,WEIL_POSITIVITY_WINDOWS,KILLED,WORLD_BLIND,FINITE_FRAGMENT,true,1.4976
experiments/tfpt-discovery/h3_cofinal_probe.py,experiments/tfpt-discovery/h3_cofinal_probe.py,r116-r172,ATTACK,WEIL_POSITIVITY_WINDOWS,MEASURED,NOT_APPLICABLE,FINITE_FRAGMENT,true,1.1232
experiments/tfpt-discovery/doublelimit_proof_probe.py,experiments/tfpt-discovery/doublelimit_proof_probe.py,r117-r122,ATTACK,WEIL_POSITIVITY_WINDOWS,MEASURED,NOT_APPLICABLE,FINITE_FRAGMENT,true,1.1232
experiments/tfpt-discovery/j2_primeforce_probe.py,experiments/tfpt-discovery/j2_primeforce_probe.py,r118-r157,ATTACK,WEIL_POSITIVITY_WINDOWS,OPEN,NOT_APPLICABLE,FINITE_FRAGMENT,true,0.9828
experiments/tfpt-discovery/frameschedule_probe.py,experiments/tfpt-discovery/frameschedule_probe.py,r120-r124,ATTACK,OPERATOR_SPECTRAL,CERTIFIED,NOT_APPLICABLE,FINITE_FRAGMENT,true,1.872
experiments/tfpt-discovery/cluster_mixing_probe.py,experiments/tfpt-discovery/cluster_mixing_probe.py,r121-r122,ATTACK,OPERATOR_SPECTRAL,KILLED,STRUCTURAL_MISMATCH,FINITE_FRAGMENT,true,1.4976
experiments/tfpt-discovery/selection_probe.py,experiments/tfpt-discovery/selection_probe.py,r121-r124,ATTACK,OPERATOR_SPECTRAL,CERTIFIED,NOT_APPLICABLE,FINITE_FRAGMENT,true,1.872
experiments/tfpt-discovery/wpd_proof_probe.py,experiments/tfpt-discovery/wpd_proof_probe.py,r122-r128,ATTACK,CERTIFICATE_INFRASTRUCTURE,MEASURED,NOT_APPLICABLE,INFRASTRUCTURE,true,1.1232
experiments/tfpt-discovery/dominance_proof_probe.py,experiments/tfpt-discovery/dominance_proof_probe.py,r122-r132,ATTACK,CERTIFICATE_INFRASTRUCTURE,KILLED,ORACLE_LEAK,INFRASTRUCTURE,true,1.4976
experiments/tfpt-discovery/fullgap_onset_probe.py,experiments/tfpt-discovery/fullgap_onset_probe.py,r122-r144,ATTACK,WEIL_POSITIVITY_WINDOWS,MEASURED,NOT_APPLICABLE,FINITE_FRAGMENT,true,1.1232
experiments/tfpt-discovery/dbn_heatflow_probe.py,experiments/tfpt-discovery/dbn_heatflow_probe.py,r122-r175,ATTACK,WEIL_POSITIVITY_WINDOWS,MEASURED,NOT_APPLICABLE,FINITE_FRAGMENT,true,1.1232
experiments/tfpt-discovery/pi_pattern_scan_probe.py,experiments/tfpt-discovery/pi_pattern_scan_probe.py,r122-r182,ATTACK,WEIL_POSITIVITY_WINDOWS,OPEN,NOT_APPLICABLE,FINITE_FRAGMENT,true,0.9828
experiments/tfpt-discovery/mangoldt_ablation_ladder_probe.py,experiments/tfpt-discovery/mangoldt_ablation_ladder_probe.py,r122-r184,ATTACK,LEAN_FORMALIZATION,OPEN,NOT_APPLICABLE,INFRASTRUCTURE,true,0.9828
experiments/tfpt-discovery/l1wpd_closure_probe.py,experiments/tfpt-discovery/l1wpd_closure_probe.py,r128-r176,ATTACK,CERTIFICATE_INFRASTRUCTURE,MEASURED,NOT_APPLICABLE,INFRASTRUCTURE,true,1.1232
experiments/tfpt-discovery/gonek_pricing_probe.py,experiments/tfpt-discovery/gonek_pricing_probe.py,r131-r172,ATTACK,WEIL_POSITIVITY_WINDOWS,CERTIFIED,NOT_APPLICABLE,FINITE_FRAGMENT,true,1.872
experiments/tfpt-discovery/thetainf_pin_probe.py,experiments/tfpt-discovery/thetainf_pin_probe.py,r131-r174,ATTACK,SELBERG_TRACE_CONTACT,MEASURED,NOT_APPLICABLE,FINITE_FRAGMENT,true,1.1232
experiments/tfpt-discovery/manifold_invariance_probe.py,experiments/tfpt-discovery/manifold_invariance_probe.py,r131-r176,ATTACK,WEIL_POSITIVITY_WINDOWS,MEASURED,NOT_APPLICABLE,FINITE_FRAGMENT,true,1.1232
experiments/tfpt-discovery/cbj_frame_probe.py,experiments/tfpt-discovery/cbj_frame_probe.py,r131-r178,ATTACK,WEIL_POSITIVITY_WINDOWS,KILLED,NOT_APPLICABLE,FINITE_FRAGMENT,true,1.4976
experiments/tfpt-discovery/cbj_subdof_probe.py,experiments/tfpt-discovery/cbj_subdof_probe.py,r131-r180,ATTACK,WEIL_POSITIVITY_WINDOWS,SEALED,NOT_APPLICABLE,FINITE_FRAGMENT,true,0.8424
experiments/tfpt-discovery/alignment_law_probe.py,experiments/tfpt-discovery/alignment_law_probe.py,r131-r182,ATTACK,WEIL_POSITIVITY_WINDOWS,KILLED,WORLD_BLIND,FINITE_FRAGMENT,true,1.4976
experiments/tfpt-discovery/commensurability_mechanism_probe.py,experiments/tfpt-discovery/commensurability_mechanism_probe.py,r131-r189,ATTACK,LEAN_FORMALIZATION,KILLED,STRUCTURAL_MISMATCH,INFRASTRUCTURE,true,1.4976
experiments/tfpt-discovery/ground_residue_obs_probe.py,experiments/tfpt-discovery/ground_residue_obs_probe.py,r131-r189,ATTACK,RHP_IIKS_TAU,MEASURED,NOT_APPLICABLE,FINITE_FRAGMENT,true,1.1232
experiments/tfpt-discovery/turan_extremal_probe.py,experiments/tfpt-discovery/turan_extremal_probe.py,r131-r195,ATTACK,TOEPLITZ_MOMENT_POSITIVITY,PROVED,NOT_APPLICABLE,FINITE_FRAGMENT,true,2.0592
experiments/tfpt-discovery/fewatom_reduction_probe.py,experiments/tfpt-discovery/fewatom_reduction_probe.py,r131-r198,ATTACK,WEIL_POSITIVITY_WINDOWS,CERTIFIED,NOT_APPLICABLE,FINITE_FRAGMENT,true,1.872
experiments/tfpt-discovery/zb_wiggle_strat_probe.py,experiments/tfpt-discovery/zb_wiggle_strat_probe.py,r131-r200,ATTACK,WEIL_POSITIVITY_WINDOWS,OPEN,NOT_APPLICABLE,FINITE_FRAGMENT,true,0.9828
experiments/tfpt-discovery/selberg_effective_probe.py,experiments/tfpt-discovery/selberg_effective_probe.py,r135-r162,ATTACK,SELBERG_TRACE_CONTACT,OPEN,NOT_APPLICABLE,FINITE_FRAGMENT,true,0.9828
experiments/tfpt-discovery/bughunt5_probe.py,experiments/tfpt-discovery/bughunt5_probe.py,r137-r162,ATTACK,WEIL_POSITIVITY_WINDOWS,CERTIFIED,NOT_APPLICABLE,FINITE_FRAGMENT,true,1.872
experiments/tfpt-discovery/census_lift_probe.py,experiments/tfpt-discovery/census_lift_probe.py,r156-r180,ATTACK,OPERATOR_SPECTRAL,CERTIFIED,NOT_APPLICABLE,FINITE_FRAGMENT,true,1.872
experiments/tfpt-discovery/krein_definitizer_probe.py,experiments/tfpt-discovery/krein_definitizer_probe.py,r156-r188,ATTACK,OPERATOR_SPECTRAL,KILLED,NOT_APPLICABLE,FINITE_FRAGMENT,true,1.4976
experiments/tfpt-discovery/loewner_pick_probe.py,experiments/tfpt-discovery/loewner_pick_probe.py,r171-r186,ATTACK,MELLIN_PICK_LEE_YANG,OPEN,NOT_APPLICABLE,FINITE_FRAGMENT,true,0.9828
experiments/tfpt-discovery/cancellation_functional_probe.py,experiments/tfpt-discovery/cancellation_functional_probe.py,r171-r189,ATTACK,WEIL_POSITIVITY_WINDOWS,MEASURED,NOT_APPLICABLE,FINITE_FRAGMENT,true,1.1232
experiments/tfpt-discovery/nodeless_pf_probe.py,experiments/tfpt-discovery/nodeless_pf_probe.py,r171-r197,ATTACK,DYNAMICS_CLOCKS_PF,OPEN,NOT_APPLICABLE,FINITE_FRAGMENT,true,0.9828
experiments/tfpt-discovery/pole_homotopy_probe.py,experiments/tfpt-discovery/pole_homotopy_probe.py,r171-r198,ATTACK,DYNAMICS_CLOCKS_PF,CERTIFIED,NOT_APPLICABLE,FINITE_FRAGMENT,true,1.872
experiments/tfpt-discovery/eigvec_geometry_probe.py,experiments/tfpt-discovery/eigvec_geometry_probe.py,r171-r200,ATTACK,MELLIN_PICK_LEE_YANG,CERTIFIED,NOT_APPLICABLE,FINITE_FRAGMENT,true,1.872
experiments/tfpt-discovery/euler_jet_dictionary_probe.py,experiments/tfpt-discovery/euler_jet_dictionary_probe.py,r171-r201,ATTACK,CERTIFICATE_INFRASTRUCTURE,MEASURED,NOT_APPLICABLE,INFRASTRUCTURE,true,1.1232
experiments/tfpt-discovery/z1_suppression_probe.py,experiments/tfpt-discovery/z1_suppression_probe.py,r171-r201,ATTACK,SIEVE_FACTORING_GEOMETRY,MEASURED,NOT_APPLICABLE,UNRELATED,true,1.1232
experiments/tfpt-discovery/euler_jet_colligation_probe.py,experiments/tfpt-discovery/euler_jet_colligation_probe.py,r171-r202,ATTACK,WEIL_POSITIVITY_WINDOWS,MEASURED,NOT_APPLICABLE,FINITE_FRAGMENT,true,1.1232
experiments/tfpt-discovery/euler_hpin_region_probe.py,experiments/tfpt-discovery/euler_hpin_region_probe.py,r171-r204,ATTACK,LEAN_FORMALIZATION,MEASURED,NOT_APPLICABLE,INFRASTRUCTURE,true,1.1232
experiments/tfpt-discovery/euler_block_sturm_probe.py,experiments/tfpt-discovery/euler_block_sturm_probe.py,r171-r205,ATTACK,TOEPLITZ_MOMENT_POSITIVITY,MEASURED,NOT_APPLICABLE,FINITE_FRAGMENT,true,1.1232
experiments/tfpt-discovery/pontryagin_n1_weyl_probe.py,experiments/tfpt-discovery/pontryagin_n1_weyl_probe.py,r171-r205,ATTACK,LATTICE_E8_HECKE,MEASURED,NOT_APPLICABLE,FINITE_FRAGMENT,true,1.1232
experiments/tfpt-discovery/secular_crossing_coord_probe.py,experiments/tfpt-discovery/secular_crossing_coord_probe.py,r171-r206,ATTACK,LEAN_FORMALIZATION,CERTIFIED,NOT_APPLICABLE,INFRASTRUCTURE,true,1.872
experiments/tfpt-discovery/terminal_dissipation_probe.py,experiments/tfpt-discovery/terminal_dissipation_probe.py,r171-r206,ATTACK,EXPLICIT_FORMULA_IDENTITY,MEASURED,NOT_APPLICABLE,IDENTITY_SIDE,true,1.1232
experiments/tfpt-discovery/state_factorization_census_probe.py,experiments/tfpt-discovery/state_factorization_census_probe.py,r171-r210,ATTACK,SIEVE_FACTORING_GEOMETRY,KILLED,NOT_APPLICABLE,UNRELATED,true,1.4976
experiments/tfpt-discovery/wrap_genesis_probe.py,experiments/tfpt-discovery/wrap_genesis_probe.py,r171-r210,ATTACK,LEAN_FORMALIZATION,OPEN,NOT_APPLICABLE,INFRASTRUCTURE,true,0.9828
experiments/tfpt-discovery/zero_causal_synth_probe.py,experiments/tfpt-discovery/zero_causal_synth_probe.py,r174-r185,ATTACK,WEIL_POSITIVITY_WINDOWS,MEASURED,NOT_APPLICABLE,FINITE_FRAGMENT,true,1.1232
experiments/tfpt-discovery/zero_channel_capacity_probe.py,experiments/tfpt-discovery/zero_channel_capacity_probe.py,r184-r190,ATTACK,WEIL_POSITIVITY_WINDOWS,OPEN,NOT_APPLICABLE,FINITE_FRAGMENT,true,0.9828
experiments/tfpt-discovery/zero_comb_probe.py,experiments/tfpt-discovery/zero_comb_probe.py,r184-r540,ATTACK,WEIL_POSITIVITY_WINDOWS,MEASURED,NOT_APPLICABLE,FINITE_FRAGMENT,true,1.1232
experiments/tfpt-discovery/midpoint_a0_adjudication_probe.py,experiments/tfpt-discovery/midpoint_a0_adjudication_probe.py,r186,ATTACK,OPERATOR_SPECTRAL,SEALED,NOT_APPLICABLE,FINITE_FRAGMENT,true,0.8424
experiments/tfpt-discovery/orbifold_continuum_os_probe.py,experiments/tfpt-discovery/orbifold_continuum_os_probe.py,r192,ATTACK,WEIL_POSITIVITY_WINDOWS,MEASURED,NOT_APPLICABLE,FINITE_FRAGMENT,true,1.1232
experiments/tfpt-discovery/zeta23_mechanism_probe.py,experiments/tfpt-discovery/zeta23_mechanism_probe.py,r200-r209,ATTACK,EXTERNAL_ADJUDICATION,OPEN,NOT_APPLICABLE,INFRASTRUCTURE,true,0.9828
experiments/tfpt-discovery/e8glue_euler_wall_probe.py,experiments/tfpt-discovery/e8glue_euler_wall_probe.py,r202-r209,ATTACK,LATTICE_E8_HECKE,OPEN,NOT_APPLICABLE,FINITE_FRAGMENT,true,0.9828
experiments/tfpt-discovery/euler_filtration_worlds_probe.py,experiments/tfpt-discovery/euler_filtration_worlds_probe.py,r202-r210,ATTACK,LATTICE_E8_HECKE,OPEN,NOT_APPLICABLE,FINITE_FRAGMENT,true,0.9828
experiments/tfpt-discovery/defect_convexity_shift_probe.py,experiments/tfpt-discovery/defect_convexity_shift_probe.py,r204,ATTACK,LATTICE_E8_HECKE,MEASURED,NOT_APPLICABLE,FINITE_FRAGMENT,true,1.1232
verification/v886_register_gapcode_null.py,verification/v886_register_gapcode_null.py,ledger:PRIME.DIVISOR210.GAPCODE.01,CONTROL,LATTICE_E8_HECKE,MEASURED,NOT_APPLICABLE,FINITE_FRAGMENT,false,1.14
experiments/tfpt-discovery/shelf_port_multiplicity_probe.py,experiments/tfpt-discovery/shelf_port_multiplicity_probe.py,r213-r222,ATTACK,OTHER,SEALED,NOT_APPLICABLE,FINITE_FRAGMENT,true,0.8424
experiments/tfpt-discovery/tau_symbolic_probe.py,experiments/tfpt-discovery/tau_symbolic_probe.py,r224,FOUNDATION,RHP_IIKS_TAU,CERTIFIED,NOT_APPLICABLE,IDENTITY_SIDE,false,2.2
verification/v955_tau_iiks_toda_dictionary.py,verification/v955_tau_iiks_toda_dictionary.py,r224-r226,FOUNDATION,RHP_IIKS_TAU,CERTIFIED,UNCONVERGED,IDENTITY_SIDE,false,2.2
rh/lean/RH/Window.lean,rh/lean/RH/Window.lean,r224-r305,FORMALIZATION,WEIL_POSITIVITY_WINDOWS,PROVED,NOT_APPLICABLE,FINITE_FRAGMENT,true,1.98
experiments/tfpt-discovery/lax_conditioned_probe.py,experiments/tfpt-discovery/lax_conditioned_probe.py,r225,FOUNDATION,RHP_IIKS_TAU,MEASURED,STRUCTURAL_MISMATCH,IDENTITY_SIDE,false,1.32
experiments/tfpt-discovery/windowflow_chain_probe.py,experiments/tfpt-discovery/windowflow_chain_probe.py,r225-r228,ATTACK,WEIL_POSITIVITY_WINDOWS,SEALED,NOT_APPLICABLE,FINITE_FRAGMENT,true,0.8424
experiments/tfpt-discovery/frontier_micro_probe.py,experiments/tfpt-discovery/frontier_micro_probe.py,r225-r232,ATTACK,WEIL_POSITIVITY_WINDOWS,SEALED,NOT_APPLICABLE,FINITE_FRAGMENT,true,0.8424
experiments/tfpt-discovery/boundary_state_probe.py,experiments/tfpt-discovery/boundary_state_probe.py,r225-r233,ATTACK,WEIL_POSITIVITY_WINDOWS,SEALED,NOT_APPLICABLE,FINITE_FRAGMENT,true,0.8424
experiments/tfpt-discovery/frontier_alphalaw_probe.py,experiments/tfpt-discovery/frontier_alphalaw_probe.py,r225-r233,ATTACK,WEIL_POSITIVITY_WINDOWS,SEALED,NOT_APPLICABLE,FINITE_FRAGMENT,true,0.8424
experiments/tfpt-discovery/plateau_sumrule_probe.py,experiments/tfpt-discovery/plateau_sumrule_probe.py,r225-r233,ATTACK,WEIL_POSITIVITY_WINDOWS,CERTIFIED,NOT_APPLICABLE,FINITE_FRAGMENT,true,1.872
experiments/tfpt-discovery/rhp_fixedoffset_probe.py,experiments/tfpt-discovery/rhp_fixedoffset_probe.py,r225-r233,ATTACK,WEIL_POSITIVITY_WINDOWS,SEALED,NOT_APPLICABLE,FINITE_FRAGMENT,true,0.8424
experiments/tfpt-discovery/tstar_leading_sign_probe.py,experiments/tfpt-discovery/tstar_leading_sign_probe.py,r225-r238,ATTACK,WEIL_POSITIVITY_WINDOWS,CERTIFIED,NOT_APPLICABLE,FINITE_FRAGMENT,true,1.872
experiments/tfpt-discovery/freeprefix_influence_probe.py,experiments/tfpt-discovery/freeprefix_influence_probe.py,r225-r239,ATTACK,WEIL_POSITIVITY_WINDOWS,SEALED,NOT_APPLICABLE,FINITE_FRAGMENT,true,0.8424
experiments/tfpt-discovery/bessel_lowerbound_probe.py,experiments/tfpt-discovery/bessel_lowerbound_probe.py,r225-r241,ATTACK,WEIL_POSITIVITY_WINDOWS,KILLED,ORACLE_LEAK,FINITE_FRAGMENT,true,1.4976
experiments/tfpt-discovery/hirota_sign_probe.py,experiments/tfpt-discovery/hirota_sign_probe.py,r226,FOUNDATION,RHP_IIKS_TAU,CERTIFIED,RESTATEMENT,IDENTITY_SIDE,false,2.2
experiments/tfpt-discovery/paircorr_margin_probe.py,experiments/tfpt-discovery/paircorr_margin_probe.py,r226,ATTACK,WEIL_POSITIVITY_WINDOWS,SEALED,NOT_APPLICABLE,FINITE_FRAGMENT,true,0.8424
experiments/tfpt-discovery/positional_gns_probe.py,experiments/tfpt-discovery/positional_gns_probe.py,r226-r229,ATTACK,WEIL_POSITIVITY_WINDOWS,SEALED,NOT_APPLICABLE,FINITE_FRAGMENT,true,0.8424
experiments/tfpt-discovery/fullsource_freeprefix_probe.py,experiments/tfpt-discovery/fullsource_freeprefix_probe.py,r226-r238,ATTACK,WEIL_POSITIVITY_WINDOWS,KILLED,WORLD_BLIND,FINITE_FRAGMENT,true,1.4976
experiments/tfpt-discovery/fermiedge_classify_probe.py,experiments/tfpt-discovery/fermiedge_classify_probe.py,r227,FOUNDATION,RHP_IIKS_TAU,MEASURED,NO_BRIDGE,IDENTITY_SIDE,false,1.32
experiments/tfpt-discovery/primepair_kernel_probe.py,experiments/tfpt-discovery/primepair_kernel_probe.py,r227-r231,ATTACK,TOEPLITZ_MOMENT_POSITIVITY,SEALED,NOT_APPLICABLE,FINITE_FRAGMENT,true,0.8424
experiments/tfpt-discovery/basefiber_probe.py,experiments/tfpt-discovery/basefiber_probe.py,r227-r247,ATTACK,WEIL_POSITIVITY_WINDOWS,SEALED,NOT_APPLICABLE,FINITE_FRAGMENT,true,0.8424
experiments/tfpt-discovery/holedual_probe.py,experiments/tfpt-discovery/holedual_probe.py,r228,FOUNDATION,TOEPLITZ_MOMENT_POSITIVITY,KILLED,STRUCTURAL_MISMATCH,IDENTITY_SIDE,false,1.76
verification/v956_signedmoment_halffilling_duality.py,verification/v956_signedmoment_halffilling_duality.py,r228-r231,FOUNDATION,TOEPLITZ_MOMENT_POSITIVITY,CERTIFIED,UNCONVERGED,IDENTITY_SIDE,false,2.2
rh/lean/RH/Inertia.lean,rh/lean/RH/Inertia.lean,r228-r305,FORMALIZATION,LEAN_FORMALIZATION,PROVED,NOT_APPLICABLE,INFRASTRUCTURE,true,1.98
experiments/tfpt-discovery/pontryagin_maxpos_probe.py,experiments/tfpt-discovery/pontryagin_maxpos_probe.py,r229,FOUNDATION,TOEPLITZ_MOMENT_POSITIVITY,KILLED,STRUCTURAL_MISMATCH,IDENTITY_SIDE,false,1.76
experiments/tfpt-discovery/jfraction_probe.py,experiments/tfpt-discovery/jfraction_probe.py,r230,FOUNDATION,TOEPLITZ_MOMENT_POSITIVITY,CERTIFIED,RESTATEMENT,IDENTITY_SIDE,false,2.2
experiments/tfpt-discovery/rhp_midpoint_probe.py,experiments/tfpt-discovery/rhp_midpoint_probe.py,r231,FOUNDATION,RHP_IIKS_TAU,CERTIFIED,NOT_APPLICABLE,IDENTITY_SIDE,false,2.2
experiments/tfpt-discovery/szego_equilibrium_probe.py,experiments/tfpt-discovery/szego_equilibrium_probe.py,r232a,FOUNDATION,TOEPLITZ_MOMENT_POSITIVITY,INCONCLUSIVE,STRUCTURAL_MISMATCH,IDENTITY_SIDE,false,0.88
experiments/tfpt-discovery/budget_headtail_probe.py,experiments/tfpt-discovery/budget_headtail_probe.py,r238-r244,ATTACK,WEIL_POSITIVITY_WINDOWS,SEALED,NOT_APPLICABLE,FINITE_FRAGMENT,true,0.8424
experiments/tfpt-discovery/dk_asymptotics_probe.py,experiments/tfpt-discovery/dk_asymptotics_probe.py,r238-r247,ATTACK,WEIL_POSITIVITY_WINDOWS,SEALED,NOT_APPLICABLE,FINITE_FRAGMENT,true,0.8424
experiments/tfpt-discovery/principal_bessel_probe.py,experiments/tfpt-discovery/principal_bessel_probe.py,r243,FOUNDATION,RHP_IIKS_TAU,MEASURED,NOT_APPLICABLE,IDENTITY_SIDE,false,1.32
rh/lean/RH/Basic.lean,rh/lean/RH/Basic.lean,r243-r259,FORMALIZATION,WEIL_POSITIVITY_WINDOWS,OPEN,NOT_APPLICABLE,FINITE_FRAGMENT,true,0.945
rh/lean/RH/Recursion.lean,rh/lean/RH/Recursion.lean,r243-r263,FORMALIZATION,EXPLICIT_FORMULA_IDENTITY,PROVED,NOT_APPLICABLE,IDENTITY_SIDE,true,1.98
rh/lean/RH/Closure.lean,rh/lean/RH/Closure.lean,r243-r305,FORMALIZATION,LEAN_FORMALIZATION,PROVED,NOT_APPLICABLE,INFRASTRUCTURE,true,1.98
rh/lean/RH/Counterexamples.lean,rh/lean/RH/Counterexamples.lean,r243-r320,FORMALIZATION,LEAN_FORMALIZATION,PROVED,NOT_APPLICABLE,INFRASTRUCTURE,true,1.98
rh/lean/RH/PairBound.lean,rh/lean/RH/PairBound.lean,r243-r320,FORMALIZATION,LEAN_FORMALIZATION,PROVED,NOT_APPLICABLE,INFRASTRUCTURE,true,1.98
rh/lean/RH/Source.lean,rh/lean/RH/Source.lean,r243-r397,FORMALIZATION,WEIL_POSITIVITY_WINDOWS,PROVED,NOT_APPLICABLE,FINITE_FRAGMENT,true,1.98
rh/lean/RH/Canonical.lean,rh/lean/RH/Canonical.lean,r243-r434,FORMALIZATION,WEIL_POSITIVITY_WINDOWS,PROVED,NOT_APPLICABLE,FINITE_FRAGMENT,true,1.98
rh/problem/endtoend_gapmap.tex,rh/problem/endtoend_gapmap.tex,r243-r459,DOCUMENTATION,LEAN_FORMALIZATION,PROVED,NOT_APPLICABLE,INFRASTRUCTURE,true,0.8712
rh/lean/RH/FaithfulFold.lean,rh/lean/RH/FaithfulFold.lean,r243-r463,FORMALIZATION,LEAN_FORMALIZATION,OPEN,NOT_APPLICABLE,INFRASTRUCTURE,true,0.945
rh/problem/lean_fidelity.tex,rh/problem/lean_fidelity.tex,r243-r463,DOCUMENTATION,LEAN_FORMALIZATION,PROVED,NOT_APPLICABLE,INFRASTRUCTURE,true,0.8712
rh/problem/cofinal_weil_positivity.tex,rh/problem/cofinal_weil_positivity.tex,r243-r472,DOCUMENTATION,WEIL_POSITIVITY_WINDOWS,OPEN,NOT_APPLICABLE,INFRASTRUCTURE,true,0.4158
experiments/tfpt-discovery/bordered_hankel_probe.py,experiments/tfpt-discovery/bordered_hankel_probe.py,r244,FOUNDATION,RHP_IIKS_TAU,CERTIFIED,NOT_APPLICABLE,IDENTITY_SIDE,false,2.2
verification/v958_bordered_tau_readout_dictionary.py,verification/v958_bordered_tau_readout_dictionary.py,r244-r253,FOUNDATION,RHP_IIKS_TAU,CERTIFIED,UNCONVERGED,IDENTITY_SIDE,false,2.2
experiments/tfpt-discovery/bordered_finite_rank_probe.py,experiments/tfpt-discovery/bordered_finite_rank_probe.py,r245,FOUNDATION,RHP_IIKS_TAU,CERTIFIED,NOT_APPLICABLE,IDENTITY_SIDE,false,2.2
experiments/tfpt-discovery/border_centering_probe.py,experiments/tfpt-discovery/border_centering_probe.py,r248,FOUNDATION,RHP_IIKS_TAU,CERTIFIED,NOT_APPLICABLE,IDENTITY_SIDE,false,2.2
experiments/tfpt-discovery/centered_basefiber_probe.py,experiments/tfpt-discovery/centered_basefiber_probe.py,r250,CONTROL,RHP_IIKS_TAU,KILLED,STRUCTURAL_MISMATCH,IDENTITY_SIDE,false,1.52
experiments/tfpt-discovery/targetreadout_error_probe.py,experiments/tfpt-discovery/targetreadout_error_probe.py,r251,FOUNDATION,RHP_IIKS_TAU,SEALED,NOT_APPLICABLE,IDENTITY_SIDE,false,0.99
experiments/tfpt-discovery/corner_provenance_probe.py,experiments/tfpt-discovery/corner_provenance_probe.py,r251a,FOUNDATION,RHP_IIKS_TAU,KILLED,NO_BRIDGE,IDENTITY_SIDE,false,1.76
experiments/tfpt-discovery/base_gauge_constant_probe.py,experiments/tfpt-discovery/base_gauge_constant_probe.py,r252,FOUNDATION,RHP_IIKS_TAU,SEALED,NO_BRIDGE,IDENTITY_SIDE,false,0.99
experiments/tfpt-discovery/schlesinger_pairing_probe.py,experiments/tfpt-discovery/schlesinger_pairing_probe.py,r253,FOUNDATION,RHP_IIKS_TAU,SEALED,NOT_APPLICABLE,IDENTITY_SIDE,false,0.99
experiments/tfpt-discovery/offdiag_gram_probe.py,experiments/tfpt-discovery/offdiag_gram_probe.py,r254,FOUNDATION,RHP_IIKS_TAU,MEASURED,NO_BRIDGE,IDENTITY_SIDE,false,1.32
experiments/tfpt-discovery/nodebands_base_probe.py,experiments/tfpt-discovery/nodebands_base_probe.py,r255,CONTROL,RHP_IIKS_TAU,KILLED,STRUCTURAL_MISMATCH,IDENTITY_SIDE,false,1.52
experiments/tfpt-discovery/baseborder_factorial_probe.py,experiments/tfpt-discovery/baseborder_factorial_probe.py,r256,FOUNDATION,RHP_IIKS_TAU,SEALED,NOT_APPLICABLE,IDENTITY_SIDE,false,0.99
verification/v959_coupledtau_terminal_dictionary.py,verification/v959_coupledtau_terminal_dictionary.py,r256-r259,FOUNDATION,RHP_IIKS_TAU,CERTIFIED,NO_BRIDGE,IDENTITY_SIDE,false,2.2
experiments/tfpt-discovery/coupledtau_probe.py,experiments/tfpt-discovery/coupledtau_probe.py,r257,FOUNDATION,RHP_IIKS_TAU,SEALED,NOT_APPLICABLE,IDENTITY_SIDE,false,0.99
experiments/tfpt-discovery/budget_anatomy_probe.py,experiments/tfpt-discovery/budget_anatomy_probe.py,r258,FOUNDATION,RHP_IIKS_TAU,SEALED,NOT_APPLICABLE,IDENTITY_SIDE,false,0.99
experiments/tfpt-discovery/parametrix_pass_probe.py,experiments/tfpt-discovery/parametrix_pass_probe.py,r259,ATTACK,RHP_IIKS_TAU,KILLED,NO_BRIDGE,IDENTITY_SIDE,false,2.08
experiments/tfpt-discovery/terminal_crossratio_probe.py,experiments/tfpt-discovery/terminal_crossratio_probe.py,r260,CERTIFICATE,RHP_IIKS_TAU,MEASURED,NO_BRIDGE,FINITE_FRAGMENT,false,1.68
verification/v960_terminal_surface_closure.py,verification/v960_terminal_surface_closure.py,r260-r275,CERTIFICATE,RHP_IIKS_TAU,CERTIFIED,UNCONVERGED,FINITE_FRAGMENT,false,2.8
experiments/tfpt-discovery/prefix_resummation_probe.py,experiments/tfpt-discovery/prefix_resummation_probe.py,r261,ATTACK,RHP_IIKS_TAU,KILLED,NO_BRIDGE,IDENTITY_SIDE,false,2.08
experiments/tfpt-discovery/terminal_triangle_probe.py,experiments/tfpt-discovery/terminal_triangle_probe.py,r262,CERTIFICATE,RHP_IIKS_TAU,INCONCLUSIVE,LOSSY_CONSTANT,FINITE_FRAGMENT,false,1.12
experiments/tfpt-discovery/cancellation_adjudication_probe.py,experiments/tfpt-discovery/cancellation_adjudication_probe.py,r263,REDUCTION,RHP_IIKS_TAU,SEALED,UNCONVERGED,EQUIVALENCE,false,1.035
experiments/tfpt-discovery/quenched_opening_probe.py,experiments/tfpt-discovery/quenched_opening_probe.py,r264,FOUNDATION,RHP_IIKS_TAU,SEALED,STRUCTURAL_MISMATCH,INFRASTRUCTURE,false,0.99
experiments/tfpt-discovery/s_monotonicity_probe.py,experiments/tfpt-discovery/s_monotonicity_probe.py,r265,REDUCTION,RHP_IIKS_TAU,KILLED,RESTATEMENT,EQUIVALENCE,false,1.84
experiments/tfpt-discovery/border_resolvent_identity_probe.py,experiments/tfpt-discovery/border_resolvent_identity_probe.py,r266,ATTACK,RHP_IIKS_TAU,INCONCLUSIVE,NO_BRIDGE,IDENTITY_SIDE,false,1.04
experiments/tfpt-discovery/ranktrace_adjudication_probe.py,experiments/tfpt-discovery/ranktrace_adjudication_probe.py,r267,EXTERNAL_AUDIT,EXTERNAL_ADJUDICATION,MEASURED,STRUCTURAL_MISMATCH,INFRASTRUCTURE,false,1.02
experiments/tfpt-discovery/drive_local_asymptotics_probe.py,experiments/tfpt-discovery/drive_local_asymptotics_probe.py,r268,CERTIFICATE,RHP_IIKS_TAU,INCONCLUSIVE,LOSSY_CONSTANT,FINITE_FRAGMENT,false,1.12
experiments/tfpt-discovery/phase_bulk_bound_probe.py,experiments/tfpt-discovery/phase_bulk_bound_probe.py,r269,CERTIFICATE,RHP_IIKS_TAU,INCONCLUSIVE,LOSSY_CONSTANT,FINITE_FRAGMENT,false,1.12
experiments/tfpt-discovery/kz15_boss_probe.py,experiments/tfpt-discovery/kz15_boss_probe.py,r270,CERTIFICATE,RHP_IIKS_TAU,CERTIFIED,NUMERIC_ARTIFACT,FINITE_FRAGMENT,false,2.8
experiments/tfpt-discovery/universal_pair_theorem_probe.py,experiments/tfpt-discovery/universal_pair_theorem_probe.py,r271,FORMALIZATION,LEAN_FORMALIZATION,INCONCLUSIVE,UNCONVERGED,FINITE_FRAGMENT,false,1
experiments/tfpt-discovery/l2_scaling_anatomy_probe.py,experiments/tfpt-discovery/l2_scaling_anatomy_probe.py,r272,FOUNDATION,RHP_IIKS_TAU,MEASURED,LOSSY_CONSTANT,IDENTITY_SIDE,false,1.32
experiments/tfpt-discovery/euler_mechanism_probe.py,experiments/tfpt-discovery/euler_mechanism_probe.py,r273,CONTROL,RHP_IIKS_TAU,MEASURED,WORLD_BLIND,INFRASTRUCTURE,false,1.14
experiments/tfpt-discovery/wronskian_dictionary_probe.py,experiments/tfpt-discovery/wronskian_dictionary_probe.py,r274,FOUNDATION,RHP_IIKS_TAU,CERTIFIED,NOT_APPLICABLE,IDENTITY_SIDE,false,2.2
verification/v961_midpoint_orientation_dictionary.py,verification/v961_midpoint_orientation_dictionary.py,r274-r278,FOUNDATION,RHP_IIKS_TAU,CERTIFIED,NO_BRIDGE,IDENTITY_SIDE,false,2.2
experiments/tfpt-discovery/kyp_memory_probe.py,experiments/tfpt-discovery/kyp_memory_probe.py,r275,ATTACK,RHP_IIKS_TAU,KILLED,RESTATEMENT,IDENTITY_SIDE,false,2.08
experiments/tfpt-discovery/minimal_firewall_probe.py,experiments/tfpt-discovery/minimal_firewall_probe.py,r276,CONTROL,RHP_IIKS_TAU,MEASURED,NOT_APPLICABLE,INFRASTRUCTURE,false,1.14
experiments/tfpt-discovery/maslov_census_probe.py,experiments/tfpt-discovery/maslov_census_probe.py,r277,CERTIFICATE,RHP_IIKS_TAU,CERTIFIED,NOT_APPLICABLE,FINITE_FRAGMENT,false,2.8
experiments/tfpt-discovery/metric_stability_probe.py,experiments/tfpt-discovery/metric_stability_probe.py,r278,FOUNDATION,RHP_IIKS_TAU,MEASURED,NO_BRIDGE,IDENTITY_SIDE,false,1.32
experiments/tfpt-discovery/oriented_theorem_probe.py,experiments/tfpt-discovery/oriented_theorem_probe.py,r279,ATTACK,RHP_IIKS_TAU,OPEN,RESTATEMENT,LOAD_BEARING_OPEN,false,1.5698
verification/v962_halffilling_pinning_theory.py,verification/v962_halffilling_pinning_theory.py,r279-r281,REDUCTION,RHP_IIKS_TAU,CERTIFIED,NOT_APPLICABLE,EQUIVALENCE,false,2.3
experiments/tfpt-discovery/budget_localization_probe.py,experiments/tfpt-discovery/budget_localization_probe.py,r280,FOUNDATION,RHP_IIKS_TAU,MEASURED,NO_BRIDGE,FINITE_FRAGMENT,false,1.32
experiments/tfpt-discovery/halffilling_pinning_probe.py,experiments/tfpt-discovery/halffilling_pinning_probe.py,r281,FOUNDATION,RHP_IIKS_TAU,MEASURED,NO_BRIDGE,FINITE_FRAGMENT,false,1.32
experiments/tfpt-discovery/representation_contest_probe.py,experiments/tfpt-discovery/representation_contest_probe.py,r282,CONTROL,SCREW_SUBORDINATION_LSTAR,KILLED,STRUCTURAL_MISMATCH,IDENTITY_SIDE,false,1.52
verification/v963_lstar_reduction_dictionary.py,verification/v963_lstar_reduction_dictionary.py,r282-r285,REDUCTION,SCREW_SUBORDINATION_LSTAR,CERTIFIED,NOT_APPLICABLE,EQUIVALENCE,false,2.3
experiments/tfpt-discovery/fullsource_quasidefiniteness_probe.py,experiments/tfpt-discovery/fullsource_quasidefiniteness_probe.py,r283,ATTACK,RHP_IIKS_TAU,INCONCLUSIVE,NO_BRIDGE,EQUIVALENCE,false,1.04
rh/problem/lstar_problem.pdf,rh/problem/lstar_problem.pdf,r283 companion,DOCUMENTATION,SCREW_SUBORDINATION_LSTAR,OPEN,UNCONVERGED,LOAD_BEARING_OPEN,false,0.6641
rh/problem/lstar_problem.tex,rh/problem/lstar_problem.tex,r283 companion,DOCUMENTATION,SCREW_SUBORDINATION_LSTAR,OPEN,UNCONVERGED,LOAD_BEARING_OPEN,false,0.6641
rh/problem/verify_lstar_instance.py,rh/problem/verify_lstar_instance.py,r283 companion,CERTIFICATE,SCREW_SUBORDINATION_LSTAR,CERTIFIED,NOT_APPLICABLE,FINITE_FRAGMENT,false,2.8
experiments/tfpt-discovery/lstar_two_measure_probe.py,experiments/tfpt-discovery/lstar_two_measure_probe.py,r284,FOUNDATION,SCREW_SUBORDINATION_LSTAR,MEASURED,WORLD_BLIND,IDENTITY_SIDE,false,1.32
experiments/tfpt-discovery/christoffel_decomposition_probe.py,experiments/tfpt-discovery/christoffel_decomposition_probe.py,r285,FOUNDATION,SCREW_SUBORDINATION_LSTAR,MEASURED,NO_BRIDGE,IDENTITY_SIDE,false,1.32
experiments/tfpt-discovery/lstar_margin_scaling_probe.py,experiments/tfpt-discovery/lstar_margin_scaling_probe.py,r286,FOUNDATION,SCREW_SUBORDINATION_LSTAR,MEASURED,UNCONVERGED,FINITE_FRAGMENT,false,1.32
verification/v964_lstar_coherence_census.py,verification/v964_lstar_coherence_census.py,r286-r289,FOUNDATION,SCREW_SUBORDINATION_LSTAR,CERTIFIED,NO_BRIDGE,FINITE_FRAGMENT,false,2.2
experiments/tfpt-discovery/l2_deterministic_cancellation_probe.py,experiments/tfpt-discovery/l2_deterministic_cancellation_probe.py,r287,FOUNDATION,WEIL_POSITIVITY_WINDOWS,MEASURED,LOSSY_CONSTANT,FINITE_FRAGMENT,false,1.32
experiments/tfpt-discovery/destructive_coherence_probe.py,experiments/tfpt-discovery/destructive_coherence_probe.py,r288,FOUNDATION,SCREW_SUBORDINATION_LSTAR,MEASURED,WORLD_BLIND,IDENTITY_SIDE,false,1.32
experiments/tfpt-discovery/arch_kernel_diophantine_probe.py,experiments/tfpt-discovery/arch_kernel_diophantine_probe.py,r289,CONTROL,SCREW_SUBORDINATION_LSTAR,MEASURED,WORLD_BLIND,IDENTITY_SIDE,false,1.14
experiments/tfpt-discovery/profile_functional_probe.py,experiments/tfpt-discovery/profile_functional_probe.py,r290,FOUNDATION,SCREW_SUBORDINATION_LSTAR,MEASURED,NOT_APPLICABLE,IDENTITY_SIDE,false,1.32
verification/v965_lstar_curvature_arc.py,verification/v965_lstar_curvature_arc.py,r290-r295,FOUNDATION,SCREW_SUBORDINATION_LSTAR,KILLED,WORLD_BLIND,IDENTITY_SIDE,false,1.76
experiments/tfpt-discovery/ridge_anatomy_probe.py,experiments/tfpt-discovery/ridge_anatomy_probe.py,r291,FOUNDATION,SCREW_SUBORDINATION_LSTAR,MEASURED,NOT_APPLICABLE,IDENTITY_SIDE,false,1.32
experiments/tfpt-discovery/curvature_form_probe.py,experiments/tfpt-discovery/curvature_form_probe.py,r292,FOUNDATION,SCREW_SUBORDINATION_LSTAR,MEASURED,NO_BRIDGE,IDENTITY_SIDE,false,1.32
experiments/tfpt-discovery/metric_reconciliation_probe.py,experiments/tfpt-discovery/metric_reconciliation_probe.py,r293,FOUNDATION,SCREW_SUBORDINATION_LSTAR,INCONCLUSIVE,NUMERIC_ARTIFACT,IDENTITY_SIDE,false,0.88
experiments/tfpt-discovery/f10_stability_probe.py,experiments/tfpt-discovery/f10_stability_probe.py,r294,ATTACK,SCREW_SUBORDINATION_LSTAR,KILLED,WORLD_BLIND,IDENTITY_SIDE,false,2.08
experiments/tfpt-discovery/f10_sp_hardening_probe.py,experiments/tfpt-discovery/f10_sp_hardening_probe.py,r295,CONTROL,SCREW_SUBORDINATION_LSTAR,KILLED,WORLD_BLIND,IDENTITY_SIDE,false,1.52
experiments/tfpt-discovery/dens_identity_probe.py,experiments/tfpt-discovery/dens_identity_probe.py,r296,CONTROL,SCREW_SUBORDINATION_LSTAR,KILLED,WORLD_BLIND,IDENTITY_SIDE,false,1.52
verification/v966_l2_reduction_chain.py,verification/v966_l2_reduction_chain.py,r296-r300,REDUCTION,SCREW_SUBORDINATION_LSTAR,CERTIFIED,WORLD_BLIND,EQUIVALENCE,false,2.3
experiments/tfpt-discovery/vdc_chain_provenance_probe.py,experiments/tfpt-discovery/vdc_chain_provenance_probe.py,r297,FOUNDATION,WEIL_POSITIVITY_WINDOWS,INCONCLUSIVE,NO_BRIDGE,IDENTITY_SIDE,false,0.88
experiments/tfpt-discovery/window_border_transfer_probe.py,experiments/tfpt-discovery/window_border_transfer_probe.py,r298,FOUNDATION,WEIL_POSITIVITY_WINDOWS,CERTIFIED,UNCONVERGED,IDENTITY_SIDE,false,2.2
experiments/tfpt-discovery/fejer_decay_probe.py,experiments/tfpt-discovery/fejer_decay_probe.py,r299,FOUNDATION,WEIL_POSITIVITY_WINDOWS,MEASURED,LOSSY_CONSTANT,IDENTITY_SIDE,false,1.32
experiments/tfpt-discovery/diag_target_probe.py,experiments/tfpt-discovery/diag_target_probe.py,r300,FOUNDATION,WEIL_POSITIVITY_WINDOWS,MEASURED,LOSSY_CONSTANT,LOAD_BEARING_OPEN,false,1.518
experiments/tfpt-discovery/li_keiper_positivity_probe.py,experiments/tfpt-discovery/li_keiper_positivity_probe.py,r300,ATTACK,MELLIN_PICK_LEE_YANG,OPEN,NOT_APPLICABLE,FINITE_FRAGMENT,true,0.9828
experiments/tfpt-discovery/neff_target_probe.py,experiments/tfpt-discovery/neff_target_probe.py,r301,FOUNDATION,WEIL_POSITIVITY_WINDOWS,MEASURED,NO_BRIDGE,LOAD_BEARING_OPEN,false,1.518
verification/v967_l2_cascade_closure.py,verification/v967_l2_cascade_closure.py,r301-r304,REDUCTION,SCREW_SUBORDINATION_LSTAR,KILLED,STRUCTURAL_MISMATCH,IDENTITY_SIDE,false,1.84
experiments/tfpt-discovery/unif_target_probe.py,experiments/tfpt-discovery/unif_target_probe.py,r302,FOUNDATION,WEIL_POSITIVITY_WINDOWS,MEASURED,UNCONVERGED,LOAD_BEARING_OPEN,false,1.518
experiments/tfpt-discovery/atom_target_probe.py,experiments/tfpt-discovery/atom_target_probe.py,r303,CONTROL,WEIL_POSITIVITY_WINDOWS,MEASURED,NO_BRIDGE,IDENTITY_SIDE,false,1.14
experiments/tfpt-discovery/shortrange_law_probe.py,experiments/tfpt-discovery/shortrange_law_probe.py,r304,CONTROL,WEIL_POSITIVITY_WINDOWS,KILLED,STRUCTURAL_MISMATCH,IDENTITY_SIDE,false,1.52
verification/v968_architecture_adjudication.py,verification/v968_architecture_adjudication.py,r305-r316,REDUCTION,SCREW_SUBORDINATION_LSTAR,CERTIFIED,NO_BRIDGE,EQUIVALENCE,false,2.3
rh/lean/RH/Augmented.lean,rh/lean/RH/Augmented.lean,r305-r332,FORMALIZATION,SCREW_SUBORDINATION_LSTAR,PROVED,NOT_APPLICABLE,FINITE_FRAGMENT,true,1.98
experiments/tfpt-discovery/renyi3_probe.py,experiments/tfpt-discovery/renyi3_probe.py,r306,ATTACK,WEIL_POSITIVITY_WINDOWS,CERTIFIED,NO_BRIDGE,FINITE_FRAGMENT,false,2.6
experiments/tfpt-discovery/fixed_head_probe.py,experiments/tfpt-discovery/fixed_head_probe.py,r307,CONTROL,SCREW_SUBORDINATION_LSTAR,KILLED,STRUCTURAL_MISMATCH,IDENTITY_SIDE,false,1.52
experiments/tfpt-discovery/block_green_probe.py,experiments/tfpt-discovery/block_green_probe.py,r308,ATTACK,SCREW_SUBORDINATION_LSTAR,INCONCLUSIVE,NO_BRIDGE,IDENTITY_SIDE,false,1.04
experiments/tfpt-discovery/paired_cone_probe.py,experiments/tfpt-discovery/paired_cone_probe.py,r309,ATTACK,SCREW_SUBORDINATION_LSTAR,KILLED,NO_BRIDGE,IDENTITY_SIDE,false,2.08
experiments/tfpt-discovery/blockgreen_nontriviality_probe.py,experiments/tfpt-discovery/blockgreen_nontriviality_probe.py,r311,CONTROL,SCREW_SUBORDINATION_LSTAR,MEASURED,NOT_APPLICABLE,INFRASTRUCTURE,false,1.14
experiments/tfpt-discovery/blockgreen_membership_probe.py,experiments/tfpt-discovery/blockgreen_membership_probe.py,r312,ATTACK,SCREW_SUBORDINATION_LSTAR,INCONCLUSIVE,NO_BRIDGE,IDENTITY_SIDE,false,1.04
experiments/tfpt-discovery/renyi3_proof_fork_probe.py,experiments/tfpt-discovery/renyi3_proof_fork_probe.py,r313,ATTACK,WEIL_POSITIVITY_WINDOWS,INCONCLUSIVE,NO_BRIDGE,IDENTITY_SIDE,false,1.04
experiments/tfpt-discovery/signed_cubic_flux_probe.py,experiments/tfpt-discovery/signed_cubic_flux_probe.py,r314,FOUNDATION,WEIL_POSITIVITY_WINDOWS,CERTIFIED,NOT_APPLICABLE,IDENTITY_SIDE,false,2.2
experiments/tfpt-discovery/phi3_functional_probe.py,experiments/tfpt-discovery/phi3_functional_probe.py,r315,FOUNDATION,WEIL_POSITIVITY_WINDOWS,INCONCLUSIVE,WORLD_BLIND,IDENTITY_SIDE,false,0.88
experiments/tfpt-discovery/two_regime_bound_probe.py,experiments/tfpt-discovery/two_regime_bound_probe.py,r316,ATTACK,WEIL_POSITIVITY_WINDOWS,KILLED,LOSSY_CONSTANT,IDENTITY_SIDE,false,2.08
experiments/tfpt-discovery/exception_families_probe.py,experiments/tfpt-discovery/exception_families_probe.py,r317,CONTROL,WEIL_POSITIVITY_WINDOWS,MEASURED,STRUCTURAL_MISMATCH,FINITE_FRAGMENT,false,1.14
verification/v969_forks_and_redteam.py,verification/v969_forks_and_redteam.py,r317-r322,CONTROL,SCREW_SUBORDINATION_LSTAR,CERTIFIED,RESTATEMENT,LOAD_BEARING_OPEN,false,2.185
experiments/tfpt-discovery/indefinite_fork_probe.py,experiments/tfpt-discovery/indefinite_fork_probe.py,r318,ATTACK,SCREW_SUBORDINATION_LSTAR,KILLED,STRUCTURAL_MISMATCH,IDENTITY_SIDE,false,2.08
rh/lean/RH/DualResolvent.lean,rh/lean/RH/DualResolvent.lean,r319-r434,FORMALIZATION,LEAN_FORMALIZATION,PROVED,NOT_APPLICABLE,INFRASTRUCTURE,true,1.98
experiments/tfpt-discovery/continuous_coordinate_probe.py,experiments/tfpt-discovery/continuous_coordinate_probe.py,r321,ATTACK,WEIL_POSITIVITY_WINDOWS,CERTIFIED,LOSSY_CONSTANT,FINITE_FRAGMENT,false,2.6
experiments/tfpt-discovery/antiphase_sign_law_probe.py,experiments/tfpt-discovery/antiphase_sign_law_probe.py,r322,CONTROL,SCREW_SUBORDINATION_LSTAR,KILLED,NUMERIC_ARTIFACT,IDENTITY_SIDE,false,1.52
verification/v970_extraction_and_composition.py,verification/v970_extraction_and_composition.py,r323-r327,REDUCTION,SCREW_SUBORDINATION_LSTAR,CERTIFIED,UNCONVERGED,LOAD_BEARING_OPEN,false,2.645
experiments/tfpt-discovery/qmax_m2_origin_probe.py,experiments/tfpt-discovery/qmax_m2_origin_probe.py,r324,FOUNDATION,WEIL_POSITIVITY_WINDOWS,MEASURED,UNCONVERGED,LOAD_BEARING_OPEN,false,1.518
experiments/tfpt-discovery/fa_provenance_probe.py,experiments/tfpt-discovery/fa_provenance_probe.py,r324-pre,FOUNDATION,WEIL_POSITIVITY_WINDOWS,RESTATED,RESTATEMENT,INFRASTRUCTURE,false,0.605
experiments/tfpt-discovery/extraction_order_probe.py,experiments/tfpt-discovery/extraction_order_probe.py,r325,REDUCTION,SCREW_SUBORDINATION_LSTAR,CERTIFIED,NOT_APPLICABLE,EQUIVALENCE,false,2.3
rh/lean/RH/Elementwise.lean,rh/lean/RH/Elementwise.lean,r326,FORMALIZATION,LEAN_FORMALIZATION,OPEN,NO_BRIDGE,LOAD_BEARING_OPEN,false,1.5094
experiments/tfpt-discovery/group_mass_cap_probe.py,experiments/tfpt-discovery/group_mass_cap_probe.py,r327,FOUNDATION,WEIL_POSITIVITY_WINDOWS,MEASURED,UNCONVERGED,IDENTITY_SIDE,false,1.32
experiments/tfpt-discovery/ext3_fresh_anchors_probe.py,experiments/tfpt-discovery/ext3_fresh_anchors_probe.py,r329,CONTROL,CERTIFICATE_INFRASTRUCTURE,CERTIFIED,NOT_APPLICABLE,INFRASTRUCTURE,false,1.9
experiments/tfpt-discovery/dirichlet_secondworld_probe.py,experiments/tfpt-discovery/dirichlet_secondworld_probe.py,r330,CONTROL,EXPLICIT_FORMULA_IDENTITY,MEASURED,NOT_APPLICABLE,INFRASTRUCTURE,false,1.14
experiments/tfpt-discovery/twin_resolution_probe.py,experiments/tfpt-discovery/twin_resolution_probe.py,r331,CONTROL,SCREW_SUBORDINATION_LSTAR,CERTIFIED,NOT_APPLICABLE,INFRASTRUCTURE,false,1.9
experiments/tfpt-discovery/companion_orbit_packing_probe.py,experiments/tfpt-discovery/companion_orbit_packing_probe.py,r333,ATTACK,WEIL_POSITIVITY_WINDOWS,KILLED,STRUCTURAL_MISMATCH,IDENTITY_SIDE,false,2.08
experiments/tfpt-discovery/fold_capacity_probe.py,experiments/tfpt-discovery/fold_capacity_probe.py,r334,ATTACK,SCREW_SUBORDINATION_LSTAR,KILLED,WORLD_BLIND,IDENTITY_SIDE,false,2.08
experiments/tfpt-discovery/edge_packing_dichotomy_probe.py,experiments/tfpt-discovery/edge_packing_dichotomy_probe.py,r335,ATTACK,WEIL_POSITIVITY_WINDOWS,INCONCLUSIVE,STRUCTURAL_MISMATCH,IDENTITY_SIDE,false,1.04
experiments/tfpt-discovery/lstar_parity_section_probe.py,experiments/tfpt-discovery/lstar_parity_section_probe.py,r336,ATTACK,TOEPLITZ_MOMENT_POSITIVITY,KILLED,STRUCTURAL_MISMATCH,IDENTITY_SIDE,false,2.08
experiments/tfpt-discovery/fold_martingale_probe.py,experiments/tfpt-discovery/fold_martingale_probe.py,r337,ATTACK,DYNAMICS_CLOCKS_PF,INCONCLUSIVE,UNCONVERGED,IDENTITY_SIDE,false,1.04
experiments/tfpt-discovery/fold_density_dictionary_probe.py,experiments/tfpt-discovery/fold_density_dictionary_probe.py,r339,FOUNDATION,DYNAMICS_CLOCKS_PF,CERTIFIED,NOT_APPLICABLE,IDENTITY_SIDE,false,2.2
verification/v978_terminal_density_martingale.py,verification/v978_terminal_density_martingale.py,r339+r341 (wave 14),FOUNDATION,SCREW_SUBORDINATION_LSTAR,CERTIFIED,NOT_APPLICABLE,IDENTITY_SIDE,false,2.2
experiments/tfpt-discovery/cauchybinet_hall_probe.py,experiments/tfpt-discovery/cauchybinet_hall_probe.py,r340,ATTACK,SCREW_SUBORDINATION_LSTAR,KILLED,NO_BRIDGE,IDENTITY_SIDE,false,2.08
experiments/tfpt-discovery/fold_bellman_reverse_holder_probe.py,experiments/tfpt-discovery/fold_bellman_reverse_holder_probe.py,r341,ATTACK,DYNAMICS_CLOCKS_PF,INCONCLUSIVE,UNCONVERGED,LOAD_BEARING_OPEN,false,1.196
experiments/tfpt-discovery/pair_extremal_probe.py,experiments/tfpt-discovery/pair_extremal_probe.py,r342,FOUNDATION,SCREW_SUBORDINATION_LSTAR,MEASURED,NOT_APPLICABLE,IDENTITY_SIDE,false,1.32
experiments/tfpt-discovery/pair_coupling_probe.py,experiments/tfpt-discovery/pair_coupling_probe.py,r343,ATTACK,SCREW_SUBORDINATION_LSTAR,INCONCLUSIVE,UNCONVERGED,IDENTITY_SIDE,false,1.04
experiments/tfpt-discovery/fold_two_scale_balance_probe.py,experiments/tfpt-discovery/fold_two_scale_balance_probe.py,r344,FOUNDATION,DYNAMICS_CLOCKS_PF,MEASURED,UNCONVERGED,LOAD_BEARING_OPEN,false,1.518
verification/v979_cover_growth_k2.py,verification/v979_cover_growth_k2.py,r344/r346/r351/r353/r355 (wave 14),CERTIFICATE,SCREW_SUBORDINATION_LSTAR,CERTIFIED,UNCONVERGED,FINITE_FRAGMENT,false,2.8
experiments/tfpt-discovery/gap_ratio_primary_probe.py,experiments/tfpt-discovery/gap_ratio_primary_probe.py,r345,FOUNDATION,SCREW_SUBORDINATION_LSTAR,MEASURED,UNCONVERGED,IDENTITY_SIDE,false,1.32
verification/v980_lstar_margin_chain.py,verification/v980_lstar_margin_chain.py,r345/r347/r348/r350/r352/r354 (wave 14),FOUNDATION,SCREW_SUBORDINATION_LSTAR,CERTIFIED,NOT_APPLICABLE,IDENTITY_SIDE,false,2.2
experiments/tfpt-discovery/fold_cover_canonization_probe.py,experiments/tfpt-discovery/fold_cover_canonization_probe.py,r346,CERTIFICATE,WEIL_POSITIVITY_WINDOWS,CERTIFIED,LOSSY_CONSTANT,FINITE_FRAGMENT,false,2.8
experiments/tfpt-discovery/delta_alpha_closure_probe.py,experiments/tfpt-discovery/delta_alpha_closure_probe.py,r347,FOUNDATION,SCREW_SUBORDINATION_LSTAR,MEASURED,NOT_APPLICABLE,IDENTITY_SIDE,false,1.32
experiments/tfpt-discovery/delta_source_anatomy_probe.py,experiments/tfpt-discovery/delta_source_anatomy_probe.py,r348,FOUNDATION,SCREW_SUBORDINATION_LSTAR,MEASURED,UNCONVERGED,IDENTITY_SIDE,false,1.32
experiments/tfpt-discovery/thirdarm_spike_law_probe.py,experiments/tfpt-discovery/thirdarm_spike_law_probe.py,r349,ATTACK,WEIL_POSITIVITY_WINDOWS,INCONCLUSIVE,UNCONVERGED,FINITE_FRAGMENT,false,1.04
experiments/tfpt-discovery/alpha_source_anatomy_probe.py,experiments/tfpt-discovery/alpha_source_anatomy_probe.py,r350,FOUNDATION,SCREW_SUBORDINATION_LSTAR,MEASURED,UNCONVERGED,IDENTITY_SIDE,false,1.32
experiments/tfpt-discovery/qmax_growth_law_probe.py,experiments/tfpt-discovery/qmax_growth_law_probe.py,r351,CERTIFICATE,WEIL_POSITIVITY_WINDOWS,CERTIFIED,UNCONVERGED,FINITE_FRAGMENT,false,2.8
experiments/tfpt-discovery/rhor_source_anatomy_probe.py,experiments/tfpt-discovery/rhor_source_anatomy_probe.py,r352,FOUNDATION,SCREW_SUBORDINATION_LSTAR,MEASURED,UNCONVERGED,IDENTITY_SIDE,false,1.32
experiments/tfpt-discovery/second_family_erosion_probe.py,experiments/tfpt-discovery/second_family_erosion_probe.py,r353,CONTROL,WEIL_POSITIVITY_WINDOWS,KILLED,STRUCTURAL_MISMATCH,FINITE_FRAGMENT,false,1.52
experiments/tfpt-discovery/phi_wander_anatomy_probe.py,experiments/tfpt-discovery/phi_wander_anatomy_probe.py,r354,FOUNDATION,SCREW_SUBORDINATION_LSTAR,MEASURED,NO_BRIDGE,IDENTITY_SIDE,false,1.32
experiments/tfpt-discovery/k2_source_formula_probe.py,experiments/tfpt-discovery/k2_source_formula_probe.py,r355,ATTACK,WEIL_POSITIVITY_WINDOWS,CERTIFIED,UNCONVERGED,FINITE_FRAGMENT,false,2.6
experiments/tfpt-discovery/borodin_dual_hole_probe.py,experiments/tfpt-discovery/borodin_dual_hole_probe.py,r356,ATTACK,SCREW_SUBORDINATION_LSTAR,INCONCLUSIVE,NO_BRIDGE,EQUIVALENCE,false,1.04
verification/v981_lstar_borodin_duality.py,verification/v981_lstar_borodin_duality.py,r356 (wave 14),REDUCTION,SCREW_SUBORDINATION_LSTAR,CERTIFIED,NOT_APPLICABLE,EQUIVALENCE,false,2.3
experiments/tfpt-discovery/dirichlet_matched_frame_probe.py,experiments/tfpt-discovery/dirichlet_matched_frame_probe.py,r357,CONTROL,WEIL_POSITIVITY_WINDOWS,MEASURED,NOT_APPLICABLE,FINITE_FRAGMENT,false,1.14
verification/v982_dirichlet_matched_frame.py,verification/v982_dirichlet_matched_frame.py,r357 (wave 14),FOUNDATION,EXPLICIT_FORMULA_IDENTITY,CERTIFIED,NOT_APPLICABLE,IDENTITY_SIDE,false,2.2
experiments/tfpt-discovery/local_gap_carleson_probe.py,experiments/tfpt-discovery/local_gap_carleson_probe.py,r358,ATTACK,SIEVE_FACTORING_GEOMETRY,MEASURED,NO_BRIDGE,FINITE_FRAGMENT,false,1.56
experiments/tfpt-discovery/schur_wronskian_dual_probe.py,experiments/tfpt-discovery/schur_wronskian_dual_probe.py,r359,ATTACK,SCREW_SUBORDINATION_LSTAR,INCONCLUSIVE,NO_BRIDGE,LOAD_BEARING_OPEN,false,1.196
experiments/tfpt-discovery/critical_saturation_probe.py,experiments/tfpt-discovery/critical_saturation_probe.py,r360,ATTACK,SCREW_SUBORDINATION_LSTAR,MEASURED,UNCONVERGED,LOAD_BEARING_OPEN,false,1.794
rh/problem/rdagger_saturation.pdf,rh/problem/rdagger_saturation.pdf,"r360+r362 companion, updated r367-r373",DOCUMENTATION,SCREW_SUBORDINATION_LSTAR,OPEN,NOT_APPLICABLE,LOAD_BEARING_OPEN,false,0.6641
rh/problem/rdagger_saturation.tex,rh/problem/rdagger_saturation.tex,"r360+r362 companion, updated r367-r373 / r412 / r426 / R-DOSSIER DCCXCVII",DOCUMENTATION,SCREW_SUBORDINATION_LSTAR,OPEN,NOT_APPLICABLE,LOAD_BEARING_OPEN,false,0.6641
experiments/tfpt-discovery/mean_sieve_floor_probe.py,experiments/tfpt-discovery/mean_sieve_floor_probe.py,r361,FOUNDATION,SIEVE_FACTORING_GEOMETRY,CERTIFIED,NO_BRIDGE,FINITE_FRAGMENT,false,2.2
rh/problem/medcap_lemma.pdf,rh/problem/medcap_lemma.pdf,r361 companion,DOCUMENTATION,SCREW_SUBORDINATION_LSTAR,KILLED,STRUCTURAL_MISMATCH,IDENTITY_SIDE,false,0.88
rh/problem/medcap_lemma.tex,rh/problem/medcap_lemma.tex,r361 companion,ATTACK,SCREW_SUBORDINATION_LSTAR,KILLED,STRUCTURAL_MISMATCH,IDENTITY_SIDE,false,2.08
rh/problem/verify_medcap_steps.py,rh/problem/verify_medcap_steps.py,r361 companion,FOUNDATION,SCREW_SUBORDINATION_LSTAR,CERTIFIED,NOT_APPLICABLE,INFRASTRUCTURE,false,2.2
experiments/tfpt-discovery/augmented_borodin_duality_probe.py,experiments/tfpt-discovery/augmented_borodin_duality_probe.py,r362,REDUCTION,SCREW_SUBORDINATION_LSTAR,CERTIFIED,RESTATEMENT,EQUIVALENCE,false,2.3
experiments/tfpt-discovery/canonical_sturm_induction_probe.py,experiments/tfpt-discovery/canonical_sturm_induction_probe.py,r363,ATTACK,SCREW_SUBORDINATION_LSTAR,KILLED,NO_BRIDGE,LOAD_BEARING_OPEN,false,2.392
rh/problem/verify_xn_steps.py,rh/problem/verify_xn_steps.py,r364 companion,FOUNDATION,SCREW_SUBORDINATION_LSTAR,CERTIFIED,NOT_APPLICABLE,INFRASTRUCTURE,false,2.2
rh/problem/xn_invariant.pdf,rh/problem/xn_invariant.pdf,r364 companion,DOCUMENTATION,SCREW_SUBORDINATION_LSTAR,INCONCLUSIVE,STRUCTURAL_MISMATCH,IDENTITY_SIDE,false,0.44
rh/problem/xn_invariant.tex,rh/problem/xn_invariant.tex,r364 companion,ATTACK,SCREW_SUBORDINATION_LSTAR,INCONCLUSIVE,STRUCTURAL_MISMATCH,IDENTITY_SIDE,false,1.04
rh/problem/v2_regularity.pdf,rh/problem/v2_regularity.pdf,r365 companion,DOCUMENTATION,SCREW_SUBORDINATION_LSTAR,INCONCLUSIVE,STRUCTURAL_MISMATCH,IDENTITY_SIDE,false,0.44
rh/problem/v2_regularity.tex,rh/problem/v2_regularity.tex,r365 companion,ATTACK,SCREW_SUBORDINATION_LSTAR,INCONCLUSIVE,STRUCTURAL_MISMATCH,IDENTITY_SIDE,false,1.04
rh/problem/verify_v2_steps.py,rh/problem/verify_v2_steps.py,r365 companion,FOUNDATION,SCREW_SUBORDINATION_LSTAR,CERTIFIED,NOT_APPLICABLE,INFRASTRUCTURE,false,2.2
experiments/tfpt-discovery/edge_gap_ms_probe.py,experiments/tfpt-discovery/edge_gap_ms_probe.py,r366,ATTACK,SCREW_SUBORDINATION_LSTAR,KILLED,STRUCTURAL_MISMATCH,LOAD_BEARING_OPEN,false,2.392
experiments/tfpt-discovery/final_two_rank_inertia_probe.py,experiments/tfpt-discovery/final_two_rank_inertia_probe.py,r367,ATTACK,SCREW_SUBORDINATION_LSTAR,KILLED,NO_BRIDGE,LOAD_BEARING_OPEN,false,2.392
rh/lean/RH/Haynsworth.lean,rh/lean/RH/Haynsworth.lean,r367-r373,FORMALIZATION,LEAN_FORMALIZATION,PROVED,NOT_APPLICABLE,INFRASTRUCTURE,true,1.98
experiments/tfpt-discovery/weighted_l2_t1_probe.py,experiments/tfpt-discovery/weighted_l2_t1_probe.py,r368,ATTACK,SIEVE_FACTORING_GEOMETRY,KILLED,LOSSY_CONSTANT,FINITE_FRAGMENT,false,2.08
experiments/tfpt-discovery/mixed_haynsworth_probe.py,experiments/tfpt-discovery/mixed_haynsworth_probe.py,r369,FOUNDATION,SCREW_SUBORDINATION_LSTAR,CERTIFIED,NOT_APPLICABLE,IDENTITY_SIDE,false,2.2
experiments/tfpt-discovery/matrix_weyl_index_probe.py,experiments/tfpt-discovery/matrix_weyl_index_probe.py,r370,ATTACK,SCREW_SUBORDINATION_LSTAR,KILLED,RESTATEMENT,LOAD_BEARING_OPEN,false,2.392
experiments/tfpt-discovery/compound_cd_wedge_probe.py,experiments/tfpt-discovery/compound_cd_wedge_probe.py,r371,CONTROL,SCREW_SUBORDINATION_LSTAR,INCONCLUSIVE,NO_BRIDGE,FINITE_FRAGMENT,false,0.76
experiments/tfpt-discovery/source_prufer_one_defect_probe.py,experiments/tfpt-discovery/source_prufer_one_defect_probe.py,r372,ATTACK,SIEVE_FACTORING_GEOMETRY,KILLED,STRUCTURAL_MISMATCH,FINITE_FRAGMENT,false,2.08
rh/lean/RH/PivotCoordinate.lean,rh/lean/RH/PivotCoordinate.lean,r373-r380,FORMALIZATION,TOEPLITZ_MOMENT_POSITIVITY,PROVED,NOT_APPLICABLE,FINITE_FRAGMENT,true,1.98
rh/problem/v2_lemma_v3.pdf,rh/problem/v2_lemma_v3.pdf,r374 companion,DOCUMENTATION,SCREW_SUBORDINATION_LSTAR,RESTATED,RESTATEMENT,IDENTITY_SIDE,false,0.3025
rh/problem/v2_lemma_v3.tex,rh/problem/v2_lemma_v3.tex,r374 companion,REDUCTION,SCREW_SUBORDINATION_LSTAR,RESTATED,RESTATEMENT,IDENTITY_SIDE,false,0.6325
rh/problem/verify_v2_lemma.py,rh/problem/verify_v2_lemma.py,r374 companion,FOUNDATION,SCREW_SUBORDINATION_LSTAR,CERTIFIED,NOT_APPLICABLE,INFRASTRUCTURE,false,2.2
rh/problem/p2_lemma_proof.pdf,rh/problem/p2_lemma_proof.pdf,r375 companion,DOCUMENTATION,SCREW_SUBORDINATION_LSTAR,INCONCLUSIVE,NO_BRIDGE,IDENTITY_SIDE,false,0.44
rh/problem/p2_lemma_proof.tex,rh/problem/p2_lemma_proof.tex,r375 companion,ATTACK,SCREW_SUBORDINATION_LSTAR,INCONCLUSIVE,NO_BRIDGE,IDENTITY_SIDE,false,1.04
rh/problem/verify_p2_steps.py,rh/problem/verify_p2_steps.py,r375 companion,FOUNDATION,SCREW_SUBORDINATION_LSTAR,CERTIFIED,NOT_APPLICABLE,INFRASTRUCTURE,false,2.2
experiments/tfpt-discovery/postcap_pivots_probe.py,experiments/tfpt-discovery/postcap_pivots_probe.py,r377,FOUNDATION,SCREW_SUBORDINATION_LSTAR,KILLED,STRUCTURAL_MISMATCH,FINITE_FRAGMENT,false,1.76
rh/problem/postcap_pivots.pdf,rh/problem/postcap_pivots.pdf,r377 companion,DOCUMENTATION,SCREW_SUBORDINATION_LSTAR,KILLED,STRUCTURAL_MISMATCH,IDENTITY_SIDE,false,0.88
rh/problem/postcap_pivots.tex,rh/problem/postcap_pivots.tex,r377 companion,ATTACK,SCREW_SUBORDINATION_LSTAR,KILLED,STRUCTURAL_MISMATCH,IDENTITY_SIDE,false,2.08
rh/problem/verify_postcap_steps.py,rh/problem/verify_postcap_steps.py,r377 companion,FOUNDATION,SCREW_SUBORDINATION_LSTAR,CERTIFIED,NOT_APPLICABLE,INFRASTRUCTURE,false,2.2
rh/problem/compose_lemma.pdf,rh/problem/compose_lemma.pdf,r378 companion,DOCUMENTATION,WEIL_POSITIVITY_WINDOWS,RESTATED,LOSSY_CONSTANT,FINITE_FRAGMENT,false,0.3025
rh/problem/compose_lemma.tex,rh/problem/compose_lemma.tex,r378 companion,REDUCTION,WEIL_POSITIVITY_WINDOWS,RESTATED,LOSSY_CONSTANT,FINITE_FRAGMENT,false,0.6325
rh/problem/verify_compose_lemma.py,rh/problem/verify_compose_lemma.py,r378 companion,FOUNDATION,WEIL_POSITIVITY_WINDOWS,CERTIFIED,NOT_APPLICABLE,INFRASTRUCTURE,false,2.2
rh/problem/v3prime_proof.pdf,rh/problem/v3prime_proof.pdf,r379 companion,DOCUMENTATION,SCREW_SUBORDINATION_LSTAR,RESTATED,RESTATEMENT,IDENTITY_SIDE,false,0.3025
rh/problem/v3prime_proof.tex,rh/problem/v3prime_proof.tex,r379 companion,REDUCTION,SCREW_SUBORDINATION_LSTAR,RESTATED,RESTATEMENT,IDENTITY_SIDE,false,0.6325
rh/problem/verify_v3prime.py,rh/problem/verify_v3prime.py,r379 companion,FOUNDATION,SCREW_SUBORDINATION_LSTAR,CERTIFIED,NOT_APPLICABLE,INFRASTRUCTURE,false,2.2
experiments/tfpt-discovery/g_eps_lemma_probe.py,experiments/tfpt-discovery/g_eps_lemma_probe.py,r381,FOUNDATION,SCREW_SUBORDINATION_LSTAR,INCONCLUSIVE,LOSSY_CONSTANT,IDENTITY_SIDE,false,0.88
rh/problem/g_eps_lemma.pdf,rh/problem/g_eps_lemma.pdf,r381 companion,DOCUMENTATION,SCREW_SUBORDINATION_LSTAR,INCONCLUSIVE,LOSSY_CONSTANT,IDENTITY_SIDE,false,0.44
rh/problem/g_eps_lemma.tex,rh/problem/g_eps_lemma.tex,r381 companion,REDUCTION,SCREW_SUBORDINATION_LSTAR,INCONCLUSIVE,LOSSY_CONSTANT,IDENTITY_SIDE,false,0.92
rh/problem/verify_g_eps.py,rh/problem/verify_g_eps.py,r381 companion,FOUNDATION,SCREW_SUBORDINATION_LSTAR,CERTIFIED,NOT_APPLICABLE,INFRASTRUCTURE,false,2.2
experiments/tfpt-discovery/pivot_entry_lemma_probe.py,experiments/tfpt-discovery/pivot_entry_lemma_probe.py,r382,FOUNDATION,SCREW_SUBORDINATION_LSTAR,INCONCLUSIVE,NO_BRIDGE,FINITE_FRAGMENT,false,0.88
rh/problem/pivot_entry_lemma.pdf,rh/problem/pivot_entry_lemma.pdf,r382 companion,DOCUMENTATION,SCREW_SUBORDINATION_LSTAR,INCONCLUSIVE,UNCONVERGED,IDENTITY_SIDE,false,0.44
rh/problem/pivot_entry_lemma.tex,rh/problem/pivot_entry_lemma.tex,r382 companion,REDUCTION,SCREW_SUBORDINATION_LSTAR,INCONCLUSIVE,UNCONVERGED,IDENTITY_SIDE,false,0.92
rh/problem/verify_pivot_entry.py,rh/problem/verify_pivot_entry.py,r382 companion,FOUNDATION,SCREW_SUBORDINATION_LSTAR,CERTIFIED,NOT_APPLICABLE,INFRASTRUCTURE,false,2.2
experiments/tfpt-discovery/compose_premises_probe.py,experiments/tfpt-discovery/compose_premises_probe.py,r383,FOUNDATION,SIEVE_FACTORING_GEOMETRY,INCONCLUSIVE,NO_BRIDGE,FINITE_FRAGMENT,false,0.88
rh/problem/compose_premises.pdf,rh/problem/compose_premises.pdf,r383 companion,DOCUMENTATION,WEIL_POSITIVITY_WINDOWS,KILLED,WORLD_BLIND,FINITE_FRAGMENT,false,0.88
rh/problem/compose_premises.tex,rh/problem/compose_premises.tex,r383 companion,ATTACK,WEIL_POSITIVITY_WINDOWS,KILLED,WORLD_BLIND,FINITE_FRAGMENT,false,2.08
rh/problem/verify_compose_premises.py,rh/problem/verify_compose_premises.py,r383 companion,FOUNDATION,WEIL_POSITIVITY_WINDOWS,CERTIFIED,NOT_APPLICABLE,INFRASTRUCTURE,false,2.2
rh/lean/RH/FlankEntry.lean,rh/lean/RH/FlankEntry.lean,r384,FORMALIZATION,LEAN_FORMALIZATION,PROVED,NOT_APPLICABLE,INFRASTRUCTURE,false,2.75
experiments/tfpt-discovery/christoffel_quiet_probe.py,experiments/tfpt-discovery/christoffel_quiet_probe.py,r385,FOUNDATION,SCREW_SUBORDINATION_LSTAR,KILLED,LOSSY_CONSTANT,IDENTITY_SIDE,false,1.76
rh/problem/christoffel_quiet.pdf,rh/problem/christoffel_quiet.pdf,r385 companion,DOCUMENTATION,SCREW_SUBORDINATION_LSTAR,KILLED,LOSSY_CONSTANT,IDENTITY_SIDE,false,0.88
rh/problem/christoffel_quiet.tex,rh/problem/christoffel_quiet.tex,r385 companion,REDUCTION,SCREW_SUBORDINATION_LSTAR,KILLED,LOSSY_CONSTANT,IDENTITY_SIDE,false,1.84
rh/problem/verify_christoffel_quiet.py,rh/problem/verify_christoffel_quiet.py,r385 companion,FOUNDATION,SCREW_SUBORDINATION_LSTAR,CERTIFIED,NOT_APPLICABLE,INFRASTRUCTURE,false,2.2
experiments/tfpt-discovery/compose_premises2_probe.py,experiments/tfpt-discovery/compose_premises2_probe.py,r386,FOUNDATION,SIEVE_FACTORING_GEOMETRY,MEASURED,NO_BRIDGE,FINITE_FRAGMENT,false,1.32
rh/problem/compose_premises2.pdf,rh/problem/compose_premises2.pdf,r386 companion,DOCUMENTATION,WEIL_POSITIVITY_WINDOWS,RESTATED,LOSSY_CONSTANT,FINITE_FRAGMENT,false,0.3025
rh/problem/compose_premises2.tex,rh/problem/compose_premises2.tex,r386 companion,REDUCTION,WEIL_POSITIVITY_WINDOWS,RESTATED,LOSSY_CONSTANT,FINITE_FRAGMENT,false,0.6325
rh/problem/verify_compose_premises2.py,rh/problem/verify_compose_premises2.py,r386 companion,FOUNDATION,WEIL_POSITIVITY_WINDOWS,CERTIFIED,NOT_APPLICABLE,INFRASTRUCTURE,false,2.2
experiments/tfpt-discovery/coherence_assist_probe.py,experiments/tfpt-discovery/coherence_assist_probe.py,r387,FOUNDATION,SCREW_SUBORDINATION_LSTAR,KILLED,LOSSY_CONSTANT,IDENTITY_SIDE,false,1.76
rh/problem/coherence_assist.pdf,rh/problem/coherence_assist.pdf,r387 companion,DOCUMENTATION,SCREW_SUBORDINATION_LSTAR,KILLED,LOSSY_CONSTANT,IDENTITY_SIDE,false,0.88
rh/problem/coherence_assist.tex,rh/problem/coherence_assist.tex,r387 companion,REDUCTION,SCREW_SUBORDINATION_LSTAR,KILLED,LOSSY_CONSTANT,IDENTITY_SIDE,false,1.84
rh/problem/verify_coherence_assist.py,rh/problem/verify_coherence_assist.py,r387 companion,FOUNDATION,SCREW_SUBORDINATION_LSTAR,CERTIFIED,NOT_APPLICABLE,INFRASTRUCTURE,false,2.2
experiments/tfpt-discovery/delta_deformation_probe.py,experiments/tfpt-discovery/delta_deformation_probe.py,r388,FOUNDATION,SCREW_SUBORDINATION_LSTAR,KILLED,LOSSY_CONSTANT,IDENTITY_SIDE,false,1.76
rh/problem/delta_deformation.pdf,rh/problem/delta_deformation.pdf,r388 companion,DOCUMENTATION,SCREW_SUBORDINATION_LSTAR,KILLED,LOSSY_CONSTANT,IDENTITY_SIDE,false,0.88
rh/problem/delta_deformation.tex,rh/problem/delta_deformation.tex,r388 companion,REDUCTION,SCREW_SUBORDINATION_LSTAR,KILLED,LOSSY_CONSTANT,IDENTITY_SIDE,false,1.84
rh/problem/verify_delta_deformation.py,rh/problem/verify_delta_deformation.py,r388 companion,FOUNDATION,SCREW_SUBORDINATION_LSTAR,CERTIFIED,NOT_APPLICABLE,INFRASTRUCTURE,false,2.2
experiments/tfpt-discovery/weyl_energy_probe.py,experiments/tfpt-discovery/weyl_energy_probe.py,r389,FOUNDATION,OPERATOR_SPECTRAL,INCONCLUSIVE,NO_BRIDGE,IDENTITY_SIDE,false,0.88
rh/problem/verify_weyl_energy.py,rh/problem/verify_weyl_energy.py,r389 companion,FOUNDATION,SCREW_SUBORDINATION_LSTAR,CERTIFIED,NOT_APPLICABLE,INFRASTRUCTURE,false,2.2
rh/problem/weyl_energy.pdf,rh/problem/weyl_energy.pdf,r389 companion,DOCUMENTATION,SCREW_SUBORDINATION_LSTAR,RESTATED,STRUCTURAL_MISMATCH,IDENTITY_SIDE,false,0.3025
rh/problem/weyl_energy.tex,rh/problem/weyl_energy.tex,r389 companion,REDUCTION,SCREW_SUBORDINATION_LSTAR,RESTATED,STRUCTURAL_MISMATCH,IDENTITY_SIDE,false,0.6325
experiments/tfpt-discovery/g_eps_mu_probe.py,experiments/tfpt-discovery/g_eps_mu_probe.py,r390,FOUNDATION,SCREW_SUBORDINATION_LSTAR,INCONCLUSIVE,WORLD_BLIND,IDENTITY_SIDE,false,0.88
rh/problem/g_eps_mu.pdf,rh/problem/g_eps_mu.pdf,r390 companion,DOCUMENTATION,SCREW_SUBORDINATION_LSTAR,INCONCLUSIVE,WORLD_BLIND,IDENTITY_SIDE,false,0.44
rh/problem/g_eps_mu.tex,rh/problem/g_eps_mu.tex,r390 companion,REDUCTION,SCREW_SUBORDINATION_LSTAR,INCONCLUSIVE,WORLD_BLIND,IDENTITY_SIDE,false,0.92
rh/problem/verify_g_eps_mu.py,rh/problem/verify_g_eps_mu.py,r390 companion,FOUNDATION,SCREW_SUBORDINATION_LSTAR,CERTIFIED,NOT_APPLICABLE,INFRASTRUCTURE,false,2.2
experiments/tfpt-discovery/construction_pure_rl_probe.py,experiments/tfpt-discovery/construction_pure_rl_probe.py,r391,FOUNDATION,SIEVE_FACTORING_GEOMETRY,MEASURED,WORLD_BLIND,FINITE_FRAGMENT,false,1.32
rh/problem/construction_rl.pdf,rh/problem/construction_rl.pdf,r391 companion,DOCUMENTATION,WEIL_POSITIVITY_WINDOWS,RESTATED,STRUCTURAL_MISMATCH,FINITE_FRAGMENT,false,0.3025
rh/problem/construction_rl.tex,rh/problem/construction_rl.tex,r391 companion,REDUCTION,WEIL_POSITIVITY_WINDOWS,RESTATED,STRUCTURAL_MISMATCH,FINITE_FRAGMENT,false,0.6325
rh/problem/verify_construction_rl.py,rh/problem/verify_construction_rl.py,r391 companion,FOUNDATION,WEIL_POSITIVITY_WINDOWS,CERTIFIED,NOT_APPLICABLE,INFRASTRUCTURE,false,2.2
experiments/tfpt-discovery/deletion_transform_probe.py,experiments/tfpt-discovery/deletion_transform_probe.py,r392,FOUNDATION,RHP_IIKS_TAU,INCONCLUSIVE,NO_BRIDGE,IDENTITY_SIDE,false,0.88
rh/problem/deletion_transform.pdf,rh/problem/deletion_transform.pdf,r392 companion,DOCUMENTATION,SCREW_SUBORDINATION_LSTAR,KILLED,STRUCTURAL_MISMATCH,IDENTITY_SIDE,false,0.88
rh/problem/deletion_transform.tex,rh/problem/deletion_transform.tex,r392 companion,REDUCTION,SCREW_SUBORDINATION_LSTAR,KILLED,STRUCTURAL_MISMATCH,IDENTITY_SIDE,false,1.84
rh/problem/verify_deletion_transform.py,rh/problem/verify_deletion_transform.py,r392 companion,FOUNDATION,SCREW_SUBORDINATION_LSTAR,CERTIFIED,NOT_APPLICABLE,INFRASTRUCTURE,false,2.2
experiments/tfpt-discovery/tau_field_probe.py,experiments/tfpt-discovery/tau_field_probe.py,r393,FOUNDATION,RHP_IIKS_TAU,INCONCLUSIVE,NO_BRIDGE,IDENTITY_SIDE,false,0.88
rh/problem/tau_field.pdf,rh/problem/tau_field.pdf,r393 companion,DOCUMENTATION,RHP_IIKS_TAU,INCONCLUSIVE,UNCONVERGED,IDENTITY_SIDE,false,0.44
rh/problem/tau_field.tex,rh/problem/tau_field.tex,r393 companion,REDUCTION,RHP_IIKS_TAU,INCONCLUSIVE,UNCONVERGED,IDENTITY_SIDE,false,0.92
rh/problem/verify_tau_field.py,rh/problem/verify_tau_field.py,r393 companion,FOUNDATION,RHP_IIKS_TAU,CERTIFIED,NOT_APPLICABLE,INFRASTRUCTURE,false,2.2
experiments/tfpt-discovery/sign_schur_probe.py,experiments/tfpt-discovery/sign_schur_probe.py,r394,ATTACK,SCREW_SUBORDINATION_LSTAR,KILLED,STRUCTURAL_MISMATCH,IDENTITY_SIDE,false,2.08
rh/problem/sign_schur.pdf,rh/problem/sign_schur.pdf,r394 companion,DOCUMENTATION,SCREW_SUBORDINATION_LSTAR,KILLED,STRUCTURAL_MISMATCH,IDENTITY_SIDE,false,0.88
rh/problem/sign_schur.tex,rh/problem/sign_schur.tex,r394 companion,REDUCTION,SCREW_SUBORDINATION_LSTAR,KILLED,STRUCTURAL_MISMATCH,IDENTITY_SIDE,false,1.84
rh/problem/verify_sign_schur.py,rh/problem/verify_sign_schur.py,r394 companion,FOUNDATION,SCREW_SUBORDINATION_LSTAR,CERTIFIED,NOT_APPLICABLE,INFRASTRUCTURE,false,2.2
experiments/tfpt-discovery/three_gap_mask_probe.py,experiments/tfpt-discovery/three_gap_mask_probe.py,r395,ATTACK,SIEVE_FACTORING_GEOMETRY,KILLED,STRUCTURAL_MISMATCH,IDENTITY_SIDE,false,2.08
rh/problem/three_gap_mask.pdf,rh/problem/three_gap_mask.pdf,r395 companion,DOCUMENTATION,SCREW_SUBORDINATION_LSTAR,KILLED,STRUCTURAL_MISMATCH,IDENTITY_SIDE,false,0.88
rh/problem/three_gap_mask.tex,rh/problem/three_gap_mask.tex,r395 companion,ATTACK,SCREW_SUBORDINATION_LSTAR,KILLED,STRUCTURAL_MISMATCH,IDENTITY_SIDE,false,2.08
rh/problem/verify_three_gap_mask.py,rh/problem/verify_three_gap_mask.py,r395 companion,FOUNDATION,SCREW_SUBORDINATION_LSTAR,CERTIFIED,NOT_APPLICABLE,INFRASTRUCTURE,false,2.2
experiments/tfpt-discovery/isolation_lemma_probe.py,experiments/tfpt-discovery/isolation_lemma_probe.py,r396,ATTACK,SIEVE_FACTORING_GEOMETRY,KILLED,STRUCTURAL_MISMATCH,IDENTITY_SIDE,false,2.08
rh/problem/isolation_lemma.pdf,rh/problem/isolation_lemma.pdf,r396 companion,DOCUMENTATION,SCREW_SUBORDINATION_LSTAR,KILLED,STRUCTURAL_MISMATCH,IDENTITY_SIDE,false,0.88
rh/problem/isolation_lemma.tex,rh/problem/isolation_lemma.tex,r396 companion,ATTACK,SCREW_SUBORDINATION_LSTAR,KILLED,STRUCTURAL_MISMATCH,IDENTITY_SIDE,false,2.08
rh/problem/verify_isolation_lemma.py,rh/problem/verify_isolation_lemma.py,r396 companion,FOUNDATION,SCREW_SUBORDINATION_LSTAR,CERTIFIED,NOT_APPLICABLE,INFRASTRUCTURE,false,2.2
rh/lean/RH/Selected.lean,rh/lean/RH/Selected.lean,r397/r638L,FORMALIZATION,LEAN_FORMALIZATION,PROVED,NOT_APPLICABLE,INFRASTRUCTURE,false,2.75
experiments/tfpt-discovery/high_moment_inertia_probe.py,experiments/tfpt-discovery/high_moment_inertia_probe.py,r398,CONTROL,SCREW_SUBORDINATION_LSTAR,KILLED,LOSSY_CONSTANT,LOAD_BEARING_OPEN,false,1.748
rh/problem/high_moment_inertia.pdf,rh/problem/high_moment_inertia.pdf,r398 companion,DOCUMENTATION,OPERATOR_SPECTRAL,INCONCLUSIVE,STRUCTURAL_MISMATCH,IDENTITY_SIDE,false,0.44
rh/problem/high_moment_inertia.tex,rh/problem/high_moment_inertia.tex,r398 companion,CONTROL,OPERATOR_SPECTRAL,INCONCLUSIVE,STRUCTURAL_MISMATCH,IDENTITY_SIDE,false,0.76
rh/problem/verify_high_moment.py,rh/problem/verify_high_moment.py,r398 companion,CONTROL,OPERATOR_SPECTRAL,CERTIFIED,NOT_APPLICABLE,INFRASTRUCTURE,false,1.9
experiments/tfpt-discovery/source_weyl_energy_probe.py,experiments/tfpt-discovery/source_weyl_energy_probe.py,r399,ATTACK,EXPLICIT_FORMULA_IDENTITY,KILLED,CIRCULAR,LOAD_BEARING_OPEN,false,2.392
rh/problem/source_weyl_energy.pdf,rh/problem/source_weyl_energy.pdf,r399 companion,DOCUMENTATION,SCREW_SUBORDINATION_LSTAR,KILLED,CIRCULAR,IDENTITY_SIDE,false,0.88
rh/problem/source_weyl_energy.tex,rh/problem/source_weyl_energy.tex,r399 companion,ATTACK,SCREW_SUBORDINATION_LSTAR,KILLED,CIRCULAR,IDENTITY_SIDE,false,2.08
rh/problem/verify_source_weyl.py,rh/problem/verify_source_weyl.py,r399 companion,FOUNDATION,SCREW_SUBORDINATION_LSTAR,CERTIFIED,NOT_APPLICABLE,INFRASTRUCTURE,false,2.2
experiments/tfpt-discovery/bulk_one_defect_probe.py,experiments/tfpt-discovery/bulk_one_defect_probe.py,r400,ATTACK,SCREW_SUBORDINATION_LSTAR,KILLED,STRUCTURAL_MISMATCH,LOAD_BEARING_OPEN,false,2.392
rh/problem/bulk_one_defect.pdf,rh/problem/bulk_one_defect.pdf,r400 companion,DOCUMENTATION,OPERATOR_SPECTRAL,KILLED,STRUCTURAL_MISMATCH,IDENTITY_SIDE,false,0.88
rh/problem/bulk_one_defect.tex,rh/problem/bulk_one_defect.tex,r400 companion,ATTACK,OPERATOR_SPECTRAL,KILLED,STRUCTURAL_MISMATCH,IDENTITY_SIDE,false,2.08
rh/problem/verify_bulk_one_defect.py,rh/problem/verify_bulk_one_defect.py,r400 companion,FOUNDATION,OPERATOR_SPECTRAL,CERTIFIED,NOT_APPLICABLE,INFRASTRUCTURE,false,2.2
experiments/tfpt-discovery/edge_signature_probe.py,experiments/tfpt-discovery/edge_signature_probe.py,r401,FOUNDATION,SCREW_SUBORDINATION_LSTAR,MEASURED,UNCONVERGED,IDENTITY_SIDE,false,1.32
rh/problem/edge_signature.pdf,rh/problem/edge_signature.pdf,r401 companion,DOCUMENTATION,OPERATOR_SPECTRAL,INCONCLUSIVE,UNCONVERGED,IDENTITY_SIDE,false,0.44
rh/problem/edge_signature.tex,rh/problem/edge_signature.tex,r401 companion,ATTACK,OPERATOR_SPECTRAL,INCONCLUSIVE,UNCONVERGED,IDENTITY_SIDE,false,1.04
rh/problem/verify_edge_signature.py,rh/problem/verify_edge_signature.py,r401 companion,FOUNDATION,OPERATOR_SPECTRAL,CERTIFIED,NOT_APPLICABLE,INFRASTRUCTURE,false,2.2
experiments/tfpt-discovery/p1_construction_probe.py,experiments/tfpt-discovery/p1_construction_probe.py,r403,ATTACK,SCREW_SUBORDINATION_LSTAR,KILLED,WORLD_BLIND,LOAD_BEARING_OPEN,false,2.392
rh/problem/p1_construction.pdf,rh/problem/p1_construction.pdf,r403 companion,DOCUMENTATION,SCREW_SUBORDINATION_LSTAR,KILLED,WORLD_BLIND,IDENTITY_SIDE,false,0.88
rh/problem/p1_construction.tex,rh/problem/p1_construction.tex,r403 companion,CONTROL,SCREW_SUBORDINATION_LSTAR,KILLED,WORLD_BLIND,IDENTITY_SIDE,false,1.52
rh/problem/verify_p1_construction.py,rh/problem/verify_p1_construction.py,r403 companion,CONTROL,SCREW_SUBORDINATION_LSTAR,CERTIFIED,NOT_APPLICABLE,INFRASTRUCTURE,false,1.9
experiments/tfpt-discovery/one_defect_gram_probe.py,experiments/tfpt-discovery/one_defect_gram_probe.py,r404,ATTACK,SCREW_SUBORDINATION_LSTAR,KILLED,RESTATEMENT,LOAD_BEARING_OPEN,false,2.392
rh/problem/one_defect_gram.pdf,rh/problem/one_defect_gram.pdf,r404 companion,DOCUMENTATION,OPERATOR_SPECTRAL,KILLED,RESTATEMENT,IDENTITY_SIDE,false,0.88
rh/problem/one_defect_gram.tex,rh/problem/one_defect_gram.tex,r404 companion,ATTACK,OPERATOR_SPECTRAL,KILLED,RESTATEMENT,IDENTITY_SIDE,false,2.08
rh/problem/verify_one_defect_gram.py,rh/problem/verify_one_defect_gram.py,r404 companion,FOUNDATION,OPERATOR_SPECTRAL,CERTIFIED,NOT_APPLICABLE,INFRASTRUCTURE,false,2.2
rh/catalog/proof_search/planner.py,rh/catalog/proof_search/planner.py,r404-r475,TOOLING,LEAN_FORMALIZATION,OPEN,NOT_APPLICABLE,INFRASTRUCTURE,true,0.378
experiments/tfpt-discovery/edge_contractive_lift_probe.py,experiments/tfpt-discovery/edge_contractive_lift_probe.py,r405,ATTACK,SCREW_SUBORDINATION_LSTAR,INCONCLUSIVE,NO_BRIDGE,LOAD_BEARING_OPEN,false,1.196
rh/problem/edge_contractive_lift.pdf,rh/problem/edge_contractive_lift.pdf,r405 companion,DOCUMENTATION,OPERATOR_SPECTRAL,INCONCLUSIVE,NO_BRIDGE,IDENTITY_SIDE,false,0.44
rh/problem/edge_contractive_lift.tex,rh/problem/edge_contractive_lift.tex,r405 companion,ATTACK,OPERATOR_SPECTRAL,INCONCLUSIVE,NO_BRIDGE,IDENTITY_SIDE,false,1.04
rh/problem/verify_edge_lift.py,rh/problem/verify_edge_lift.py,r405 companion,FOUNDATION,OPERATOR_SPECTRAL,CERTIFIED,NOT_APPLICABLE,INFRASTRUCTURE,false,2.2
rh/lean/RH/OneDefect.lean,rh/lean/RH/OneDefect.lean,r406,FORMALIZATION,LEAN_FORMALIZATION,PROVED,NOT_APPLICABLE,IDENTITY_SIDE,false,2.75
rh/lean/RH/GraphResolvent.lean,rh/lean/RH/GraphResolvent.lean,r406-r430,FORMALIZATION,OPERATOR_SPECTRAL,PROVED,NOT_APPLICABLE,FINITE_FRAGMENT,true,1.98
experiments/tfpt-discovery/dual_intertwiner_probe.py,experiments/tfpt-discovery/dual_intertwiner_probe.py,r407,REDUCTION,SCREW_SUBORDINATION_LSTAR,CERTIFIED,NO_BRIDGE,EQUIVALENCE,false,2.3
rh/problem/dual_intertwiner.pdf,rh/problem/dual_intertwiner.pdf,r407 companion,DOCUMENTATION,OPERATOR_SPECTRAL,CERTIFIED,STRUCTURAL_MISMATCH,EQUIVALENCE,false,1.1
rh/problem/dual_intertwiner.tex,rh/problem/dual_intertwiner.tex,r407 companion,REDUCTION,OPERATOR_SPECTRAL,CERTIFIED,STRUCTURAL_MISMATCH,EQUIVALENCE,false,2.3
rh/problem/verify_dual_intertwiner.py,rh/problem/verify_dual_intertwiner.py,r407 companion,REDUCTION,OPERATOR_SPECTRAL,CERTIFIED,STRUCTURAL_MISMATCH,INFRASTRUCTURE,false,2.3
experiments/tfpt-discovery/c_threshold_probe.py,experiments/tfpt-discovery/c_threshold_probe.py,r408,ATTACK,SCREW_SUBORDINATION_LSTAR,KILLED,STRUCTURAL_MISMATCH,FINITE_FRAGMENT,false,2.08
rh/problem/c_threshold.pdf,rh/problem/c_threshold.pdf,r408 companion,DOCUMENTATION,OPERATOR_SPECTRAL,KILLED,STRUCTURAL_MISMATCH,FINITE_FRAGMENT,false,0.88
rh/problem/c_threshold.tex,rh/problem/c_threshold.tex,r408 companion,DOCUMENTATION,OPERATOR_SPECTRAL,KILLED,STRUCTURAL_MISMATCH,FINITE_FRAGMENT,false,0.88
rh/problem/verify_c_threshold.py,rh/problem/verify_c_threshold.py,r408 companion,FOUNDATION,OPERATOR_SPECTRAL,CERTIFIED,STRUCTURAL_MISMATCH,INFRASTRUCTURE,false,2.2
experiments/tfpt-discovery/borodin_birkhoff_intertwiner_probe.py,experiments/tfpt-discovery/borodin_birkhoff_intertwiner_probe.py,r409,ATTACK,SCREW_SUBORDINATION_LSTAR,INCONCLUSIVE,NO_BRIDGE,FINITE_FRAGMENT,false,1.04
rh/problem/borodin_birkhoff_intertwiner.pdf,rh/problem/borodin_birkhoff_intertwiner.pdf,r409 companion,DOCUMENTATION,OPERATOR_SPECTRAL,MEASURED,STRUCTURAL_MISMATCH,FINITE_FRAGMENT,false,0.66
rh/problem/borodin_birkhoff_intertwiner.tex,rh/problem/borodin_birkhoff_intertwiner.tex,r409 companion,DOCUMENTATION,OPERATOR_SPECTRAL,MEASURED,STRUCTURAL_MISMATCH,FINITE_FRAGMENT,false,0.66
rh/problem/verify_borodin_birkhoff.py,rh/problem/verify_borodin_birkhoff.py,r409 companion,FOUNDATION,OPERATOR_SPECTRAL,CERTIFIED,STRUCTURAL_MISMATCH,INFRASTRUCTURE,false,2.2
experiments/tfpt-discovery/hole_nyquist_probe.py,experiments/tfpt-discovery/hole_nyquist_probe.py,r410,ATTACK,SCREW_SUBORDINATION_LSTAR,KILLED,STRUCTURAL_MISMATCH,FINITE_FRAGMENT,false,2.08
rh/problem/hole_nyquist.pdf,rh/problem/hole_nyquist.pdf,r410 companion,DOCUMENTATION,OPERATOR_SPECTRAL,KILLED,STRUCTURAL_MISMATCH,IDENTITY_SIDE,false,0.88
rh/problem/hole_nyquist.tex,rh/problem/hole_nyquist.tex,r410 companion,DOCUMENTATION,OPERATOR_SPECTRAL,KILLED,STRUCTURAL_MISMATCH,IDENTITY_SIDE,false,0.88
rh/problem/verify_hole_nyquist.py,rh/problem/verify_hole_nyquist.py,r410 companion,FOUNDATION,OPERATOR_SPECTRAL,CERTIFIED,STRUCTURAL_MISMATCH,INFRASTRUCTURE,false,2.2
experiments/tfpt-discovery/threshold_identity_probe.py,experiments/tfpt-discovery/threshold_identity_probe.py,r411,REDUCTION,SCREW_SUBORDINATION_LSTAR,CERTIFIED,NOT_APPLICABLE,IDENTITY_SIDE,false,2.3
rh/problem/threshold_identity.pdf,rh/problem/threshold_identity.pdf,r411 companion,DOCUMENTATION,OPERATOR_SPECTRAL,KILLED,STRUCTURAL_MISMATCH,IDENTITY_SIDE,false,0.88
rh/problem/threshold_identity.tex,rh/problem/threshold_identity.tex,r411 companion,DOCUMENTATION,OPERATOR_SPECTRAL,KILLED,STRUCTURAL_MISMATCH,IDENTITY_SIDE,false,0.88
rh/problem/verify_threshold_identity.py,rh/problem/verify_threshold_identity.py,r411 companion,FOUNDATION,OPERATOR_SPECTRAL,CERTIFIED,STRUCTURAL_MISMATCH,INFRASTRUCTURE,false,2.2
experiments/tfpt-discovery/hole_top_mode_probe.py,experiments/tfpt-discovery/hole_top_mode_probe.py,r413,ATTACK,SCREW_SUBORDINATION_LSTAR,KILLED,STRUCTURAL_MISMATCH,LOAD_BEARING_OPEN,false,2.392
rh/problem/hole_top_mode.pdf,rh/problem/hole_top_mode.pdf,r413 companion,DOCUMENTATION,OPERATOR_SPECTRAL,KILLED,STRUCTURAL_MISMATCH,IDENTITY_SIDE,false,0.88
rh/problem/hole_top_mode.tex,rh/problem/hole_top_mode.tex,r413 companion,DOCUMENTATION,OPERATOR_SPECTRAL,KILLED,STRUCTURAL_MISMATCH,IDENTITY_SIDE,false,0.88
rh/problem/verify_hole_top_mode.py,rh/problem/verify_hole_top_mode.py,r413 companion,FOUNDATION,OPERATOR_SPECTRAL,CERTIFIED,STRUCTURAL_MISMATCH,INFRASTRUCTURE,false,2.2
experiments/tfpt-discovery/top_mode_edge_probe.py,experiments/tfpt-discovery/top_mode_edge_probe.py,r415,REDUCTION,SCREW_SUBORDINATION_LSTAR,CERTIFIED,STRUCTURAL_MISMATCH,IDENTITY_SIDE,false,2.3
rh/problem/top_mode_edge.pdf,rh/problem/top_mode_edge.pdf,r415 companion,DOCUMENTATION,OPERATOR_SPECTRAL,KILLED,STRUCTURAL_MISMATCH,IDENTITY_SIDE,false,0.88
rh/problem/top_mode_edge.tex,rh/problem/top_mode_edge.tex,r415 companion,DOCUMENTATION,OPERATOR_SPECTRAL,KILLED,STRUCTURAL_MISMATCH,IDENTITY_SIDE,false,0.88
rh/problem/verify_top_mode_edge.py,rh/problem/verify_top_mode_edge.py,r415 companion,FOUNDATION,OPERATOR_SPECTRAL,CERTIFIED,STRUCTURAL_MISMATCH,INFRASTRUCTURE,false,2.2
experiments/tfpt-discovery/debranges_index_probe.py,experiments/tfpt-discovery/debranges_index_probe.py,r416,ATTACK,SCREW_SUBORDINATION_LSTAR,KILLED,STRUCTURAL_MISMATCH,LOAD_BEARING_OPEN,false,2.392
rh/problem/debranges_index.pdf,rh/problem/debranges_index.pdf,r416 companion,DOCUMENTATION,MELLIN_PICK_LEE_YANG,KILLED,WORLD_BLIND,IDENTITY_SIDE,false,0.88
rh/problem/debranges_index.tex,rh/problem/debranges_index.tex,r416 companion,DOCUMENTATION,MELLIN_PICK_LEE_YANG,KILLED,WORLD_BLIND,IDENTITY_SIDE,false,0.88
rh/problem/verify_debranges_index.py,rh/problem/verify_debranges_index.py,r416 companion,FOUNDATION,MELLIN_PICK_LEE_YANG,CERTIFIED,WORLD_BLIND,INFRASTRUCTURE,false,2.2
experiments/tfpt-discovery/source_sch_sign_probe.py,experiments/tfpt-discovery/source_sch_sign_probe.py,r417,ATTACK,SCREW_SUBORDINATION_LSTAR,INCONCLUSIVE,UNCONVERGED,LOAD_BEARING_OPEN,false,1.196
rh/problem/source_sch_sign.pdf,rh/problem/source_sch_sign.pdf,r417 companion,DOCUMENTATION,RHP_IIKS_TAU,OPEN,UNCONVERGED,LOAD_BEARING_OPEN,false,0.6641
rh/problem/source_sch_sign.tex,rh/problem/source_sch_sign.tex,r417 companion,DOCUMENTATION,RHP_IIKS_TAU,OPEN,UNCONVERGED,LOAD_BEARING_OPEN,false,0.6641
rh/problem/verify_source_sch.py,rh/problem/verify_source_sch.py,r417 companion,FOUNDATION,RHP_IIKS_TAU,CERTIFIED,UNCONVERGED,INFRASTRUCTURE,false,2.2
experiments/tfpt-discovery/phi_bb_sign_probe.py,experiments/tfpt-discovery/phi_bb_sign_probe.py,r418,ATTACK,SCREW_SUBORDINATION_LSTAR,INCONCLUSIVE,NO_BRIDGE,LOAD_BEARING_OPEN,false,1.196
rh/problem/phi_bb_sign.pdf,rh/problem/phi_bb_sign.pdf,r418 companion,DOCUMENTATION,RHP_IIKS_TAU,KILLED,STRUCTURAL_MISMATCH,IDENTITY_SIDE,false,0.88
rh/problem/phi_bb_sign.tex,rh/problem/phi_bb_sign.tex,r418 companion,DOCUMENTATION,RHP_IIKS_TAU,KILLED,STRUCTURAL_MISMATCH,IDENTITY_SIDE,false,0.88
rh/problem/verify_phi_bb.py,rh/problem/verify_phi_bb.py,r418 companion,FOUNDATION,RHP_IIKS_TAU,CERTIFIED,STRUCTURAL_MISMATCH,INFRASTRUCTURE,false,2.2
experiments/tfpt-discovery/vacuous_overflow_probe.py,experiments/tfpt-discovery/vacuous_overflow_probe.py,r419,ATTACK,SCREW_SUBORDINATION_LSTAR,INCONCLUSIVE,UNCONVERGED,LOAD_BEARING_OPEN,false,1.196
rh/problem/vacuous_overflow.pdf,rh/problem/vacuous_overflow.pdf,r419 companion,DOCUMENTATION,RHP_IIKS_TAU,OPEN,UNCONVERGED,LOAD_BEARING_OPEN,false,0.6641
rh/problem/vacuous_overflow.tex,rh/problem/vacuous_overflow.tex,r419 companion,DOCUMENTATION,RHP_IIKS_TAU,OPEN,UNCONVERGED,LOAD_BEARING_OPEN,false,0.6641
rh/problem/verify_vacuous_overflow.py,rh/problem/verify_vacuous_overflow.py,r419 companion,FOUNDATION,RHP_IIKS_TAU,CERTIFIED,UNCONVERGED,INFRASTRUCTURE,false,2.2
experiments/tfpt-discovery/cj_sigma_probe.py,experiments/tfpt-discovery/cj_sigma_probe.py,r420,ATTACK,SCREW_SUBORDINATION_LSTAR,INCONCLUSIVE,LOSSY_CONSTANT,LOAD_BEARING_OPEN,false,1.196
rh/problem/cj_sigma.pdf,rh/problem/cj_sigma.pdf,r420 companion,DOCUMENTATION,OPERATOR_SPECTRAL,OPEN,LOSSY_CONSTANT,LOAD_BEARING_OPEN,false,0.6641
rh/problem/cj_sigma.tex,rh/problem/cj_sigma.tex,r420 companion,DOCUMENTATION,OPERATOR_SPECTRAL,OPEN,LOSSY_CONSTANT,LOAD_BEARING_OPEN,false,0.6641
rh/problem/verify_cj_sigma.py,rh/problem/verify_cj_sigma.py,r420 companion,FOUNDATION,OPERATOR_SPECTRAL,CERTIFIED,LOSSY_CONSTANT,INFRASTRUCTURE,false,2.2
experiments/tfpt-discovery/reserve_limit_probe.py,experiments/tfpt-discovery/reserve_limit_probe.py,r421,ATTACK,SCREW_SUBORDINATION_LSTAR,INCONCLUSIVE,UNCONVERGED,LOAD_BEARING_OPEN,false,1.196
rh/problem/reserve_limit.pdf,rh/problem/reserve_limit.pdf,r421 companion,DOCUMENTATION,OPERATOR_SPECTRAL,OPEN,UNCONVERGED,LOAD_BEARING_OPEN,false,0.6641
rh/problem/reserve_limit.tex,rh/problem/reserve_limit.tex,r421 companion,DOCUMENTATION,OPERATOR_SPECTRAL,OPEN,UNCONVERGED,LOAD_BEARING_OPEN,false,0.6641
rh/problem/verify_reserve_limit.py,rh/problem/verify_reserve_limit.py,r421 companion,FOUNDATION,OPERATOR_SPECTRAL,CERTIFIED,UNCONVERGED,INFRASTRUCTURE,false,2.2
experiments/tfpt-discovery/sigma_limit_probe.py,experiments/tfpt-discovery/sigma_limit_probe.py,r422,ATTACK,SCREW_SUBORDINATION_LSTAR,INCONCLUSIVE,UNCONVERGED,LOAD_BEARING_OPEN,false,1.196
rh/problem/sigma_limit.pdf,rh/problem/sigma_limit.pdf,r422 companion,DOCUMENTATION,OPERATOR_SPECTRAL,OPEN,UNCONVERGED,IDENTITY_SIDE,false,0.5775
rh/problem/sigma_limit.tex,rh/problem/sigma_limit.tex,r422 companion,DOCUMENTATION,OPERATOR_SPECTRAL,OPEN,UNCONVERGED,IDENTITY_SIDE,false,0.5775
rh/problem/verify_sigma_limit.py,rh/problem/verify_sigma_limit.py,r422 companion,FOUNDATION,OPERATOR_SPECTRAL,CERTIFIED,UNCONVERGED,INFRASTRUCTURE,false,2.2
experiments/tfpt-discovery/den_limit_probe.py,experiments/tfpt-discovery/den_limit_probe.py,r423,ATTACK,SCREW_SUBORDINATION_LSTAR,INCONCLUSIVE,UNCONVERGED,LOAD_BEARING_OPEN,false,1.196
rh/problem/den_limit.pdf,rh/problem/den_limit.pdf,r423 companion,DOCUMENTATION,OPERATOR_SPECTRAL,OPEN,UNCONVERGED,FINITE_FRAGMENT,false,0.5775
rh/problem/den_limit.tex,rh/problem/den_limit.tex,r423 companion,DOCUMENTATION,OPERATOR_SPECTRAL,OPEN,UNCONVERGED,FINITE_FRAGMENT,false,0.5775
rh/problem/verify_den_limit.py,rh/problem/verify_den_limit.py,r423 companion,FOUNDATION,OPERATOR_SPECTRAL,CERTIFIED,UNCONVERGED,INFRASTRUCTURE,false,2.2
experiments/tfpt-discovery/gamma_chain_probe.py,experiments/tfpt-discovery/gamma_chain_probe.py,r424,ATTACK,SCREW_SUBORDINATION_LSTAR,INCONCLUSIVE,NO_BRIDGE,LOAD_BEARING_OPEN,false,1.196
rh/problem/gamma_chain.pdf,rh/problem/gamma_chain.pdf,r424 companion,DOCUMENTATION,OPERATOR_SPECTRAL,OPEN,UNCONVERGED,LOAD_BEARING_OPEN,false,0.6641
rh/problem/gamma_chain.tex,rh/problem/gamma_chain.tex,r424 companion,DOCUMENTATION,OPERATOR_SPECTRAL,OPEN,UNCONVERGED,LOAD_BEARING_OPEN,false,0.6641
rh/problem/verify_gamma_chain.py,rh/problem/verify_gamma_chain.py,r424 companion,FOUNDATION,OPERATOR_SPECTRAL,CERTIFIED,UNCONVERGED,INFRASTRUCTURE,false,2.2
experiments/tfpt-discovery/cross_chain_gamma_probe.py,experiments/tfpt-discovery/cross_chain_gamma_probe.py,r425,REDUCTION,SCREW_SUBORDINATION_LSTAR,CERTIFIED,NO_BRIDGE,EQUIVALENCE,false,2.3
rh/problem/cross_chain_gamma.pdf,rh/problem/cross_chain_gamma.pdf,r425 companion,DOCUMENTATION,OPERATOR_SPECTRAL,OPEN,UNCONVERGED,LOAD_BEARING_OPEN,false,0.6641
rh/problem/cross_chain_gamma.tex,rh/problem/cross_chain_gamma.tex,r425 companion,DOCUMENTATION,OPERATOR_SPECTRAL,OPEN,UNCONVERGED,LOAD_BEARING_OPEN,false,0.6641
rh/problem/verify_cross_chain.py,rh/problem/verify_cross_chain.py,r425 companion,FOUNDATION,OPERATOR_SPECTRAL,CERTIFIED,UNCONVERGED,INFRASTRUCTURE,false,2.2
rh/lean/RH/EdgeBalance.lean,rh/lean/RH/EdgeBalance.lean,r426,FORMALIZATION,LEAN_FORMALIZATION,PROVED,NO_BRIDGE,INFRASTRUCTURE,false,2.75
experiments/tfpt-discovery/campaign_audit_probe.py,experiments/tfpt-discovery/campaign_audit_probe.py,r427,CONTROL,CERTIFICATE_INFRASTRUCTURE,MEASURED,NUMERIC_ARTIFACT,INFRASTRUCTURE,false,1.14
rh/problem/campaign_audit.pdf,rh/problem/campaign_audit.pdf,r427 companion,DOCUMENTATION,CERTIFICATE_INFRASTRUCTURE,SEALED,NUMERIC_ARTIFACT,INFRASTRUCTURE,false,0.495
rh/problem/campaign_audit.tex,rh/problem/campaign_audit.tex,r427 companion,DOCUMENTATION,CERTIFICATE_INFRASTRUCTURE,SEALED,NUMERIC_ARTIFACT,INFRASTRUCTURE,false,0.495
rh/problem/verify_campaign_audit.py,rh/problem/verify_campaign_audit.py,r427 companion,CONTROL,CERTIFICATE_INFRASTRUCTURE,CERTIFIED,NUMERIC_ARTIFACT,INFRASTRUCTURE,false,1.9
experiments/tfpt-discovery/qn_reopened_probe.py,experiments/tfpt-discovery/qn_reopened_probe.py,r428,ATTACK,SCREW_SUBORDINATION_LSTAR,INCONCLUSIVE,NO_BRIDGE,LOAD_BEARING_OPEN,false,1.196
rh/problem/qn_reopened.pdf,rh/problem/qn_reopened.pdf,r428 companion,DOCUMENTATION,RHP_IIKS_TAU,OPEN,UNCONVERGED,LOAD_BEARING_OPEN,false,0.6641
rh/problem/qn_reopened.tex,rh/problem/qn_reopened.tex,r428 companion,DOCUMENTATION,RHP_IIKS_TAU,OPEN,UNCONVERGED,LOAD_BEARING_OPEN,false,0.6641
rh/problem/verify_qn_reopened.py,rh/problem/verify_qn_reopened.py,r428 companion,ATTACK,RHP_IIKS_TAU,CERTIFIED,UNCONVERGED,INFRASTRUCTURE,false,2.6
experiments/tfpt-discovery/zloc_head_probe.py,experiments/tfpt-discovery/zloc_head_probe.py,r429,ATTACK,SIEVE_FACTORING_GEOMETRY,INCONCLUSIVE,LOSSY_CONSTANT,FINITE_FRAGMENT,false,1.04
rh/problem/verify_zloc_head.py,rh/problem/verify_zloc_head.py,r429 companion,ATTACK,RHP_IIKS_TAU,CERTIFIED,LOSSY_CONSTANT,INFRASTRUCTURE,false,2.6
rh/problem/zloc_head.pdf,rh/problem/zloc_head.pdf,r429 companion,DOCUMENTATION,RHP_IIKS_TAU,MEASURED,LOSSY_CONSTANT,FINITE_FRAGMENT,false,0.66
rh/problem/zloc_head.tex,rh/problem/zloc_head.tex,r429 companion,DOCUMENTATION,RHP_IIKS_TAU,MEASURED,LOSSY_CONSTANT,FINITE_FRAGMENT,false,0.66
rh/lean/RH/FrequentlySelected.lean,rh/lean/RH/FrequentlySelected.lean,r430,FORMALIZATION,LEAN_FORMALIZATION,PROVED,NOT_APPLICABLE,FINITE_FRAGMENT,false,2.75
experiments/tfpt-discovery/source_potapov_probe.py,experiments/tfpt-discovery/source_potapov_probe.py,r431,ATTACK,SCREW_SUBORDINATION_LSTAR,KILLED,STRUCTURAL_MISMATCH,LOAD_BEARING_OPEN,false,2.392
rh/problem/source_potapov.pdf,rh/problem/source_potapov.pdf,r431 companion,DOCUMENTATION,MELLIN_PICK_LEE_YANG,KILLED,STRUCTURAL_MISMATCH,IDENTITY_SIDE,false,0.88
rh/problem/source_potapov.tex,rh/problem/source_potapov.tex,r431 companion,DOCUMENTATION,MELLIN_PICK_LEE_YANG,KILLED,STRUCTURAL_MISMATCH,IDENTITY_SIDE,false,0.88
rh/problem/verify_source_potapov.py,rh/problem/verify_source_potapov.py,r431 companion,ATTACK,MELLIN_PICK_LEE_YANG,CERTIFIED,STRUCTURAL_MISMATCH,INFRASTRUCTURE,false,2.6
experiments/tfpt-discovery/r431_audit_probe.py,experiments/tfpt-discovery/r431_audit_probe.py,r431-AUDIT,CONTROL,CERTIFICATE_INFRASTRUCTURE,MEASURED,STRUCTURAL_MISMATCH,INFRASTRUCTURE,false,1.14
rh/problem/r431_audit.pdf,rh/problem/r431_audit.pdf,r431-AUDIT companion,DOCUMENTATION,CERTIFICATE_INFRASTRUCTURE,SEALED,NOT_APPLICABLE,INFRASTRUCTURE,false,0.495
rh/problem/r431_audit.tex,rh/problem/r431_audit.tex,r431-AUDIT companion,DOCUMENTATION,CERTIFICATE_INFRASTRUCTURE,SEALED,NOT_APPLICABLE,INFRASTRUCTURE,false,0.495
rh/problem/verify_r431_audit.py,rh/problem/verify_r431_audit.py,r431-AUDIT companion,CONTROL,CERTIFICATE_INFRASTRUCTURE,CERTIFIED,NOT_APPLICABLE,INFRASTRUCTURE,false,1.9
experiments/tfpt-discovery/edge_redheffer_probe.py,experiments/tfpt-discovery/edge_redheffer_probe.py,r433,REDUCTION,SCREW_SUBORDINATION_LSTAR,CERTIFIED,WORLD_BLIND,EQUIVALENCE,false,2.3
rh/problem/edge_redheffer.pdf,rh/problem/edge_redheffer.pdf,r433 companion,DOCUMENTATION,MELLIN_PICK_LEE_YANG,CERTIFIED,NOT_APPLICABLE,IDENTITY_SIDE,false,1.1
rh/problem/edge_redheffer.tex,rh/problem/edge_redheffer.tex,r433 companion,DOCUMENTATION,MELLIN_PICK_LEE_YANG,CERTIFIED,NOT_APPLICABLE,IDENTITY_SIDE,false,1.1
rh/problem/verify_edge_redheffer.py,rh/problem/verify_edge_redheffer.py,r433 companion,FOUNDATION,MELLIN_PICK_LEE_YANG,CERTIFIED,NOT_APPLICABLE,INFRASTRUCTURE,false,2.2
rh/lean/RH/InnerBridges.lean,rh/lean/RH/InnerBridges.lean,r434-r475,FORMALIZATION,TOEPLITZ_MOMENT_POSITIVITY,PROVED,NOT_APPLICABLE,FINITE_FRAGMENT,true,1.98
experiments/tfpt-discovery/p1_overload_probe.py,experiments/tfpt-discovery/p1_overload_probe.py,r435,ATTACK,SCREW_SUBORDINATION_LSTAR,INCONCLUSIVE,STRUCTURAL_MISMATCH,FINITE_FRAGMENT,false,1.04
rh/problem/p1_overload.pdf,rh/problem/p1_overload.pdf,r435 companion,DOCUMENTATION,OPERATOR_SPECTRAL,KILLED,STRUCTURAL_MISMATCH,FINITE_FRAGMENT,false,0.88
rh/problem/p1_overload.tex,rh/problem/p1_overload.tex,r435 companion,DOCUMENTATION,OPERATOR_SPECTRAL,KILLED,STRUCTURAL_MISMATCH,FINITE_FRAGMENT,false,0.88
rh/problem/verify_p1_overload.py,rh/problem/verify_p1_overload.py,r435 companion,ATTACK,OPERATOR_SPECTRAL,CERTIFIED,STRUCTURAL_MISMATCH,INFRASTRUCTURE,false,2.6
experiments/tfpt-discovery/p2_determinant_probe.py,experiments/tfpt-discovery/p2_determinant_probe.py,r436,REDUCTION,SCREW_SUBORDINATION_LSTAR,INCONCLUSIVE,LOSSY_CONSTANT,IDENTITY_SIDE,false,0.92
rh/problem/p2_determinant.pdf,rh/problem/p2_determinant.pdf,r436 companion,DOCUMENTATION,OPERATOR_SPECTRAL,RESTATED,LOSSY_CONSTANT,IDENTITY_SIDE,false,0.3025
rh/problem/p2_determinant.tex,rh/problem/p2_determinant.tex,r436 companion,DOCUMENTATION,OPERATOR_SPECTRAL,RESTATED,LOSSY_CONSTANT,IDENTITY_SIDE,false,0.3025
rh/problem/verify_p2_determinant.py,rh/problem/verify_p2_determinant.py,r436 companion,FOUNDATION,OPERATOR_SPECTRAL,CERTIFIED,LOSSY_CONSTANT,INFRASTRUCTURE,false,2.2
experiments/tfpt-discovery/evolutionary_certificate_probe.py,experiments/tfpt-discovery/evolutionary_certificate_probe.py,r438,ATTACK,CERTIFICATE_INFRASTRUCTURE,KILLED,NO_BRIDGE,LOAD_BEARING_OPEN,false,2.392
rh/problem/evolutionary_certificate.pdf,rh/problem/evolutionary_certificate.pdf,r438 companion,DOCUMENTATION,CERTIFICATE_INFRASTRUCTURE,KILLED,NO_BRIDGE,INFRASTRUCTURE,false,0.88
rh/problem/evolutionary_certificate.tex,rh/problem/evolutionary_certificate.tex,r438 companion,DOCUMENTATION,CERTIFICATE_INFRASTRUCTURE,KILLED,NO_BRIDGE,INFRASTRUCTURE,false,0.88
rh/problem/verify_evolutionary_cert.py,rh/problem/verify_evolutionary_cert.py,r438 companion,ATTACK,CERTIFICATE_INFRASTRUCTURE,CERTIFIED,NO_BRIDGE,INFRASTRUCTURE,false,2.6
experiments/tfpt-discovery/residual_loewner_probe.py,experiments/tfpt-discovery/residual_loewner_probe.py,r439,FOUNDATION,SCREW_SUBORDINATION_LSTAR,CERTIFIED,NO_BRIDGE,IDENTITY_SIDE,false,2.2
rh/problem/residual_loewner.pdf,rh/problem/residual_loewner.pdf,r439 companion,DOCUMENTATION,TOEPLITZ_MOMENT_POSITIVITY,CERTIFIED,NO_BRIDGE,IDENTITY_SIDE,false,1.1
rh/problem/residual_loewner.tex,rh/problem/residual_loewner.tex,r439 companion,DOCUMENTATION,TOEPLITZ_MOMENT_POSITIVITY,CERTIFIED,NO_BRIDGE,IDENTITY_SIDE,false,1.1
rh/problem/verify_residual_loewner.py,rh/problem/verify_residual_loewner.py,r439 companion,FOUNDATION,TOEPLITZ_MOMENT_POSITIVITY,CERTIFIED,NO_BRIDGE,INFRASTRUCTURE,false,2.2
experiments/tfpt-discovery/mean_tau_index_probe.py,experiments/tfpt-discovery/mean_tau_index_probe.py,r440,REDUCTION,SCREW_SUBORDINATION_LSTAR,INCONCLUSIVE,NO_BRIDGE,EQUIVALENCE,false,0.92
rh/problem/mean_tau_index.pdf,rh/problem/mean_tau_index.pdf,r440 companion,DOCUMENTATION,RHP_IIKS_TAU,OPEN,UNCONVERGED,LOAD_BEARING_OPEN,false,0.6641
rh/problem/mean_tau_index.tex,rh/problem/mean_tau_index.tex,r440 companion,DOCUMENTATION,RHP_IIKS_TAU,OPEN,UNCONVERGED,LOAD_BEARING_OPEN,false,0.6641
rh/problem/verify_mean_tau.py,rh/problem/verify_mean_tau.py,r440 companion,FOUNDATION,RHP_IIKS_TAU,CERTIFIED,UNCONVERGED,INFRASTRUCTURE,false,2.2
experiments/tfpt-discovery/diag_lifts_loewner_probe.py,experiments/tfpt-discovery/diag_lifts_loewner_probe.py,r441,REDUCTION,SCREW_SUBORDINATION_LSTAR,INCONCLUSIVE,STRUCTURAL_MISMATCH,IDENTITY_SIDE,false,0.92
rh/problem/diag_lifts_loewner.pdf,rh/problem/diag_lifts_loewner.pdf,r441 companion,DOCUMENTATION,TOEPLITZ_MOMENT_POSITIVITY,RESTATED,STRUCTURAL_MISMATCH,IDENTITY_SIDE,false,0.3025
rh/problem/diag_lifts_loewner.tex,rh/problem/diag_lifts_loewner.tex,r441 companion,DOCUMENTATION,TOEPLITZ_MOMENT_POSITIVITY,RESTATED,STRUCTURAL_MISMATCH,IDENTITY_SIDE,false,0.3025
rh/problem/verify_diag_lifts.py,rh/problem/verify_diag_lifts.py,r441 companion,FOUNDATION,TOEPLITZ_MOMENT_POSITIVITY,CERTIFIED,STRUCTURAL_MISMATCH,INFRASTRUCTURE,false,2.2
experiments/tfpt-discovery/block_mean_probe.py,experiments/tfpt-discovery/block_mean_probe.py,r442,REDUCTION,SCREW_SUBORDINATION_LSTAR,INCONCLUSIVE,LOSSY_CONSTANT,EQUIVALENCE,false,0.92
rh/problem/block_mean.pdf,rh/problem/block_mean.pdf,r442 companion,DOCUMENTATION,RHP_IIKS_TAU,OPEN,UNCONVERGED,LOAD_BEARING_OPEN,false,0.6641
rh/problem/block_mean.tex,rh/problem/block_mean.tex,r442 companion,DOCUMENTATION,RHP_IIKS_TAU,OPEN,UNCONVERGED,LOAD_BEARING_OPEN,false,0.6641
rh/problem/verify_block_mean.py,rh/problem/verify_block_mean.py,r442 companion,FOUNDATION,RHP_IIKS_TAU,CERTIFIED,UNCONVERGED,INFRASTRUCTURE,false,2.2
experiments/tfpt-discovery/delta_floor_probe.py,experiments/tfpt-discovery/delta_floor_probe.py,r443,ATTACK,SCREW_SUBORDINATION_LSTAR,INCONCLUSIVE,UNCONVERGED,LOAD_BEARING_OPEN,false,1.196
rh/problem/delta_floor.pdf,rh/problem/delta_floor.pdf,r443 companion,DOCUMENTATION,RHP_IIKS_TAU,OPEN,UNCONVERGED,LOAD_BEARING_OPEN,false,0.6641
rh/problem/delta_floor.tex,rh/problem/delta_floor.tex,r443 companion,DOCUMENTATION,RHP_IIKS_TAU,OPEN,UNCONVERGED,LOAD_BEARING_OPEN,false,0.6641
rh/problem/verify_delta_floor.py,rh/problem/verify_delta_floor.py,r443 companion,FOUNDATION,RHP_IIKS_TAU,CERTIFIED,UNCONVERGED,INFRASTRUCTURE,false,2.2
experiments/tfpt-discovery/signed_border_mean_probe.py,experiments/tfpt-discovery/signed_border_mean_probe.py,r444,ATTACK,SCREW_SUBORDINATION_LSTAR,KILLED,CIRCULAR,LOAD_BEARING_OPEN,false,2.392
rh/problem/signed_border_mean.pdf,rh/problem/signed_border_mean.pdf,r444 companion,DOCUMENTATION,RHP_IIKS_TAU,KILLED,CIRCULAR,IDENTITY_SIDE,false,0.88
rh/problem/signed_border_mean.tex,rh/problem/signed_border_mean.tex,r444 companion,DOCUMENTATION,RHP_IIKS_TAU,KILLED,CIRCULAR,IDENTITY_SIDE,false,0.88
rh/problem/verify_signed_border.py,rh/problem/verify_signed_border.py,r444 companion,FOUNDATION,RHP_IIKS_TAU,CERTIFIED,CIRCULAR,INFRASTRUCTURE,false,2.2
experiments/tfpt-discovery/deep_builder_probe.py,experiments/tfpt-discovery/deep_builder_probe.py,r445,TOOLING,CERTIFICATE_INFRASTRUCTURE,MEASURED,NUMERIC_ARTIFACT,INFRASTRUCTURE,false,0.6
rh/problem/deep_builder.pdf,rh/problem/deep_builder.pdf,r445 companion,DOCUMENTATION,CERTIFICATE_INFRASTRUCTURE,MEASURED,UNCONVERGED,INFRASTRUCTURE,false,0.66
rh/problem/deep_builder.tex,rh/problem/deep_builder.tex,r445 companion,DOCUMENTATION,CERTIFICATE_INFRASTRUCTURE,MEASURED,UNCONVERGED,INFRASTRUCTURE,false,0.66
rh/problem/verify_deep_builder.py,rh/problem/verify_deep_builder.py,r445 companion,TOOLING,CERTIFICATE_INFRASTRUCTURE,CERTIFIED,UNCONVERGED,INFRASTRUCTURE,false,1
experiments/tfpt-discovery/deep_abd_probe.py,experiments/tfpt-discovery/deep_abd_probe.py,r446,CONTROL,CERTIFICATE_INFRASTRUCTURE,CERTIFIED,NOT_APPLICABLE,INFRASTRUCTURE,false,1.9
rh/problem/deep_abd.pdf,rh/problem/deep_abd.pdf,r446 companion,DOCUMENTATION,CERTIFICATE_INFRASTRUCTURE,CERTIFIED,UNCONVERGED,INFRASTRUCTURE,false,1.1
rh/problem/deep_abd.tex,rh/problem/deep_abd.tex,r446 companion,DOCUMENTATION,CERTIFICATE_INFRASTRUCTURE,CERTIFIED,UNCONVERGED,INFRASTRUCTURE,false,1.1
rh/problem/verify_deep_abd.py,rh/problem/verify_deep_abd.py,r446 companion,CONTROL,CERTIFICATE_INFRASTRUCTURE,CERTIFIED,UNCONVERGED,INFRASTRUCTURE,false,1.9
experiments/tfpt-discovery/exact_atom_probe.py,experiments/tfpt-discovery/exact_atom_probe.py,r447,CONTROL,CERTIFICATE_INFRASTRUCTURE,KILLED,NOT_APPLICABLE,INFRASTRUCTURE,false,1.52
rh/problem/exact_atom.pdf,rh/problem/exact_atom.pdf,r447 companion,DOCUMENTATION,CERTIFICATE_INFRASTRUCTURE,KILLED,STRUCTURAL_MISMATCH,INFRASTRUCTURE,false,0.88
rh/problem/exact_atom.tex,rh/problem/exact_atom.tex,r447 companion,DOCUMENTATION,CERTIFICATE_INFRASTRUCTURE,KILLED,STRUCTURAL_MISMATCH,INFRASTRUCTURE,false,0.88
rh/problem/verify_exact_atom.py,rh/problem/verify_exact_atom.py,r447 companion,CONTROL,CERTIFICATE_INFRASTRUCTURE,CERTIFIED,STRUCTURAL_MISMATCH,INFRASTRUCTURE,false,1.9
experiments/tfpt-discovery/exact_band_probe.py,experiments/tfpt-discovery/exact_band_probe.py,r448,CONTROL,CERTIFICATE_INFRASTRUCTURE,KILLED,STRUCTURAL_MISMATCH,FINITE_FRAGMENT,false,1.52
rh/problem/exact_band.pdf,rh/problem/exact_band.pdf,r448 companion,DOCUMENTATION,CERTIFICATE_INFRASTRUCTURE,KILLED,STRUCTURAL_MISMATCH,INFRASTRUCTURE,false,0.88
rh/problem/exact_band.tex,rh/problem/exact_band.tex,r448 companion,DOCUMENTATION,CERTIFICATE_INFRASTRUCTURE,KILLED,STRUCTURAL_MISMATCH,INFRASTRUCTURE,false,0.88
rh/problem/verify_exact_band.py,rh/problem/verify_exact_band.py,r448 companion,CONTROL,CERTIFICATE_INFRASTRUCTURE,CERTIFIED,STRUCTURAL_MISMATCH,INFRASTRUCTURE,false,1.9
experiments/tfpt-discovery/flip_vs_stab_probe.py,experiments/tfpt-discovery/flip_vs_stab_probe.py,r449,FOUNDATION,SCREW_SUBORDINATION_LSTAR,MEASURED,NOT_APPLICABLE,IDENTITY_SIDE,false,1.32
rh/problem/flip_vs_stab.pdf,rh/problem/flip_vs_stab.pdf,r449 companion,DOCUMENTATION,CERTIFICATE_INFRASTRUCTURE,MEASURED,NOT_APPLICABLE,FINITE_FRAGMENT,false,0.66
rh/problem/flip_vs_stab.tex,rh/problem/flip_vs_stab.tex,r449 companion,DOCUMENTATION,CERTIFICATE_INFRASTRUCTURE,MEASURED,NOT_APPLICABLE,FINITE_FRAGMENT,false,0.66
rh/problem/verify_flip_vs_stab.py,rh/problem/verify_flip_vs_stab.py,r449 companion,CONTROL,CERTIFICATE_INFRASTRUCTURE,CERTIFIED,NOT_APPLICABLE,INFRASTRUCTURE,false,1.9
experiments/tfpt-discovery/prefix_mincut_probe.py,experiments/tfpt-discovery/prefix_mincut_probe.py,r450,ATTACK,SCREW_SUBORDINATION_LSTAR,INCONCLUSIVE,UNCONVERGED,EQUIVALENCE,false,1.04
rh/problem/prefix_mincut.pdf,rh/problem/prefix_mincut.pdf,r450 companion,DOCUMENTATION,SCREW_SUBORDINATION_LSTAR,INCONCLUSIVE,NO_BRIDGE,LOAD_BEARING_OPEN,false,0.506
rh/problem/prefix_mincut.tex,rh/problem/prefix_mincut.tex,r450 companion,DOCUMENTATION,OPERATOR_SPECTRAL,OPEN,STRUCTURAL_MISMATCH,EQUIVALENCE,false,0.5775
rh/problem/verify_prefix_mincut.py,rh/problem/verify_prefix_mincut.py,r450 companion,REDUCTION,OPERATOR_SPECTRAL,CERTIFIED,STRUCTURAL_MISMATCH,INFRASTRUCTURE,false,2.3
experiments/tfpt-discovery/nstab_transition_probe.py,experiments/tfpt-discovery/nstab_transition_probe.py,r451,FOUNDATION,SCREW_SUBORDINATION_LSTAR,MEASURED,NOT_APPLICABLE,IDENTITY_SIDE,false,1.32
rh/problem/nstab_transition.pdf,rh/problem/nstab_transition.pdf,r451 companion,DOCUMENTATION,SCREW_SUBORDINATION_LSTAR,MEASURED,NOT_APPLICABLE,IDENTITY_SIDE,false,0.66
rh/problem/nstab_transition.tex,rh/problem/nstab_transition.tex,r451 companion,FOUNDATION,SCREW_SUBORDINATION_LSTAR,MEASURED,NOT_APPLICABLE,IDENTITY_SIDE,false,1.32
rh/problem/verify_nstab_transition.py,rh/problem/verify_nstab_transition.py,r451 companion,CONTROL,SCREW_SUBORDINATION_LSTAR,MEASURED,NOT_APPLICABLE,INFRASTRUCTURE,false,1.14
experiments/tfpt-discovery/plateau_theorem_probe.py,experiments/tfpt-discovery/plateau_theorem_probe.py,r452,FOUNDATION,SCREW_SUBORDINATION_LSTAR,PROVED,UNCONVERGED,IDENTITY_SIDE,false,2.42
rh/problem/plateau_theorem.pdf,rh/problem/plateau_theorem.pdf,r452 companion,DOCUMENTATION,SCREW_SUBORDINATION_LSTAR,PROVED,NO_BRIDGE,IDENTITY_SIDE,false,1.21
rh/problem/plateau_theorem.tex,rh/problem/plateau_theorem.tex,r452 companion,FOUNDATION,SCREW_SUBORDINATION_LSTAR,PROVED,NO_BRIDGE,IDENTITY_SIDE,false,2.42
rh/problem/verify_plateau_theorem.py,rh/problem/verify_plateau_theorem.py,r452 companion,CONTROL,SCREW_SUBORDINATION_LSTAR,PROVED,NO_BRIDGE,INFRASTRUCTURE,false,2.09
experiments/tfpt-discovery/border_mass_probe.py,experiments/tfpt-discovery/border_mass_probe.py,r453,FOUNDATION,SCREW_SUBORDINATION_LSTAR,PROVED,NOT_APPLICABLE,IDENTITY_SIDE,false,2.42
rh/problem/border_mass.pdf,rh/problem/border_mass.pdf,r453 companion,DOCUMENTATION,SCREW_SUBORDINATION_LSTAR,PROVED,NOT_APPLICABLE,IDENTITY_SIDE,false,1.21
rh/problem/border_mass.tex,rh/problem/border_mass.tex,r453 companion,FOUNDATION,SCREW_SUBORDINATION_LSTAR,PROVED,NOT_APPLICABLE,IDENTITY_SIDE,false,2.42
rh/problem/verify_border_mass.py,rh/problem/verify_border_mass.py,r453 companion,CONTROL,SCREW_SUBORDINATION_LSTAR,PROVED,NOT_APPLICABLE,INFRASTRUCTURE,false,2.09
rh/problem/interval_cert.tex,rh/problem/interval_cert.tex,r453-r463,DOCUMENTATION,LEAN_FORMALIZATION,CERTIFIED,NOT_APPLICABLE,INFRASTRUCTURE,true,0.792
experiments/tfpt-discovery/limit_object_probe.py,experiments/tfpt-discovery/limit_object_probe.py,r454,FOUNDATION,SCREW_SUBORDINATION_LSTAR,MEASURED,UNCONVERGED,IDENTITY_SIDE,false,1.32
rh/problem/limit_object.pdf,rh/problem/limit_object.pdf,r454 companion,DOCUMENTATION,SCREW_SUBORDINATION_LSTAR,MEASURED,UNCONVERGED,IDENTITY_SIDE,false,0.66
rh/problem/limit_object.tex,rh/problem/limit_object.tex,r454 companion,FOUNDATION,SCREW_SUBORDINATION_LSTAR,MEASURED,UNCONVERGED,IDENTITY_SIDE,false,1.32
rh/problem/verify_limit_object.py,rh/problem/verify_limit_object.py,r454 companion,CONTROL,SCREW_SUBORDINATION_LSTAR,MEASURED,UNCONVERGED,INFRASTRUCTURE,false,1.14
experiments/tfpt-discovery/arch_chain_probe.py,experiments/tfpt-discovery/arch_chain_probe.py,r455,FOUNDATION,SCREW_SUBORDINATION_LSTAR,PROVED,NOT_APPLICABLE,IDENTITY_SIDE,false,2.42
rh/problem/arch_chain.pdf,rh/problem/arch_chain.pdf,r455 companion,DOCUMENTATION,SCREW_SUBORDINATION_LSTAR,PROVED,NOT_APPLICABLE,IDENTITY_SIDE,false,1.21
rh/problem/arch_chain.tex,rh/problem/arch_chain.tex,r455 companion,FOUNDATION,SCREW_SUBORDINATION_LSTAR,PROVED,NOT_APPLICABLE,IDENTITY_SIDE,false,2.42
rh/problem/verify_arch_chain.py,rh/problem/verify_arch_chain.py,r455 companion,CONTROL,SCREW_SUBORDINATION_LSTAR,PROVED,NOT_APPLICABLE,INFRASTRUCTURE,false,2.09
experiments/tfpt-discovery/vacuity_redteam_probe.py,experiments/tfpt-discovery/vacuity_redteam_probe.py,r456,CONTROL,SCREW_SUBORDINATION_LSTAR,KILLED,WORLD_BLIND,EQUIVALENCE,false,1.52
rh/problem/vacuity_redteam.pdf,rh/problem/vacuity_redteam.pdf,r456 companion,DOCUMENTATION,SCREW_SUBORDINATION_LSTAR,KILLED,WORLD_BLIND,FINITE_FRAGMENT,false,0.88
rh/problem/vacuity_redteam.tex,rh/problem/vacuity_redteam.tex,r456 companion,CONTROL,SCREW_SUBORDINATION_LSTAR,KILLED,WORLD_BLIND,FINITE_FRAGMENT,false,1.52
rh/problem/verify_vacuity_redteam.py,rh/problem/verify_vacuity_redteam.py,r456 companion,CONTROL,SCREW_SUBORDINATION_LSTAR,KILLED,WORLD_BLIND,INFRASTRUCTURE,false,1.52
experiments/tfpt-discovery/jp_increment_probe.py,experiments/tfpt-discovery/jp_increment_probe.py,r457,ATTACK,SCREW_SUBORDINATION_LSTAR,KILLED,LOSSY_CONSTANT,LOAD_BEARING_OPEN,false,2.392
rh/problem/jp_increment.pdf,rh/problem/jp_increment.pdf,r457 companion,DOCUMENTATION,SCREW_SUBORDINATION_LSTAR,KILLED,LOSSY_CONSTANT,LOAD_BEARING_OPEN,false,1.012
rh/problem/jp_increment.tex,rh/problem/jp_increment.tex,r457 companion,FOUNDATION,SCREW_SUBORDINATION_LSTAR,KILLED,LOSSY_CONSTANT,LOAD_BEARING_OPEN,false,2.024
rh/problem/verify_jp_increment.py,rh/problem/verify_jp_increment.py,r457 companion,CONTROL,SCREW_SUBORDINATION_LSTAR,MEASURED,LOSSY_CONSTANT,INFRASTRUCTURE,false,1.14
experiments/tfpt-discovery/cofinal_family_probe.py,experiments/tfpt-discovery/cofinal_family_probe.py,r458,FOUNDATION,SCREW_SUBORDINATION_LSTAR,INCONCLUSIVE,NUMERIC_ARTIFACT,FINITE_FRAGMENT,false,0.88
rh/problem/cofinal_family.pdf,rh/problem/cofinal_family.pdf,r458 companion,DOCUMENTATION,SCREW_SUBORDINATION_LSTAR,INCONCLUSIVE,NUMERIC_ARTIFACT,LOAD_BEARING_OPEN,false,0.506
rh/problem/cofinal_family.tex,rh/problem/cofinal_family.tex,r458 companion,FOUNDATION,SCREW_SUBORDINATION_LSTAR,INCONCLUSIVE,NUMERIC_ARTIFACT,LOAD_BEARING_OPEN,false,1.012
rh/problem/verify_cofinal_family.py,rh/problem/verify_cofinal_family.py,r458 companion,CONTROL,SCREW_SUBORDINATION_LSTAR,INCONCLUSIVE,NUMERIC_ARTIFACT,INFRASTRUCTURE,false,0.76
experiments/tfpt-discovery/interval_cert_probe.py,experiments/tfpt-discovery/interval_cert_probe.py,r458-r465,ATTACK,TOEPLITZ_MOMENT_POSITIVITY,CERTIFIED,NOT_APPLICABLE,FINITE_FRAGMENT,true,1.872
experiments/tfpt-discovery/fullcomb_cleanup_probe.py,experiments/tfpt-discovery/fullcomb_cleanup_probe.py,r459,CONTROL,SCREW_SUBORDINATION_LSTAR,MEASURED,NUMERIC_ARTIFACT,FINITE_FRAGMENT,false,1.14
rh/problem/narrowband_weil.tex,rh/problem/narrowband_weil.tex,r459,DOCUMENTATION,WEIL_POSITIVITY_WINDOWS,OPEN,NOT_APPLICABLE,INFRASTRUCTURE,true,0.4158
rh/problem/verify_gapmap.py,rh/problem/verify_gapmap.py,r459,FORMALIZATION,LEAN_FORMALIZATION,OPEN,NOT_APPLICABLE,INFRASTRUCTURE,true,0.945
rh/problem/verify_narrowband_weil.py,rh/problem/verify_narrowband_weil.py,r459,FORMALIZATION,WEIL_POSITIVITY_WINDOWS,OPEN,NOT_APPLICABLE,FINITE_FRAGMENT,true,0.945
rh/problem/fullcomb_cleanup.pdf,rh/problem/fullcomb_cleanup.pdf,r459 companion,DOCUMENTATION,SCREW_SUBORDINATION_LSTAR,MEASURED,NUMERIC_ARTIFACT,LOAD_BEARING_OPEN,false,0.759
rh/problem/fullcomb_cleanup.tex,rh/problem/fullcomb_cleanup.tex,r459 companion,FOUNDATION,SCREW_SUBORDINATION_LSTAR,MEASURED,NUMERIC_ARTIFACT,LOAD_BEARING_OPEN,false,1.518
rh/problem/verify_fullcomb_cleanup.py,rh/problem/verify_fullcomb_cleanup.py,r459 companion,CONTROL,SCREW_SUBORDINATION_LSTAR,KILLED,NUMERIC_ARTIFACT,INFRASTRUCTURE,false,1.52
rh/problem/verify_interval_cert.py,rh/problem/verify_interval_cert.py,r459-r463,FOUNDATION,LEAN_FORMALIZATION,CERTIFIED,NOT_APPLICABLE,INFRASTRUCTURE,true,1.584
experiments/tfpt-discovery/race_proof_probe.py,experiments/tfpt-discovery/race_proof_probe.py,r460,ATTACK,SCREW_SUBORDINATION_LSTAR,INCONCLUSIVE,LOSSY_CONSTANT,LOAD_BEARING_OPEN,false,1.196
rh/problem/race_proof.pdf,rh/problem/race_proof.pdf,r460 companion,DOCUMENTATION,SCREW_SUBORDINATION_LSTAR,INCONCLUSIVE,NO_BRIDGE,LOAD_BEARING_OPEN,false,0.506
rh/problem/race_proof.tex,rh/problem/race_proof.tex,r460 companion,ATTACK,SCREW_SUBORDINATION_LSTAR,INCONCLUSIVE,NO_BRIDGE,LOAD_BEARING_OPEN,false,1.196
rh/problem/verify_race_proof.py,rh/problem/verify_race_proof.py,r460 companion,CONTROL,SCREW_SUBORDINATION_LSTAR,INCONCLUSIVE,NO_BRIDGE,INFRASTRUCTURE,false,0.76
experiments/tfpt-discovery/narrowband_weil_probe.py,experiments/tfpt-discovery/narrowband_weil_probe.py,r461/r638L,ATTACK,WEIL_POSITIVITY_WINDOWS,INCONCLUSIVE,NO_BRIDGE,EQUIVALENCE,false,1.04
experiments/tfpt-discovery/gapmap_probe.py,experiments/tfpt-discovery/gapmap_probe.py,r462,CONTROL,LEAN_FORMALIZATION,MEASURED,STRUCTURAL_MISMATCH,INFRASTRUCTURE,false,1.14
rh/problem/verify_lean_fidelity.py,rh/problem/verify_lean_fidelity.py,r463,TOOLING,LEAN_FORMALIZATION,SEALED,NOT_APPLICABLE,INFRASTRUCTURE,false,0.45
experiments/tfpt-discovery/lean_fidelity_probe.py,experiments/tfpt-discovery/lean_fidelity_probe.py,r463/r638L,FORMALIZATION,LEAN_FORMALIZATION,CERTIFIED,NO_BRIDGE,EQUIVALENCE,false,2.5
rh/problem/inner_bridges.tex,rh/problem/inner_bridges.tex,r464,DOCUMENTATION,LEAN_FORMALIZATION,OPEN,NOT_APPLICABLE,INFRASTRUCTURE,true,0.4158
rh/problem/verify_inner_bridges.py,rh/problem/verify_inner_bridges.py,r464,TOOLING,LEAN_FORMALIZATION,SEALED,NOT_APPLICABLE,INFRASTRUCTURE,false,0.45
experiments/tfpt-discovery/inner_bridges_probe.py,experiments/tfpt-discovery/inner_bridges_probe.py,r464/r638L,FORMALIZATION,LEAN_FORMALIZATION,PROVED,NO_BRIDGE,FINITE_FRAGMENT,false,2.75
experiments/tfpt-discovery/overlap_mechanism_probe.py,experiments/tfpt-discovery/overlap_mechanism_probe.py,r467,ATTACK,WEIL_POSITIVITY_WINDOWS,KILLED,LOSSY_CONSTANT,LOAD_BEARING_OPEN,false,2.392
rh/problem/overlap_mechanism.pdf,rh/problem/overlap_mechanism.pdf,r467 companion,DOCUMENTATION,SCREW_SUBORDINATION_LSTAR,KILLED,STRUCTURAL_MISMATCH,LOAD_BEARING_OPEN,false,1.012
rh/problem/overlap_mechanism.tex,rh/problem/overlap_mechanism.tex,r467 companion,ATTACK,SCREW_SUBORDINATION_LSTAR,KILLED,STRUCTURAL_MISMATCH,LOAD_BEARING_OPEN,false,2.392
rh/problem/verify_overlap_mechanism.py,rh/problem/verify_overlap_mechanism.py,r467 companion,CONTROL,SCREW_SUBORDINATION_LSTAR,KILLED,STRUCTURAL_MISMATCH,INFRASTRUCTURE,false,1.52
experiments/tfpt-discovery/octave_renorm_probe.py,experiments/tfpt-discovery/octave_renorm_probe.py,r468,ATTACK,SCREW_SUBORDINATION_LSTAR,KILLED,RESTATEMENT,LOAD_BEARING_OPEN,false,2.392
rh/problem/octave_renorm.pdf,rh/problem/octave_renorm.pdf,r468 companion,DOCUMENTATION,SCREW_SUBORDINATION_LSTAR,KILLED,RESTATEMENT,LOAD_BEARING_OPEN,false,1.012
rh/problem/octave_renorm.tex,rh/problem/octave_renorm.tex,r468 companion,REDUCTION,SCREW_SUBORDINATION_LSTAR,KILLED,RESTATEMENT,LOAD_BEARING_OPEN,false,2.116
rh/problem/verify_octave_renorm.py,rh/problem/verify_octave_renorm.py,r468 companion,CONTROL,SCREW_SUBORDINATION_LSTAR,KILLED,RESTATEMENT,INFRASTRUCTURE,false,1.52
rh/problem/correlation_wall_judgment.pdf,rh/problem/correlation_wall_judgment.pdf,r469,DOCUMENTATION,EXTERNAL_ADJUDICATION,SEALED,RESTATEMENT,EQUIVALENCE,false,0.495
rh/problem/correlation_wall_judgment.tex,rh/problem/correlation_wall_judgment.tex,r469,DOCUMENTATION,EXTERNAL_ADJUDICATION,SEALED,RESTATEMENT,EQUIVALENCE,false,0.495
experiments/tfpt-discovery/quadrep_probe.py,experiments/tfpt-discovery/quadrep_probe.py,r470,ATTACK,WEIL_POSITIVITY_WINDOWS,SEALED,STRUCTURAL_MISMATCH,FINITE_FRAGMENT,false,1.17
rh/problem/quadrep.pdf,rh/problem/quadrep.pdf,r470,DOCUMENTATION,SCREW_SUBORDINATION_LSTAR,SEALED,STRUCTURAL_MISMATCH,FINITE_FRAGMENT,false,0.495
rh/problem/quadrep.tex,rh/problem/quadrep.tex,r470,REDUCTION,SCREW_SUBORDINATION_LSTAR,SEALED,STRUCTURAL_MISMATCH,FINITE_FRAGMENT,false,1.035
rh/problem/verify_quadrep.py,rh/problem/verify_quadrep.py,r470 companion/r638L,CONTROL,SCREW_SUBORDINATION_LSTAR,SEALED,STRUCTURAL_MISMATCH,INFRASTRUCTURE,false,0.855
experiments/tfpt-discovery/classical_cert_probe.py,experiments/tfpt-discovery/classical_cert_probe.py,r471,CERTIFICATE,WEIL_POSITIVITY_WINDOWS,CERTIFIED,NOT_APPLICABLE,FINITE_FRAGMENT,false,2.8
rh/problem/classical_cert.pdf,rh/problem/classical_cert.pdf,r471,DOCUMENTATION,WEIL_POSITIVITY_WINDOWS,CERTIFIED,NO_BRIDGE,FINITE_FRAGMENT,false,1.1
rh/problem/classical_cert.tex,rh/problem/classical_cert.tex,r471,CERTIFICATE,WEIL_POSITIVITY_WINDOWS,CERTIFIED,NO_BRIDGE,FINITE_FRAGMENT,false,2.8
rh/problem/verify_classical_cert.py,rh/problem/verify_classical_cert.py,r471 companion,CONTROL,WEIL_POSITIVITY_WINDOWS,CERTIFIED,NO_BRIDGE,INFRASTRUCTURE,false,1.9
experiments/tfpt-discovery/extraction_joint_probe.py,experiments/tfpt-discovery/extraction_joint_probe.py,r473,FOUNDATION,WEIL_POSITIVITY_WINDOWS,SEALED,STRUCTURAL_MISMATCH,IDENTITY_SIDE,false,0.99
rh/problem/extraction_joint.pdf,rh/problem/extraction_joint.pdf,r473,DOCUMENTATION,SCREW_SUBORDINATION_LSTAR,SEALED,NO_BRIDGE,IDENTITY_SIDE,false,0.495
rh/problem/extraction_joint.tex,rh/problem/extraction_joint.tex,r473,REDUCTION,SCREW_SUBORDINATION_LSTAR,SEALED,NO_BRIDGE,IDENTITY_SIDE,false,1.035
rh/problem/verify_extraction_joint.py,rh/problem/verify_extraction_joint.py,r473 companion/r638L,CONTROL,SCREW_SUBORDINATION_LSTAR,SEALED,NO_BRIDGE,INFRASTRUCTURE,false,0.855
experiments/tfpt-discovery/modulus_upgrade_probe.py,experiments/tfpt-discovery/modulus_upgrade_probe.py,r474,ATTACK,WEIL_POSITIVITY_WINDOWS,INCONCLUSIVE,UNCONVERGED,LOAD_BEARING_OPEN,false,1.196
rh/problem/modulus_upgrade.pdf,rh/problem/modulus_upgrade.pdf,r474,DOCUMENTATION,WEIL_POSITIVITY_WINDOWS,INCONCLUSIVE,LOSSY_CONSTANT,FINITE_FRAGMENT,false,0.44
rh/problem/modulus_upgrade.tex,rh/problem/modulus_upgrade.tex,r474,ATTACK,WEIL_POSITIVITY_WINDOWS,INCONCLUSIVE,LOSSY_CONSTANT,FINITE_FRAGMENT,false,1.04
rh/problem/verify_modulus_upgrade.py,rh/problem/verify_modulus_upgrade.py,r474 companion,CONTROL,WEIL_POSITIVITY_WINDOWS,INCONCLUSIVE,LOSSY_CONSTANT,INFRASTRUCTURE,false,0.76
rh/catalog/map/make_seeds.py,rh/catalog/map/make_seeds.py,r475,TOOLING,WEIL_POSITIVITY_WINDOWS,OPEN,NOT_APPLICABLE,INFRASTRUCTURE,true,0.378
rh/problem/arch_rate.pdf,rh/problem/arch_rate.pdf,r475,DOCUMENTATION,EXPLICIT_FORMULA_IDENTITY,PROVED,NO_BRIDGE,IDENTITY_SIDE,false,1.21
rh/problem/arch_rate.tex,rh/problem/arch_rate.tex,r475,FOUNDATION,EXPLICIT_FORMULA_IDENTITY,PROVED,NO_BRIDGE,IDENTITY_SIDE,false,2.42
rh/problem/verify_arch_rate.py,rh/problem/verify_arch_rate.py,r475 companion/r638L,CONTROL,EXPLICIT_FORMULA_IDENTITY,PROVED,NO_BRIDGE,INFRASTRUCTURE,false,2.09
rh/lean/RH/SelectedArchErrorQuadraticRateClassical.lean,rh/lean/RH/SelectedArchErrorQuadraticRateClassical.lean,r475-repair,FORMALIZATION,LEAN_FORMALIZATION,KILLED,LOSSY_CONSTANT,IDENTITY_SIDE,false,2
experiments/tfpt-discovery/arch_rate_probe.py,experiments/tfpt-discovery/arch_rate_probe.py,r475/r638L,FOUNDATION,EXPLICIT_FORMULA_IDENTITY,PROVED,UNCONVERGED,IDENTITY_SIDE,false,2.42
experiments/tfpt-discovery/crossterm_probe.py,experiments/tfpt-discovery/crossterm_probe.py,r476,CERTIFICATE,WEIL_POSITIVITY_WINDOWS,CERTIFIED,NOT_APPLICABLE,FINITE_FRAGMENT,false,2.8
rh/problem/crossterm.pdf,rh/problem/crossterm.pdf,r476,DOCUMENTATION,WEIL_POSITIVITY_WINDOWS,CERTIFIED,NOT_APPLICABLE,FINITE_FRAGMENT,false,1.1
rh/problem/crossterm.tex,rh/problem/crossterm.tex,r476,CERTIFICATE,WEIL_POSITIVITY_WINDOWS,CERTIFIED,NOT_APPLICABLE,FINITE_FRAGMENT,false,2.8
rh/problem/verify_crossterm.py,rh/problem/verify_crossterm.py,r476 companion,CONTROL,WEIL_POSITIVITY_WINDOWS,CERTIFIED,NOT_APPLICABLE,INFRASTRUCTURE,false,1.9
experiments/tfpt-discovery/highmode_probe.py,experiments/tfpt-discovery/highmode_probe.py,r477,REDUCTION,WEIL_POSITIVITY_WINDOWS,SEALED,LOSSY_CONSTANT,LOAD_BEARING_OPEN,false,1.1902
rh/problem/highmode.pdf,rh/problem/highmode.pdf,r477,DOCUMENTATION,WEIL_POSITIVITY_WINDOWS,SEALED,LOSSY_CONSTANT,FINITE_FRAGMENT,false,0.495
rh/problem/highmode.tex,rh/problem/highmode.tex,r477,ATTACK,WEIL_POSITIVITY_WINDOWS,SEALED,LOSSY_CONSTANT,FINITE_FRAGMENT,false,1.17
rh/problem/verify_highmode.py,rh/problem/verify_highmode.py,r477 companion,CONTROL,WEIL_POSITIVITY_WINDOWS,MEASURED,LOSSY_CONSTANT,INFRASTRUCTURE,false,1.14
experiments/tfpt-discovery/endtoend_fixedl_probe.py,experiments/tfpt-discovery/endtoend_fixedl_probe.py,r478,ATTACK,WEIL_POSITIVITY_WINDOWS,INCONCLUSIVE,LOSSY_CONSTANT,LOAD_BEARING_OPEN,false,1.196
rh/problem/endtoend_fixedl.pdf,rh/problem/endtoend_fixedl.pdf,r478,DOCUMENTATION,WEIL_POSITIVITY_WINDOWS,INCONCLUSIVE,LOSSY_CONSTANT,FINITE_FRAGMENT,false,0.44
rh/problem/endtoend_fixedl.tex,rh/problem/endtoend_fixedl.tex,r478,ATTACK,WEIL_POSITIVITY_WINDOWS,INCONCLUSIVE,LOSSY_CONSTANT,FINITE_FRAGMENT,false,1.04
rh/problem/verify_endtoend_fixedl.py,rh/problem/verify_endtoend_fixedl.py,r478 companion,CONTROL,WEIL_POSITIVITY_WINDOWS,INCONCLUSIVE,LOSSY_CONSTANT,INFRASTRUCTURE,false,0.76
experiments/tfpt-discovery/lambdastar03_probe.py,experiments/tfpt-discovery/lambdastar03_probe.py,r479,ATTACK,WEIL_POSITIVITY_WINDOWS,OPEN,UNCONVERGED,LOAD_BEARING_OPEN,false,1.5698
rh/problem/lambdastar03.pdf,rh/problem/lambdastar03.pdf,r479,DOCUMENTATION,WEIL_POSITIVITY_WINDOWS,OPEN,NO_BRIDGE,FINITE_FRAGMENT,false,0.5775
rh/problem/lambdastar03.tex,rh/problem/lambdastar03.tex,r479,REDUCTION,WEIL_POSITIVITY_WINDOWS,OPEN,NO_BRIDGE,FINITE_FRAGMENT,false,1.2075
rh/problem/verify_lambdastar03.py,rh/problem/verify_lambdastar03.py,r479 companion,CONTROL,WEIL_POSITIVITY_WINDOWS,INCONCLUSIVE,NO_BRIDGE,INFRASTRUCTURE,false,0.76
experiments/tfpt-discovery/kappa_high_probe.py,experiments/tfpt-discovery/kappa_high_probe.py,r480,ATTACK,WEIL_POSITIVITY_WINDOWS,KILLED,LOSSY_CONSTANT,LOAD_BEARING_OPEN,false,2.392
rh/problem/kappa_high.pdf,rh/problem/kappa_high.pdf,r480,DOCUMENTATION,WEIL_POSITIVITY_WINDOWS,KILLED,LOSSY_CONSTANT,FINITE_FRAGMENT,false,0.88
rh/problem/kappa_high.tex,rh/problem/kappa_high.tex,r480,ATTACK,WEIL_POSITIVITY_WINDOWS,KILLED,LOSSY_CONSTANT,FINITE_FRAGMENT,false,2.08
rh/problem/verify_kappa_high.py,rh/problem/verify_kappa_high.py,r480 companion,CONTROL,WEIL_POSITIVITY_WINDOWS,INCONCLUSIVE,LOSSY_CONSTANT,INFRASTRUCTURE,false,0.76
experiments/tfpt-discovery/schur_cert_probe.py,experiments/tfpt-discovery/schur_cert_probe.py,r481,ATTACK,WEIL_POSITIVITY_WINDOWS,OPEN,LOSSY_CONSTANT,LOAD_BEARING_OPEN,false,1.5698
rh/problem/schur_cert.pdf,rh/problem/schur_cert.pdf,r481,DOCUMENTATION,WEIL_POSITIVITY_WINDOWS,OPEN,STRUCTURAL_MISMATCH,FINITE_FRAGMENT,false,0.5775
rh/problem/schur_cert.tex,rh/problem/schur_cert.tex,r481,ATTACK,WEIL_POSITIVITY_WINDOWS,OPEN,STRUCTURAL_MISMATCH,FINITE_FRAGMENT,false,1.365
rh/problem/verify_schur_cert.py,rh/problem/verify_schur_cert.py,r481 companion,CONTROL,WEIL_POSITIVITY_WINDOWS,INCONCLUSIVE,STRUCTURAL_MISMATCH,INFRASTRUCTURE,false,0.76
experiments/tfpt-discovery/carleson_edgeband_probe.py,experiments/tfpt-discovery/carleson_edgeband_probe.py,r482,CONTROL,WEIL_POSITIVITY_WINDOWS,KILLED,STRUCTURAL_MISMATCH,LOAD_BEARING_OPEN,false,1.748
rh/problem/carleson_edgeband.pdf,rh/problem/carleson_edgeband.pdf,r482,DOCUMENTATION,WEIL_POSITIVITY_WINDOWS,KILLED,STRUCTURAL_MISMATCH,LOAD_BEARING_OPEN,false,1.012
rh/problem/carleson_edgeband.tex,rh/problem/carleson_edgeband.tex,r482,ATTACK,WEIL_POSITIVITY_WINDOWS,KILLED,STRUCTURAL_MISMATCH,LOAD_BEARING_OPEN,false,2.392
rh/problem/verify_carleson_edgeband.py,rh/problem/verify_carleson_edgeband.py,r482 companion,CONTROL,WEIL_POSITIVITY_WINDOWS,KILLED,STRUCTURAL_MISMATCH,INFRASTRUCTURE,false,1.52
experiments/tfpt-discovery/filon_enclosure_probe.py,experiments/tfpt-discovery/filon_enclosure_probe.py,r483,ATTACK,WEIL_POSITIVITY_WINDOWS,OPEN,LOSSY_CONSTANT,LOAD_BEARING_OPEN,false,1.5698
rh/problem/filon_enclosure.pdf,rh/problem/filon_enclosure.pdf,r483,DOCUMENTATION,WEIL_POSITIVITY_WINDOWS,OPEN,LOSSY_CONSTANT,FINITE_FRAGMENT,false,0.5775
rh/problem/filon_enclosure.tex,rh/problem/filon_enclosure.tex,r483,ATTACK,WEIL_POSITIVITY_WINDOWS,OPEN,LOSSY_CONSTANT,FINITE_FRAGMENT,false,1.365
rh/problem/verify_filon_enclosure.py,rh/problem/verify_filon_enclosure.py,r483 companion,CONTROL,WEIL_POSITIVITY_WINDOWS,INCONCLUSIVE,LOSSY_CONSTANT,INFRASTRUCTURE,false,0.76
experiments/tfpt-discovery/block_completion_probe.py,experiments/tfpt-discovery/block_completion_probe.py,r484,ATTACK,WEIL_POSITIVITY_WINDOWS,KILLED,NUMERIC_ARTIFACT,LOAD_BEARING_OPEN,false,2.392
rh/problem/block_completion.pdf,rh/problem/block_completion.pdf,r484,DOCUMENTATION,WEIL_POSITIVITY_WINDOWS,KILLED,NUMERIC_ARTIFACT,FINITE_FRAGMENT,false,0.88
rh/problem/block_completion.tex,rh/problem/block_completion.tex,r484,ATTACK,WEIL_POSITIVITY_WINDOWS,KILLED,NUMERIC_ARTIFACT,FINITE_FRAGMENT,false,2.08
rh/problem/verify_block_completion.py,rh/problem/verify_block_completion.py,r484 companion,CONTROL,WEIL_POSITIVITY_WINDOWS,KILLED,NUMERIC_ARTIFACT,INFRASTRUCTURE,false,1.52
experiments/tfpt-discovery/weighted_schur_probe.py,experiments/tfpt-discovery/weighted_schur_probe.py,r485,ATTACK,WEIL_POSITIVITY_WINDOWS,OPEN,UNCONVERGED,LOAD_BEARING_OPEN,false,1.5698
rh/problem/weighted_schur.pdf,rh/problem/weighted_schur.pdf,r485,DOCUMENTATION,WEIL_POSITIVITY_WINDOWS,OPEN,NO_BRIDGE,FINITE_FRAGMENT,false,0.5775
rh/problem/weighted_schur.tex,rh/problem/weighted_schur.tex,r485,ATTACK,WEIL_POSITIVITY_WINDOWS,OPEN,NO_BRIDGE,FINITE_FRAGMENT,false,1.365
rh/problem/verify_weighted_schur.py,rh/problem/verify_weighted_schur.py,r485 companion,CONTROL,WEIL_POSITIVITY_WINDOWS,INCONCLUSIVE,NO_BRIDGE,INFRASTRUCTURE,false,0.76
experiments/tfpt-discovery/woodbury_minf_probe.py,experiments/tfpt-discovery/woodbury_minf_probe.py,r486,ATTACK,WEIL_POSITIVITY_WINDOWS,OPEN,UNCONVERGED,LOAD_BEARING_OPEN,false,1.5698
rh/problem/woodbury_minf.pdf,rh/problem/woodbury_minf.pdf,r486,DOCUMENTATION,WEIL_POSITIVITY_WINDOWS,OPEN,NO_BRIDGE,FINITE_FRAGMENT,false,0.5775
rh/problem/woodbury_minf.tex,rh/problem/woodbury_minf.tex,r486,ATTACK,WEIL_POSITIVITY_WINDOWS,OPEN,NO_BRIDGE,FINITE_FRAGMENT,false,1.365
rh/problem/verify_woodbury_minf.py,rh/problem/verify_woodbury_minf.py,r486 companion,CONTROL,WEIL_POSITIVITY_WINDOWS,INCONCLUSIVE,NO_BRIDGE,INFRASTRUCTURE,false,0.76
rh/problem/outer_bridges.pdf,rh/problem/outer_bridges.pdf,r487,DOCUMENTATION,EXPLICIT_FORMULA_IDENTITY,SEALED,NO_BRIDGE,EQUIVALENCE,false,0.495
rh/problem/outer_bridges.tex,rh/problem/outer_bridges.tex,r487,REDUCTION,EXPLICIT_FORMULA_IDENTITY,SEALED,NO_BRIDGE,EQUIVALENCE,false,1.035
rh/problem/verify_outer_bridges.py,rh/problem/verify_outer_bridges.py,r487 companion/r638L,CONTROL,EXPLICIT_FORMULA_IDENTITY,SEALED,NO_BRIDGE,INFRASTRUCTURE,false,0.855
experiments/tfpt-discovery/outer_bridges_probe.py,experiments/tfpt-discovery/outer_bridges_probe.py,r487/r638L,REDUCTION,WEIL_POSITIVITY_WINDOWS,SEALED,UNCONVERGED,EQUIVALENCE,false,1.035
experiments/tfpt-discovery/resolvent_solve_probe.py,experiments/tfpt-discovery/resolvent_solve_probe.py,r488,ATTACK,WEIL_POSITIVITY_WINDOWS,OPEN,UNCONVERGED,LOAD_BEARING_OPEN,false,1.5698
rh/problem/resolvent_solve.pdf,rh/problem/resolvent_solve.pdf,r488,DOCUMENTATION,WEIL_POSITIVITY_WINDOWS,OPEN,UNCONVERGED,FINITE_FRAGMENT,false,0.5775
rh/problem/resolvent_solve.tex,rh/problem/resolvent_solve.tex,r488,ATTACK,WEIL_POSITIVITY_WINDOWS,OPEN,UNCONVERGED,FINITE_FRAGMENT,false,1.365
rh/problem/verify_resolvent_solve.py,rh/problem/verify_resolvent_solve.py,r488 companion,CONTROL,WEIL_POSITIVITY_WINDOWS,INCONCLUSIVE,UNCONVERGED,INFRASTRUCTURE,false,0.76
rh/problem/outer_bridges2.pdf,rh/problem/outer_bridges2.pdf,r489,DOCUMENTATION,EXPLICIT_FORMULA_IDENTITY,SEALED,NO_BRIDGE,EQUIVALENCE,false,0.495
rh/problem/outer_bridges2.tex,rh/problem/outer_bridges2.tex,r489,REDUCTION,EXPLICIT_FORMULA_IDENTITY,SEALED,NO_BRIDGE,EQUIVALENCE,false,1.035
rh/problem/verify_outer_bridges2.py,rh/problem/verify_outer_bridges2.py,r489 companion/r638L,CONTROL,EXPLICIT_FORMULA_IDENTITY,SEALED,NO_BRIDGE,INFRASTRUCTURE,false,0.855
experiments/tfpt-discovery/outer_bridges2_probe.py,experiments/tfpt-discovery/outer_bridges2_probe.py,r489/r638L,REDUCTION,WEIL_POSITIVITY_WINDOWS,SEALED,UNCONVERGED,IDENTITY_SIDE,false,1.035
experiments/tfpt-discovery/operator_residual_probe.py,experiments/tfpt-discovery/operator_residual_probe.py,r490,ATTACK,WEIL_POSITIVITY_WINDOWS,KILLED,LOSSY_CONSTANT,LOAD_BEARING_OPEN,false,2.392
rh/problem/operator_residual.pdf,rh/problem/operator_residual.pdf,r490,DOCUMENTATION,WEIL_POSITIVITY_WINDOWS,KILLED,LOSSY_CONSTANT,FINITE_FRAGMENT,false,0.88
rh/problem/operator_residual.tex,rh/problem/operator_residual.tex,r490,ATTACK,WEIL_POSITIVITY_WINDOWS,KILLED,LOSSY_CONSTANT,FINITE_FRAGMENT,false,2.08
rh/problem/verify_operator_residual.py,rh/problem/verify_operator_residual.py,r490 companion,CONTROL,WEIL_POSITIVITY_WINDOWS,KILLED,LOSSY_CONSTANT,INFRASTRUCTURE,false,1.52
rh/problem/outer_bridges3.pdf,rh/problem/outer_bridges3.pdf,r491,DOCUMENTATION,EXPLICIT_FORMULA_IDENTITY,INCONCLUSIVE,NO_BRIDGE,EQUIVALENCE,false,0.44
rh/problem/outer_bridges3.tex,rh/problem/outer_bridges3.tex,r491,REDUCTION,EXPLICIT_FORMULA_IDENTITY,INCONCLUSIVE,NO_BRIDGE,EQUIVALENCE,false,0.92
rh/problem/verify_outer_bridges3.py,rh/problem/verify_outer_bridges3.py,r491 companion/r638L,CONTROL,EXPLICIT_FORMULA_IDENTITY,INCONCLUSIVE,NO_BRIDGE,INFRASTRUCTURE,false,0.76
experiments/tfpt-discovery/outer_bridges3_probe.py,experiments/tfpt-discovery/outer_bridges3_probe.py,r491/r638L,REDUCTION,WEIL_POSITIVITY_WINDOWS,SEALED,STRUCTURAL_MISMATCH,IDENTITY_SIDE,false,1.035
rh/problem/keystone_judgment.pdf,rh/problem/keystone_judgment.pdf,r492,DOCUMENTATION,EXTERNAL_ADJUDICATION,SEALED,STRUCTURAL_MISMATCH,FINITE_FRAGMENT,false,0.495
rh/problem/keystone_judgment.tex,rh/problem/keystone_judgment.tex,r492,DOCUMENTATION,EXTERNAL_ADJUDICATION,SEALED,STRUCTURAL_MISMATCH,FINITE_FRAGMENT,false,0.495
experiments/tfpt-discovery/kernel_loewner_probe.py,experiments/tfpt-discovery/kernel_loewner_probe.py,r494,CERTIFICATE,WEIL_POSITIVITY_WINDOWS,CERTIFIED,NOT_APPLICABLE,FINITE_FRAGMENT,false,2.8
rh/problem/kernel_loewner.pdf,rh/problem/kernel_loewner.pdf,r494,DOCUMENTATION,WEIL_POSITIVITY_WINDOWS,CERTIFIED,NOT_APPLICABLE,FINITE_FRAGMENT,false,1.1
rh/problem/kernel_loewner.tex,rh/problem/kernel_loewner.tex,r494,CERTIFICATE,WEIL_POSITIVITY_WINDOWS,CERTIFIED,NOT_APPLICABLE,FINITE_FRAGMENT,false,2.8
rh/problem/verify_kernel_loewner.py,rh/problem/verify_kernel_loewner.py,r494 companion,CONTROL,WEIL_POSITIVITY_WINDOWS,CERTIFIED,NOT_APPLICABLE,INFRASTRUCTURE,false,1.9
experiments/tfpt-discovery/kernel_redteam_probe.py,experiments/tfpt-discovery/kernel_redteam_probe.py,r495,CONTROL,WEIL_POSITIVITY_WINDOWS,CERTIFIED,NOT_APPLICABLE,FINITE_FRAGMENT,false,1.9
rh/problem/kernel_redteam.pdf,rh/problem/kernel_redteam.pdf,r495,DOCUMENTATION,WEIL_POSITIVITY_WINDOWS,CERTIFIED,NOT_APPLICABLE,FINITE_FRAGMENT,false,1.1
rh/problem/kernel_redteam.tex,rh/problem/kernel_redteam.tex,r495,CONTROL,WEIL_POSITIVITY_WINDOWS,CERTIFIED,NOT_APPLICABLE,FINITE_FRAGMENT,false,1.9
rh/problem/verify_kernel_redteam.py,rh/problem/verify_kernel_redteam.py,r495 companion,CONTROL,WEIL_POSITIVITY_WINDOWS,CERTIFIED,NOT_APPLICABLE,INFRASTRUCTURE,false,1.9
experiments/tfpt-discovery/kernel_loewner08_probe.py,experiments/tfpt-discovery/kernel_loewner08_probe.py,r496,ATTACK,WEIL_POSITIVITY_WINDOWS,KILLED,LOSSY_CONSTANT,FINITE_FRAGMENT,false,2.08
rh/problem/kernel_loewner08.pdf,rh/problem/kernel_loewner08.pdf,r496,DOCUMENTATION,WEIL_POSITIVITY_WINDOWS,KILLED,STRUCTURAL_MISMATCH,IDENTITY_SIDE,false,0.88
rh/problem/kernel_loewner08.tex,rh/problem/kernel_loewner08.tex,r496,CONTROL,WEIL_POSITIVITY_WINDOWS,KILLED,STRUCTURAL_MISMATCH,FINITE_FRAGMENT,false,1.52
rh/problem/verify_kernel_loewner08.py,rh/problem/verify_kernel_loewner08.py,r496 companion,CONTROL,WEIL_POSITIVITY_WINDOWS,KILLED,STRUCTURAL_MISMATCH,INFRASTRUCTURE,false,1.52
rh/catalog/analysis/analyze_paths.py,rh/catalog/analysis/analyze_paths.py,r496-r600,TOOLING,TOEPLITZ_MOMENT_POSITIVITY,KILLED,RESTATEMENT,INFRASTRUCTURE,true,0.576
experiments/tfpt-discovery/plancherel_descent_probe.py,experiments/tfpt-discovery/plancherel_descent_probe.py,r500,ATTACK,SELBERG_TRACE_CONTACT,MEASURED,NOT_APPLICABLE,FINITE_FRAGMENT,true,1.1232
rh/problem/l08_judgment.pdf,rh/problem/l08_judgment.pdf,r502,DOCUMENTATION,WEIL_POSITIVITY_WINDOWS,KILLED,RESTATEMENT,IDENTITY_SIDE,false,0.88
rh/problem/l08_judgment.tex,rh/problem/l08_judgment.tex,r502,DOCUMENTATION,WEIL_POSITIVITY_WINDOWS,KILLED,RESTATEMENT,IDENTITY_SIDE,false,0.88
rh/lean/RH/ExternalBridges.lean,rh/lean/RH/ExternalBridges.lean,r517-r532/r638L,FORMALIZATION,LEAN_FORMALIZATION,OPEN,NO_BRIDGE,EQUIVALENCE,false,1.3125
rh/lean/RH/Audit.lean,rh/lean/RH/Audit.lean,r517-r634L/r638L,FORMALIZATION,LEAN_FORMALIZATION,OPEN,NOT_APPLICABLE,INFRASTRUCTURE,false,1.3125
rh/lean/RH/Open.lean,rh/lean/RH/Open.lean,r517-r638L,FORMALIZATION,LEAN_FORMALIZATION,OPEN,NO_BRIDGE,INFRASTRUCTURE,false,1.3125
experiments/tfpt-discovery/weil_separation_redteam_probe.py,experiments/tfpt-discovery/weil_separation_redteam_probe.py,r535,CONTROL,WEIL_POSITIVITY_WINDOWS,INCONCLUSIVE,UNCONVERGED,LOAD_BEARING_OPEN,false,0.874
experiments/tfpt-discovery/kernel_loewner_window_probe.py,experiments/tfpt-discovery/kernel_loewner_window_probe.py,r536,CERTIFICATE,WEIL_POSITIVITY_WINDOWS,MEASURED,LOSSY_CONSTANT,FINITE_FRAGMENT,false,1.68
experiments/tfpt-discovery/honest_contour_audit_probe.py,experiments/tfpt-discovery/honest_contour_audit_probe.py,r537,EXTERNAL_AUDIT,EXPLICIT_FORMULA_IDENTITY,CERTIFIED,STRUCTURAL_MISMATCH,IDENTITY_SIDE,false,1.7
experiments/tfpt-discovery/weil_gaussian_separation_probe.py,experiments/tfpt-discovery/weil_gaussian_separation_probe.py,r539,ATTACK,WEIL_POSITIVITY_WINDOWS,INCONCLUSIVE,UNCONVERGED,LOAD_BEARING_OPEN,false,1.196
experiments/tfpt-discovery/c1_mechanism_probe.py,experiments/tfpt-discovery/c1_mechanism_probe.py,r540,ATTACK,WEIL_POSITIVITY_WINDOWS,MEASURED,NOT_APPLICABLE,FINITE_FRAGMENT,true,1.1232
experiments/tfpt-discovery/closed_delta_probe.py,experiments/tfpt-discovery/closed_delta_probe.py,r540,ATTACK,WEIL_POSITIVITY_WINDOWS,MEASURED,NOT_APPLICABLE,FINITE_FRAGMENT,true,1.1232
experiments/tfpt-discovery/mapping_completion_probe.py,experiments/tfpt-discovery/mapping_completion_probe.py,r540,ATTACK,WEIL_POSITIVITY_WINDOWS,MEASURED,NOT_APPLICABLE,FINITE_FRAGMENT,true,1.1232
experiments/tfpt-discovery/pnt_lock_direction_probe.py,experiments/tfpt-discovery/pnt_lock_direction_probe.py,r540,ATTACK,WEIL_POSITIVITY_WINDOWS,MEASURED,NOT_APPLICABLE,FINITE_FRAGMENT,true,1.1232
experiments/tfpt-discovery/pnt_model_probe.py,experiments/tfpt-discovery/pnt_model_probe.py,r540,ATTACK,WEIL_POSITIVITY_WINDOWS,MEASURED,NOT_APPLICABLE,FINITE_FRAGMENT,true,1.1232
experiments/tfpt-discovery/weil_online_null_separation_probe.py,experiments/tfpt-discovery/weil_online_null_separation_probe.py,r540,ATTACK,WEIL_POSITIVITY_WINDOWS,KILLED,STRUCTURAL_MISMATCH,LOAD_BEARING_OPEN,false,2.392
experiments/tfpt-discovery/weil_gabor_separation_probe.py,experiments/tfpt-discovery/weil_gabor_separation_probe.py,r541,ATTACK,WEIL_POSITIVITY_WINDOWS,MEASURED,NOT_APPLICABLE,FINITE_FRAGMENT,false,1.56
rh/lean/RH.lean,rh/lean/RH.lean,r542-r617L,FORMALIZATION,LEAN_FORMALIZATION,OPEN,NOT_APPLICABLE,INFRASTRUCTURE,false,1.3125
rh/lean/RH/GaborSeparation.lean,rh/lean/RH/GaborSeparation.lean,r542-r634L,FORMALIZATION,LEAN_FORMALIZATION,OPEN,UNCONVERGED,EQUIVALENCE,false,1.3125
rh/lean/RH/GaborIntegral.lean,rh/lean/RH/GaborIntegral.lean,r543,FORMALIZATION,LEAN_FORMALIZATION,PROVED,NOT_APPLICABLE,IDENTITY_SIDE,false,2.75
experiments/tfpt-discovery/gabor_uniform_inequality_probe.py,experiments/tfpt-discovery/gabor_uniform_inequality_probe.py,r544,CONTROL,WEIL_POSITIVITY_WINDOWS,KILLED,LOSSY_CONSTANT,LOAD_BEARING_OPEN,false,1.748
rh/lean/RH/GaborInequality.lean,rh/lean/RH/GaborInequality.lean,r544/r552/r579,FORMALIZATION,LEAN_FORMALIZATION,OPEN,UNCONVERGED,IDENTITY_SIDE,false,1.3125
rh/lean/RH/ZeroIncrement.lean,rh/lean/RH/ZeroIncrement.lean,r546,FORMALIZATION,LEAN_FORMALIZATION,PROVED,NOT_APPLICABLE,IDENTITY_SIDE,false,2.75
experiments/tfpt-discovery/weil_gabor_explicit_formula_probe.py,experiments/tfpt-discovery/weil_gabor_explicit_formula_probe.py,r548,FOUNDATION,EXPLICIT_FORMULA_IDENTITY,CERTIFIED,STRUCTURAL_MISMATCH,IDENTITY_SIDE,false,2.2
experiments/tfpt-discovery/gabor_density_transfer_probe.py,experiments/tfpt-discovery/gabor_density_transfer_probe.py,r549,CONTROL,WEIL_POSITIVITY_WINDOWS,MEASURED,STRUCTURAL_MISMATCH,LOAD_BEARING_OPEN,false,1.311
experiments/tfpt-discovery/gabor_extremal_selection_probe.py,experiments/tfpt-discovery/gabor_extremal_selection_probe.py,r551,ATTACK,WEIL_POSITIVITY_WINDOWS,INCONCLUSIVE,STRUCTURAL_MISMATCH,LOAD_BEARING_OPEN,false,1.196
rh/lean/RH/GaborThetaBound.lean,rh/lean/RH/GaborThetaBound.lean,r552/r579,FORMALIZATION,LEAN_FORMALIZATION,PROVED,NOT_APPLICABLE,IDENTITY_SIDE,false,2.75
experiments/tfpt-discovery/gabor_config_first_probe.py,experiments/tfpt-discovery/gabor_config_first_probe.py,r553,ATTACK,WEIL_POSITIVITY_WINDOWS,KILLED,STRUCTURAL_MISMATCH,LOAD_BEARING_OPEN,false,2.392
experiments/tfpt-discovery/gabor_mixture_witness_probe.py,experiments/tfpt-discovery/gabor_mixture_witness_probe.py,r554,ATTACK,WEIL_POSITIVITY_WINDOWS,INCONCLUSIVE,STRUCTURAL_MISMATCH,LOAD_BEARING_OPEN,false,1.196
rh/lean/RH/GaborHatAnalytic.lean,rh/lean/RH/GaborHatAnalytic.lean,r555/r587,FORMALIZATION,LEAN_FORMALIZATION,PROVED,NOT_APPLICABLE,IDENTITY_SIDE,false,2.75
rh/lean/RH/GaborHorizontalEdges.lean,rh/lean/RH/GaborHorizontalEdges.lean,r557,FORMALIZATION,LEAN_FORMALIZATION,PROVED,NOT_APPLICABLE,IDENTITY_SIDE,false,2.75
rh/lean/RH/GaborZeroSummable.lean,rh/lean/RH/GaborZeroSummable.lean,r557/r587,FORMALIZATION,LEAN_FORMALIZATION,PROVED,NOT_APPLICABLE,IDENTITY_SIDE,false,2.75
rh/lean/RH/GaborContourResidue.lean,rh/lean/RH/GaborContourResidue.lean,r557/r631L,FORMALIZATION,LEAN_FORMALIZATION,PROVED,NOT_APPLICABLE,IDENTITY_SIDE,false,2.75
rh/lean/RH/GaborExplicitFormula.lean,rh/lean/RH/GaborExplicitFormula.lean,r558/r564/r581/r634L,FORMALIZATION,LEAN_FORMALIZATION,OPEN,UNCONVERGED,IDENTITY_SIDE,false,1.3125
experiments/tfpt-discovery/gabor_honest_weil_game_probe.py,experiments/tfpt-discovery/gabor_honest_weil_game_probe.py,r560,ATTACK,WEIL_POSITIVITY_WINDOWS,MEASURED,UNCONVERGED,FINITE_FRAGMENT,false,1.56
experiments/tfpt-discovery/gabor_uniform_dominance_probe.py,experiments/tfpt-discovery/gabor_uniform_dominance_probe.py,r561,ATTACK,WEIL_POSITIVITY_WINDOWS,SEALED,STRUCTURAL_MISMATCH,LOAD_BEARING_OPEN,false,1.3455
rh/lean/RH/GaborDominance.lean,rh/lean/RH/GaborDominance.lean,r562/r568/r571/r589,FORMALIZATION,LEAN_FORMALIZATION,OPEN,UNCONVERGED,IDENTITY_SIDE,false,1.3125
experiments/tfpt-discovery/gabor_dominance_redteam_probe.py,experiments/tfpt-discovery/gabor_dominance_redteam_probe.py,r563,CONTROL,WEIL_POSITIVITY_WINDOWS,KILLED,STRUCTURAL_MISMATCH,LOAD_BEARING_OPEN,false,1.748
rh/lean/RH/GaborVertical.lean,rh/lean/RH/GaborVertical.lean,r564/r581,FORMALIZATION,LEAN_FORMALIZATION,OPEN,UNCONVERGED,IDENTITY_SIDE,false,1.3125
experiments/tfpt-discovery/gabor_scramble_gate_probe.py,experiments/tfpt-discovery/gabor_scramble_gate_probe.py,r565,CONTROL,WEIL_POSITIVITY_WINDOWS,MEASURED,NOT_APPLICABLE,FINITE_FRAGMENT,false,1.14
experiments/tfpt-discovery/gabor_canonical_dominance_probe.py,experiments/tfpt-discovery/gabor_canonical_dominance_probe.py,r567,ATTACK,WEIL_POSITIVITY_WINDOWS,MEASURED,UNCONVERGED,FINITE_FRAGMENT,false,1.56
rh/lean/RH/GaborDominanceProof.lean,rh/lean/RH/GaborDominanceProof.lean,r569/r597,FORMALIZATION,LEAN_FORMALIZATION,OPEN,UNCONVERGED,IDENTITY_SIDE,false,1.3125
rh/lean/RH/GaborLeftVertical.lean,rh/lean/RH/GaborLeftVertical.lean,r570,FORMALIZATION,LEAN_FORMALIZATION,PROVED,NOT_APPLICABLE,IDENTITY_SIDE,false,2.75
rh/lean/RH/GaborDominanceAssembly.lean,rh/lean/RH/GaborDominanceAssembly.lean,r571/r597,FORMALIZATION,LEAN_FORMALIZATION,RESTATED,RESTATEMENT,FINITE_FRAGMENT,false,0.6875
rh/lean/RH/GaborAutocorrelation.lean,rh/lean/RH/GaborAutocorrelation.lean,r572,FORMALIZATION,LEAN_FORMALIZATION,PROVED,NOT_APPLICABLE,IDENTITY_SIDE,false,2.75
rh/lean/RH/GaborDominanceLog.lean,rh/lean/RH/GaborDominanceLog.lean,r574/r575/r597/r598,FORMALIZATION,LEAN_FORMALIZATION,PROVED,NOT_APPLICABLE,IDENTITY_SIDE,false,2.75
rh/lean/RH/GaborVerticalLimit.lean,rh/lean/RH/GaborVerticalLimit.lean,r576,FORMALIZATION,LEAN_FORMALIZATION,PROVED,NOT_APPLICABLE,IDENTITY_SIDE,false,2.75
rh/lean/RH/GaborArchDigamma.lean,rh/lean/RH/GaborArchDigamma.lean,r577,FORMALIZATION,LEAN_FORMALIZATION,OPEN,UNCONVERGED,IDENTITY_SIDE,false,1.3125
rh/lean/RH/GaborArchContour.lean,rh/lean/RH/GaborArchContour.lean,r578/r581,FORMALIZATION,LEAN_FORMALIZATION,PROVED,NOT_APPLICABLE,IDENTITY_SIDE,false,2.75
rh/lean/RH/GaborSpectralBridge.lean,rh/lean/RH/GaborSpectralBridge.lean,r579-r589,FORMALIZATION,LEAN_FORMALIZATION,OPEN,UNCONVERGED,IDENTITY_SIDE,false,1.3125
rh/lean/RH/GaborDominanceLog2.lean,rh/lean/RH/GaborDominanceLog2.lean,r582/r583/r589/r597,FORMALIZATION,LEAN_FORMALIZATION,PROVED,NOT_APPLICABLE,IDENTITY_SIDE,false,2.75
rh/lean/RH/GaborFEMultiplicity.lean,rh/lean/RH/GaborFEMultiplicity.lean,r582/r585,FORMALIZATION,LEAN_FORMALIZATION,PROVED,NOT_APPLICABLE,IDENTITY_SIDE,false,2.75
rh/lean/RH/GaborArithmeticSeparator.lean,rh/lean/RH/GaborArithmeticSeparator.lean,r590/r600/r605A,REDUCTION,LEAN_FORMALIZATION,OPEN,RESTATEMENT,EQUIVALENCE,false,1.2075
experiments/tfpt-discovery/gabor_fixed_packet_cofinal_probe.py,experiments/tfpt-discovery/gabor_fixed_packet_cofinal_probe.py,r591,ATTACK,WEIL_POSITIVITY_WINDOWS,KILLED,STRUCTURAL_MISMATCH,LOAD_BEARING_OPEN,false,2.392
experiments/tfpt-discovery/gabor_window_adaptive_tail_probe.py,experiments/tfpt-discovery/gabor_window_adaptive_tail_probe.py,r592,ATTACK,WEIL_POSITIVITY_WINDOWS,INCONCLUSIVE,NUMERIC_ARTIFACT,LOAD_BEARING_OPEN,false,1.196
rh/lean/RH/GaborOuterTail.lean,rh/lean/RH/GaborOuterTail.lean,r593/r594/r600,FORMALIZATION,LEAN_FORMALIZATION,OPEN,UNCONVERGED,IDENTITY_SIDE,false,1.3125
rh/lean/RH/GaborWindowGlue.lean,rh/lean/RH/GaborWindowGlue.lean,r595,FORMALIZATION,LEAN_FORMALIZATION,OPEN,UNCONVERGED,IDENTITY_SIDE,false,1.3125
rh/lean/RH/GaborAnchoredWitness.lean,rh/lean/RH/GaborAnchoredWitness.lean,r596-r600,FORMALIZATION,LEAN_FORMALIZATION,OPEN,UNCONVERGED,LOAD_BEARING_OPEN,false,1.5094
experiments/tfpt-discovery/gabor_weil_positivity_subfamily_probe.py,experiments/tfpt-discovery/gabor_weil_positivity_subfamily_probe.py,r601,ATTACK,WEIL_POSITIVITY_WINDOWS,KILLED,STRUCTURAL_MISMATCH,LOAD_BEARING_OPEN,false,2.392
experiments/tfpt-discovery/prime_inequality_evosearch_probe.py,experiments/tfpt-discovery/prime_inequality_evosearch_probe.py,r603,CONTROL,PRIME_EVENT_LOG_DECODING,KILLED,WORLD_BLIND,FINITE_FRAGMENT,false,1.52
experiments/tfpt-discovery/tfpt_spectrum_zero_crosscorr_probe.py,experiments/tfpt-discovery/tfpt_spectrum_zero_crosscorr_probe.py,r604,CONTROL,OTHER,KILLED,NUMERIC_ARTIFACT,UNRELATED,false,1.52
rh/lean/RH/GaborExposedOrbit.lean,rh/lean/RH/GaborExposedOrbit.lean,r605B/r605C,FORMALIZATION,LEAN_FORMALIZATION,OPEN,RESTATEMENT,EQUIVALENCE,false,1.3125
experiments/tfpt-discovery/gabor_exposed_orbit_probe.py,experiments/tfpt-discovery/gabor_exposed_orbit_probe.py,r605N,ATTACK,WEIL_POSITIVITY_WINDOWS,MEASURED,NOT_APPLICABLE,FINITE_FRAGMENT,false,1.56
experiments/tfpt-discovery/connes_prolate_residual_gap_probe.py,experiments/tfpt-discovery/connes_prolate_residual_gap_probe.py,r606,ATTACK,ADELIC_GROUPOID_CONNES,INCONCLUSIVE,NUMERIC_ARTIFACT,LOAD_BEARING_OPEN,false,1.196
experiments/tfpt-discovery/event_lindblad_twokey_probe.py,experiments/tfpt-discovery/event_lindblad_twokey_probe.py,r607,CONTROL,PRIME_EVENT_LOG_DECODING,KILLED,WORLD_BLIND,FINITE_FRAGMENT,false,1.52
experiments/tfpt-discovery/gabor_tropical_heat_probe.py,experiments/tfpt-discovery/gabor_tropical_heat_probe.py,r608,FOUNDATION,WEIL_POSITIVITY_WINDOWS,MEASURED,NO_BRIDGE,IDENTITY_SIDE,false,1.32
experiments/tfpt-discovery/e8_directed_readout_probe.py,experiments/tfpt-discovery/e8_directed_readout_probe.py,r609,FOUNDATION,LATTICE_E8_HECKE,SEALED,NOT_APPLICABLE,UNRELATED,false,0.99
experiments/tfpt-discovery/connes_observable_aubin_nitsche_probe.py,experiments/tfpt-discovery/connes_observable_aubin_nitsche_probe.py,r611,ATTACK,ADELIC_GROUPOID_CONNES,KILLED,WORLD_BLIND,LOAD_BEARING_OPEN,false,2.392
rh/lean/RH/GaborCountableCriterion.lean,rh/lean/RH/GaborCountableCriterion.lean,r612C/r634L,FORMALIZATION,LEAN_FORMALIZATION,PROVED,NOT_APPLICABLE,EQUIVALENCE,false,2.75
experiments/tfpt-discovery/prime_e8_ordered_herglotz_probe.py,experiments/tfpt-discovery/prime_e8_ordered_herglotz_probe.py,r613,ATTACK,LATTICE_E8_HECKE,KILLED,WORLD_BLIND,UNRELATED,false,2.08
experiments/tfpt-discovery/semilocal_firststep_probe.py,experiments/tfpt-discovery/semilocal_firststep_probe.py,r615,FOUNDATION,WEIL_POSITIVITY_WINDOWS,MEASURED,UNCONVERGED,FINITE_FRAGMENT,false,1.32
experiments/tfpt-discovery/inertia_highermoment_probe.py,experiments/tfpt-discovery/inertia_highermoment_probe.py,r616,ATTACK,TOEPLITZ_MOMENT_POSITIVITY,SEALED,LOSSY_CONSTANT,FINITE_FRAGMENT,false,1.17
experiments/tfpt-discovery/e8_coxeter_euler_completion_probe.py,experiments/tfpt-discovery/e8_coxeter_euler_completion_probe.py,r617,FOUNDATION,LATTICE_E8_HECKE,CERTIFIED,RESTATEMENT,IDENTITY_SIDE,false,2.2
rh/lean/RH/CoxeterCompletion.lean,rh/lean/RH/CoxeterCompletion.lean,r617L,FORMALIZATION,LEAN_FORMALIZATION,PROVED,NOT_APPLICABLE,IDENTITY_SIDE,false,2.75
rh/lean/RH/PrimeLogIndependence.lean,rh/lean/RH/PrimeLogIndependence.lean,r617L,FORMALIZATION,LEAN_FORMALIZATION,PROVED,NOT_APPLICABLE,IDENTITY_SIDE,false,2.75
experiments/tfpt-discovery/jensen_compiler_rigidity_probe.py,experiments/tfpt-discovery/jensen_compiler_rigidity_probe.py,r618,CONTROL,LATTICE_E8_HECKE,KILLED,STRUCTURAL_MISMATCH,UNRELATED,false,1.52
experiments/tfpt-discovery/support_relay_census_probe.py,experiments/tfpt-discovery/support_relay_census_probe.py,r619,FOUNDATION,WEIL_POSITIVITY_WINDOWS,MEASURED,NOT_APPLICABLE,FINITE_FRAGMENT,false,1.32
experiments/tfpt-discovery/p2_reflection_factor_probe.py,experiments/tfpt-discovery/p2_reflection_factor_probe.py,r620,FOUNDATION,WEIL_POSITIVITY_WINDOWS,MEASURED,STRUCTURAL_MISMATCH,IDENTITY_SIDE,false,1.32
experiments/tfpt-discovery/p2_digamma_duplication_probe.py,experiments/tfpt-discovery/p2_digamma_duplication_probe.py,r621,FOUNDATION,WEIL_POSITIVITY_WINDOWS,MEASURED,NO_BRIDGE,IDENTITY_SIDE,false,1.32
experiments/tfpt-discovery/support_darboux_probe.py,experiments/tfpt-discovery/support_darboux_probe.py,r622,ATTACK,WEIL_POSITIVITY_WINDOWS,INCONCLUSIVE,NO_BRIDGE,LOAD_BEARING_OPEN,false,1.196
experiments/tfpt-discovery/semilocal_p2_dilation_probe.py,experiments/tfpt-discovery/semilocal_p2_dilation_probe.py,r623,ATTACK,WEIL_POSITIVITY_WINDOWS,KILLED,STRUCTURAL_MISMATCH,LOAD_BEARING_OPEN,false,2.392
experiments/tfpt-discovery/iiks_vanishing_metric_probe.py,experiments/tfpt-discovery/iiks_vanishing_metric_probe.py,r625,ATTACK,RHP_IIKS_TAU,KILLED,STRUCTURAL_MISMATCH,LOAD_BEARING_OPEN,false,2.392
experiments/tfpt-discovery/xi_finitefree_collision_probe.py,experiments/tfpt-discovery/xi_finitefree_collision_probe.py,r626,ATTACK,TOEPLITZ_MOMENT_POSITIVITY,KILLED,RESTATEMENT,EQUIVALENCE,false,2.08
experiments/tfpt-discovery/af_twomoment_optimizer_probe.py,experiments/tfpt-discovery/af_twomoment_optimizer_probe.py,r627,ATTACK,TOEPLITZ_MOMENT_POSITIVITY,KILLED,LOSSY_CONSTANT,FINITE_FRAGMENT,false,2.08
experiments/tfpt-discovery/window_box_verifier_probe.py,experiments/tfpt-discovery/window_box_verifier_probe.py,r628,CERTIFICATE,WEIL_POSITIVITY_WINDOWS,CERTIFIED,NOT_APPLICABLE,FINITE_FRAGMENT,false,2.8
experiments/tfpt-discovery/certificate_class_atlas_probe.py,experiments/tfpt-discovery/certificate_class_atlas_probe.py,r629,ATTACK,CERTIFICATE_INFRASTRUCTURE,KILLED,LOSSY_CONSTANT,FINITE_FRAGMENT,false,2.08
experiments/tfpt-discovery/margin_law_symreg_probe.py,experiments/tfpt-discovery/margin_law_symreg_probe.py,r630,FOUNDATION,WEIL_POSITIVITY_WINDOWS,INCONCLUSIVE,NUMERIC_ARTIFACT,FINITE_FRAGMENT,false,0.88
experiments/tfpt-discovery/jet_deflated_ldet_probe.py,experiments/tfpt-discovery/jet_deflated_ldet_probe.py,r632,ATTACK,WEIL_POSITIVITY_WINDOWS,MEASURED,LOSSY_CONSTANT,FINITE_FRAGMENT,false,1.56
experiments/tfpt-discovery/frontier_followups_probe.py,experiments/tfpt-discovery/frontier_followups_probe.py,r633,FOUNDATION,WEIL_POSITIVITY_WINDOWS,MEASURED,NO_BRIDGE,FINITE_FRAGMENT,false,1.32
experiments/tfpt-discovery/relay_lead_precision_probe.py,experiments/tfpt-discovery/relay_lead_precision_probe.py,r635,FOUNDATION,WEIL_POSITIVITY_WINDOWS,MEASURED,UNCONVERGED,FINITE_FRAGMENT,false,1.32
experiments/tfpt-discovery/relay_lead_precision_result.json,experiments/tfpt-discovery/relay_lead_precision_result.json,r635,ATTACK,PRIME_EVENT_LOG_DECODING,MEASURED,UNCONVERGED,FINITE_FRAGMENT,false,1.56
experiments/tfpt-discovery/relay_lead_law_probe.py,experiments/tfpt-discovery/relay_lead_law_probe.py,r636,FOUNDATION,WEIL_POSITIVITY_WINDOWS,KILLED,UNCONVERGED,FINITE_FRAGMENT,false,1.76
experiments/tfpt-discovery/relay_lead_law_result.json,experiments/tfpt-discovery/relay_lead_law_result.json,r636,ATTACK,PRIME_EVENT_LOG_DECODING,KILLED,NUMERIC_ARTIFACT,FINITE_FRAGMENT,false,2.08
experiments/tfpt-discovery/relay_vote_map_probe.py,experiments/tfpt-discovery/relay_vote_map_probe.py,r637,FOUNDATION,WEIL_POSITIVITY_WINDOWS,MEASURED,WORLD_BLIND,FINITE_FRAGMENT,false,1.32
experiments/tfpt-discovery/gabor_first_contact_selberg_probe.py,experiments/tfpt-discovery/gabor_first_contact_selberg_probe.py,r638,ATTACK,SELBERG_TRACE_CONTACT,KILLED,STRUCTURAL_MISMATCH,LOAD_BEARING_OPEN,false,2.392
experiments/tfpt-discovery/gabor_first_contact_selberg_result.json,experiments/tfpt-discovery/gabor_first_contact_selberg_result.json,r638,ATTACK,SELBERG_TRACE_CONTACT,KILLED,STRUCTURAL_MISMATCH,FINITE_FRAGMENT,false,2.08
experiments/tfpt-discovery/lamzouri_hilbert_adjudication_probe.py,experiments/tfpt-discovery/lamzouri_hilbert_adjudication_probe.py,r639,EXTERNAL_AUDIT,EXTERNAL_ADJUDICATION,SEALED,NOT_APPLICABLE,FINITE_FRAGMENT,false,0.765
experiments/tfpt-discovery/weil_level_n_blindness_probe.py,experiments/tfpt-discovery/weil_level_n_blindness_probe.py,r640,ATTACK,SIEVE_FACTORING_GEOMETRY,KILLED,NO_BRIDGE,UNRELATED,false,2.08
experiments/tfpt-discovery/weil_level_n_blindness_result.json,experiments/tfpt-discovery/weil_level_n_blindness_result.json,r640,ATTACK,SIEVE_FACTORING_GEOMETRY,KILLED,NO_BRIDGE,UNRELATED,false,2.08
experiments/tfpt-discovery/clock_torsion_ecm_probe.py,experiments/tfpt-discovery/clock_torsion_ecm_probe.py,r641,ATTACK,SIEVE_FACTORING_GEOMETRY,KILLED,RESTATEMENT,UNRELATED,false,2.08
experiments/tfpt-discovery/clock_torsion_ecm_result.json,experiments/tfpt-discovery/clock_torsion_ecm_result.json,r641,ATTACK,SIEVE_FACTORING_GEOMETRY,KILLED,RESTATEMENT,UNRELATED,false,2.08
experiments/tfpt-discovery/seam_geodesic_factor.py,experiments/tfpt-discovery/seam_geodesic_factor.py,r642,TOOLING,SIEVE_FACTORING_GEOMETRY,MEASURED,NOT_APPLICABLE,UNRELATED,false,0.6
experiments/tfpt-discovery/seam_geodesic_infrastructure_probe.py,experiments/tfpt-discovery/seam_geodesic_infrastructure_probe.py,r642,FOUNDATION,SIEVE_FACTORING_GEOMETRY,KILLED,RESTATEMENT,UNRELATED,false,1.76
experiments/tfpt-discovery/seam_geodesic_infrastructure_result.json,experiments/tfpt-discovery/seam_geodesic_infrastructure_result.json,r642,FOUNDATION,SIEVE_FACTORING_GEOMETRY,KILLED,RESTATEMENT,UNRELATED,false,1.76
experiments/tfpt-discovery/tests/test_seam_geodesic_factor.py,experiments/tfpt-discovery/tests/test_seam_geodesic_factor.py,r642,CONTROL,SIEVE_FACTORING_GEOMETRY,SEALED,NOT_APPLICABLE,INFRASTRUCTURE,false,0.855
experiments/tfpt-discovery/regulator_jump_probe.py,experiments/tfpt-discovery/regulator_jump_probe.py,r643,ATTACK,SIEVE_FACTORING_GEOMETRY,MEASURED,NOT_APPLICABLE,UNRELATED,false,1.56
experiments/tfpt-discovery/regulator_jump_result.json,experiments/tfpt-discovery/regulator_jump_result.json,r643,ATTACK,SIEVE_FACTORING_GEOMETRY,MEASURED,NOT_APPLICABLE,UNRELATED,false,1.56
experiments/tfpt-discovery/regulator_relation_probe.py,experiments/tfpt-discovery/regulator_relation_probe.py,r644,ATTACK,SIEVE_FACTORING_GEOMETRY,KILLED,RESTATEMENT,UNRELATED,false,2.08
experiments/tfpt-discovery/regulator_relation_result.json,experiments/tfpt-discovery/regulator_relation_result.json,r644,ATTACK,SIEVE_FACTORING_GEOMETRY,KILLED,RESTATEMENT,UNRELATED,false,2.08
rh/catalog/rhcat.py,rh/catalog/rhcat.py,r645,TOOLING,WEIL_POSITIVITY_WINDOWS,KILLED,NOT_APPLICABLE,INFRASTRUCTURE,true,0.576
experiments/tfpt-discovery/hylaean_relation_fiber_probe.py,experiments/tfpt-discovery/hylaean_relation_fiber_probe.py,r646,ATTACK,SIEVE_FACTORING_GEOMETRY,KILLED,NO_BRIDGE,UNRELATED,false,2.08
experiments/tfpt-discovery/hylaean_relation_fiber_result.json,experiments/tfpt-discovery/hylaean_relation_fiber_result.json,r646,ATTACK,SIEVE_FACTORING_GEOMETRY,KILLED,NO_BRIDGE,UNRELATED,false,2.08
experiments/tfpt-discovery/e8_composite_gauss_probe.py,experiments/tfpt-discovery/e8_composite_gauss_probe.py,r647,ATTACK,SIEVE_FACTORING_GEOMETRY,KILLED,STRUCTURAL_MISMATCH,UNRELATED,false,2.08
experiments/tfpt-discovery/e8_composite_gauss_result.json,experiments/tfpt-discovery/e8_composite_gauss_result.json,r647,ATTACK,SIEVE_FACTORING_GEOMETRY,KILLED,STRUCTURAL_MISMATCH,UNRELATED,false,2.08
experiments/tfpt-discovery/hylaean_boolean_factorgraph_probe.py,experiments/tfpt-discovery/hylaean_boolean_factorgraph_probe.py,r648,ATTACK,SIEVE_FACTORING_GEOMETRY,KILLED,NO_BRIDGE,UNRELATED,false,2.08
experiments/tfpt-discovery/hylaean_boolean_factorgraph_result.json,experiments/tfpt-discovery/hylaean_boolean_factorgraph_result.json,r648,ATTACK,SIEVE_FACTORING_GEOMETRY,KILLED,NO_BRIDGE,UNRELATED,false,2.08
experiments/tfpt-discovery/w3_block_deflation_probe.py,experiments/tfpt-discovery/w3_block_deflation_probe.py,r859,ATTACK,WEIL_POSITIVITY_WINDOWS,MEASURED,NOT_APPLICABLE,FINITE_FRAGMENT,true,1.1232
experiments/tfpt-discovery/z1_boundary_triple_probe.py,experiments/tfpt-discovery/z1_boundary_triple_probe.py,r988-r992,ATTACK,WEIL_POSITIVITY_WINDOWS,KILLED,STRUCTURAL_MISMATCH,FINITE_FRAGMENT,true,1.4976
experiments/tfpt-discovery/z1_variable_edge_mfunction_probe.py,experiments/tfpt-discovery/z1_variable_edge_mfunction_probe.py,r988-r992,ATTACK,LATTICE_E8_HECKE,KILLED,STRUCTURAL_MISMATCH,FINITE_FRAGMENT,true,1.4976
experiments/tfpt-discovery/adaptive_scaling_probe.py,experiments/tfpt-discovery/adaptive_scaling_probe.py,,ATTACK,WEIL_POSITIVITY_WINDOWS,CERTIFIED,NOT_APPLICABLE,FINITE_FRAGMENT,true,1.872
experiments/tfpt-discovery/affine_arf_vacuum_probe.py,experiments/tfpt-discovery/affine_arf_vacuum_probe.py,,ATTACK,LATTICE_E8_HECKE,OPEN,NOT_APPLICABLE,FINITE_FRAGMENT,true,0.9828
experiments/tfpt-discovery/alignment_eta_probe.py,experiments/tfpt-discovery/alignment_eta_probe.py,,ATTACK,WEIL_POSITIVITY_WINDOWS,CERTIFIED,NOT_APPLICABLE,FINITE_FRAGMENT,true,1.872
experiments/tfpt-discovery/amplitude_dirac_sqrt_probe.py,experiments/tfpt-discovery/amplitude_dirac_sqrt_probe.py,,ATTACK,WEIL_POSITIVITY_WINDOWS,OPEN,NOT_APPLICABLE,FINITE_FRAGMENT,true,0.9828
experiments/tfpt-discovery/angle_floor_probe.py,experiments/tfpt-discovery/angle_floor_probe.py,,ATTACK,WEIL_POSITIVITY_WINDOWS,CERTIFIED,NOT_APPLICABLE,FINITE_FRAGMENT,true,1.872
experiments/tfpt-discovery/anthropic_moment_inertia_probe.py,experiments/tfpt-discovery/anthropic_moment_inertia_probe.py,,ATTACK,TOEPLITZ_MOMENT_POSITIVITY,CERTIFIED,NOT_APPLICABLE,FINITE_FRAGMENT,true,1.872
experiments/tfpt-discovery/anthropic_ranktrace_core_probe.py,experiments/tfpt-discovery/anthropic_ranktrace_core_probe.py,,ATTACK,WEIL_POSITIVITY_WINDOWS,CERTIFIED,NOT_APPLICABLE,FINITE_FRAGMENT,true,1.872
experiments/tfpt-discovery/anthropic_twothirds_budget_probe.py,experiments/tfpt-discovery/anthropic_twothirds_budget_probe.py,,ATTACK,WEIL_POSITIVITY_WINDOWS,OPEN,NOT_APPLICABLE,FINITE_FRAGMENT,true,0.9828
experiments/tfpt-discovery/antialias_exact_probe.py,experiments/tfpt-discovery/antialias_exact_probe.py,,ATTACK,CERTIFICATE_INFRASTRUCTURE,KILLED,NOT_APPLICABLE,INFRASTRUCTURE,true,1.4976
experiments/tfpt-discovery/arbiter_assembly_precision_probe.py,experiments/tfpt-discovery/arbiter_assembly_precision_probe.py,,ATTACK,CERTIFICATE_INFRASTRUCTURE,CERTIFIED,NOT_APPLICABLE,INFRASTRUCTURE,true,1.872
experiments/tfpt-discovery/archimedean_pi_conformity_result.json,experiments/tfpt-discovery/archimedean_pi_conformity_result.json,,CERTIFICATE,EXPLICIT_FORMULA_IDENTITY,CERTIFIED,NOT_APPLICABLE,IDENTITY_SIDE,true,2.016
experiments/tfpt-discovery/arf_bent_css_probe.py,experiments/tfpt-discovery/arf_bent_css_probe.py,,ATTACK,LATTICE_E8_HECKE,OPEN,NOT_APPLICABLE,FINITE_FRAGMENT,true,0.9828
experiments/tfpt-discovery/arf_spinor_compiler_probe.py,experiments/tfpt-discovery/arf_spinor_compiler_probe.py,,ATTACK,LATTICE_E8_HECKE,KILLED,NOT_APPLICABLE,FINITE_FRAGMENT,true,1.4976
experiments/tfpt-discovery/arith_healthcode12_probe.py,experiments/tfpt-discovery/arith_healthcode12_probe.py,,ATTACK,WEIL_POSITIVITY_WINDOWS,MEASURED,NOT_APPLICABLE,FINITE_FRAGMENT,true,1.1232
experiments/tfpt-discovery/arithmetic_bound_probe.py,experiments/tfpt-discovery/arithmetic_bound_probe.py,,ATTACK,WEIL_POSITIVITY_WINDOWS,MEASURED,NOT_APPLICABLE,FINITE_FRAGMENT,true,1.1232
experiments/tfpt-discovery/arithmetic_lift_race_probe.py,experiments/tfpt-discovery/arithmetic_lift_race_probe.py,,ATTACK,LATTICE_E8_HECKE,MEASURED,NOT_APPLICABLE,FINITE_FRAGMENT,true,1.1232
experiments/tfpt-discovery/atom_pole_abel_control_probe.py,experiments/tfpt-discovery/atom_pole_abel_control_probe.py,,ATTACK,WEIL_POSITIVITY_WINDOWS,OPEN,NOT_APPLICABLE,FINITE_FRAGMENT,true,0.9828
experiments/tfpt-discovery/atom_pole_abel_probe.py,experiments/tfpt-discovery/atom_pole_abel_probe.py,,ATTACK,SIEVE_FACTORING_GEOMETRY,OPEN,NOT_APPLICABLE,UNRELATED,true,0.9828
experiments/tfpt-discovery/automaton_multiway_tower_probe.py,experiments/tfpt-discovery/automaton_multiway_tower_probe.py,,ATTACK,LATTICE_E8_HECKE,OPEN,NOT_APPLICABLE,FINITE_FRAGMENT,true,0.9828
experiments/tfpt-discovery/automaton_sigma_orbifold_confluence_probe.py,experiments/tfpt-discovery/automaton_sigma_orbifold_confluence_probe.py,,ATTACK,LATTICE_E8_HECKE,OPEN,NOT_APPLICABLE,FINITE_FRAGMENT,true,0.9828
experiments/tfpt-discovery/axiom246_hold_probe.py,experiments/tfpt-discovery/axiom246_hold_probe.py,,ATTACK,LEAN_FORMALIZATION,OPEN,NOT_APPLICABLE,INFRASTRUCTURE,true,0.9828
experiments/tfpt-discovery/b_christoffel_deflation_probe.py,experiments/tfpt-discovery/b_christoffel_deflation_probe.py,,ATTACK,WEIL_POSITIVITY_WINDOWS,CERTIFIED,NOT_APPLICABLE,FINITE_FRAGMENT,true,1.872
experiments/tfpt-discovery/baez_duarte_probe.py,experiments/tfpt-discovery/baez_duarte_probe.py,,ATTACK,OPERATOR_SPECTRAL,CERTIFIED,NOT_APPLICABLE,FINITE_FRAGMENT,true,1.872
experiments/tfpt-discovery/ball_arithmetic_head_probe.py,experiments/tfpt-discovery/ball_arithmetic_head_probe.py,,ATTACK,WEIL_POSITIVITY_WINDOWS,CERTIFIED,NOT_APPLICABLE,FINITE_FRAGMENT,true,1.872
experiments/tfpt-discovery/ball_arithmetic_ladder_probe.py,experiments/tfpt-discovery/ball_arithmetic_ladder_probe.py,,ATTACK,WEIL_POSITIVITY_WINDOWS,CERTIFIED,NOT_APPLICABLE,FINITE_FRAGMENT,true,1.872
experiments/tfpt-discovery/band_arithmetic_anatomy_probe.py,experiments/tfpt-discovery/band_arithmetic_anatomy_probe.py,,ATTACK,LATTICE_E8_HECKE,MEASURED,NOT_APPLICABLE,FINITE_FRAGMENT,true,1.1232
experiments/tfpt-discovery/band_reconciliation_probe.py,experiments/tfpt-discovery/band_reconciliation_probe.py,,ATTACK,EXPLICIT_FORMULA_IDENTITY,MEASURED,NOT_APPLICABLE,IDENTITY_SIDE,true,1.1232
experiments/tfpt-discovery/bare_wing_bound_probe.py,experiments/tfpt-discovery/bare_wing_bound_probe.py,,ATTACK,WEIL_POSITIVITY_WINDOWS,CERTIFIED,NOT_APPLICABLE,FINITE_FRAGMENT,true,1.872
experiments/tfpt-discovery/baruch_mao_metaplectic_probe.py,experiments/tfpt-discovery/baruch_mao_metaplectic_probe.py,,ATTACK,ADELIC_GROUPOID_CONNES,OPEN,NOT_APPLICABLE,FINITE_FRAGMENT,true,0.9828
experiments/tfpt-discovery/bc_energy_from_entropy_probe.py,experiments/tfpt-discovery/bc_energy_from_entropy_probe.py,,ATTACK,ADELIC_GROUPOID_CONNES,OPEN,NOT_APPLICABLE,FINITE_FRAGMENT,true,0.9828
experiments/tfpt-discovery/bd_seam_probe.py,experiments/tfpt-discovery/bd_seam_probe.py,,ATTACK,DYNAMICS_CLOCKS_PF,INCONCLUSIVE,NOT_APPLICABLE,FINITE_FRAGMENT,true,0.7488
experiments/tfpt-discovery/beurling_nyman_gram_probe.py,experiments/tfpt-discovery/beurling_nyman_gram_probe.py,,ATTACK,TOEPLITZ_MOMENT_POSITIVITY,CERTIFIED,NOT_APPLICABLE,FINITE_FRAGMENT,true,1.872
experiments/tfpt-discovery/bfloor_christoffel_congruence_probe.py,experiments/tfpt-discovery/bfloor_christoffel_congruence_probe.py,,ATTACK,WEIL_POSITIVITY_WINDOWS,CERTIFIED,NOT_APPLICABLE,FINITE_FRAGMENT,true,1.872
experiments/tfpt-discovery/bfloor_k5_closure_probe.py,experiments/tfpt-discovery/bfloor_k5_closure_probe.py,,ATTACK,CERTIFICATE_INFRASTRUCTURE,CERTIFIED,NOT_APPLICABLE,INFRASTRUCTURE,true,1.872
experiments/tfpt-discovery/bfloor_node_congruence_probe.py,experiments/tfpt-discovery/bfloor_node_congruence_probe.py,,ATTACK,WEIL_POSITIVITY_WINDOWS,CERTIFIED,NOT_APPLICABLE,FINITE_FRAGMENT,true,1.872
experiments/tfpt-discovery/bfloor_perstep_certification_probe.py,experiments/tfpt-discovery/bfloor_perstep_certification_probe.py,,ATTACK,CERTIFICATE_INFRASTRUCTURE,CERTIFIED,NOT_APPLICABLE,INFRASTRUCTURE,true,1.872
experiments/tfpt-discovery/bfloor_pg_dominance_probe.py,experiments/tfpt-discovery/bfloor_pg_dominance_probe.py,,ATTACK,LATTICE_E8_HECKE,CERTIFIED,NOT_APPLICABLE,FINITE_FRAGMENT,true,1.872
experiments/tfpt-discovery/big_picture_hunt_probe.py,experiments/tfpt-discovery/big_picture_hunt_probe.py,,ATTACK,WEIL_POSITIVITY_WINDOWS,OPEN,NOT_APPLICABLE,FINITE_FRAGMENT,true,0.9828
experiments/tfpt-discovery/bigpicture_logic_probe.py,experiments/tfpt-discovery/bigpicture_logic_probe.py,,ATTACK,OPERATOR_SPECTRAL,CERTIFIED,NOT_APPLICABLE,FINITE_FRAGMENT,true,1.872
experiments/tfpt-discovery/bilinear_sieve_probe.py,experiments/tfpt-discovery/bilinear_sieve_probe.py,,ATTACK,WEIL_POSITIVITY_WINDOWS,CERTIFIED,NOT_APPLICABLE,FINITE_FRAGMENT,true,1.872
experiments/tfpt-discovery/birdseye_shape_freedom_probe.py,experiments/tfpt-discovery/birdseye_shape_freedom_probe.py,,ATTACK,WEIL_POSITIVITY_WINDOWS,MEASURED,NOT_APPLICABLE,FINITE_FRAGMENT,true,1.1232
experiments/tfpt-discovery/blockreal_lemma_probe.py,experiments/tfpt-discovery/blockreal_lemma_probe.py,,ATTACK,OPERATOR_SPECTRAL,PROVED,NOT_APPLICABLE,FINITE_FRAGMENT,true,2.0592
experiments/tfpt-discovery/bond_defect_premise_probe.py,experiments/tfpt-discovery/bond_defect_premise_probe.py,,ATTACK,WEIL_POSITIVITY_WINDOWS,OPEN,NOT_APPLICABLE,FINITE_FRAGMENT,true,0.9828
experiments/tfpt-discovery/bottom_floor_probe.py,experiments/tfpt-discovery/bottom_floor_probe.py,,ATTACK,WEIL_POSITIVITY_WINDOWS,CERTIFIED,NOT_APPLICABLE,FINITE_FRAGMENT,true,1.872
experiments/tfpt-discovery/boundary_decay_probe.py,experiments/tfpt-discovery/boundary_decay_probe.py,,ATTACK,TOEPLITZ_MOMENT_POSITIVITY,CERTIFIED,NOT_APPLICABLE,FINITE_FRAGMENT,true,1.872
experiments/tfpt-discovery/boundary_formulation_probe.py,experiments/tfpt-discovery/boundary_formulation_probe.py,,ATTACK,WEIL_POSITIVITY_WINDOWS,CERTIFIED,NOT_APPLICABLE,FINITE_FRAGMENT,true,1.872
experiments/tfpt-discovery/boundary_nullselector_probe.py,experiments/tfpt-discovery/boundary_nullselector_probe.py,,ATTACK,DYNAMICS_CLOCKS_PF,OPEN,NOT_APPLICABLE,FINITE_FRAGMENT,true,0.9828
experiments/tfpt-discovery/broad_sweep_clocks_registers_probe.py,experiments/tfpt-discovery/broad_sweep_clocks_registers_probe.py,,ATTACK,LATTICE_E8_HECKE,OPEN,NOT_APPLICABLE,FINITE_FRAGMENT,true,0.9828
experiments/tfpt-discovery/bsd_stage_a_cm_quotient_probe.py,experiments/tfpt-discovery/bsd_stage_a_cm_quotient_probe.py,,ATTACK,LATTICE_E8_HECKE,OPEN,NOT_APPLICABLE,FINITE_FRAGMENT,true,0.9828
experiments/tfpt-discovery/bulk_remainder_probe.py,experiments/tfpt-discovery/bulk_remainder_probe.py,,ATTACK,WEIL_POSITIVITY_WINDOWS,CERTIFIED,NOT_APPLICABLE,FINITE_FRAGMENT,true,1.872
experiments/tfpt-discovery/calderon_scaling_realize_probe.py,experiments/tfpt-discovery/calderon_scaling_realize_probe.py,,ATTACK,WEIL_POSITIVITY_WINDOWS,MEASURED,NOT_APPLICABLE,FINITE_FRAGMENT,true,1.1232
experiments/tfpt-discovery/cancellation_identity_probe.py,experiments/tfpt-discovery/cancellation_identity_probe.py,,ATTACK,WEIL_POSITIVITY_WINDOWS,KILLED,STRUCTURAL_MISMATCH,FINITE_FRAGMENT,true,1.4976
experiments/tfpt-discovery/canonical_periods_probe.py,experiments/tfpt-discovery/canonical_periods_probe.py,,ATTACK,ARAKELOV_HODGE_INTERSECTION,OPEN,NOT_APPLICABLE,FINITE_FRAGMENT,true,0.9828
experiments/tfpt-discovery/capacity_inequality_probe.py,experiments/tfpt-discovery/capacity_inequality_probe.py,,ATTACK,WEIL_POSITIVITY_WINDOWS,CERTIFIED,NOT_APPLICABLE,FINITE_FRAGMENT,true,1.872
experiments/tfpt-discovery/carleson_testing_law_probe.py,experiments/tfpt-discovery/carleson_testing_law_probe.py,,ATTACK,ARAKELOV_HODGE_INTERSECTION,OPEN,NOT_APPLICABLE,FINITE_FRAGMENT,true,0.9828
experiments/tfpt-discovery/carrier_cauchy_identity_probe.py,experiments/tfpt-discovery/carrier_cauchy_identity_probe.py,,ATTACK,RHP_IIKS_TAU,MEASURED,NOT_APPLICABLE,FINITE_FRAGMENT,true,1.1232
experiments/tfpt-discovery/carrier_cutcode_probe.py,experiments/tfpt-discovery/carrier_cutcode_probe.py,,ATTACK,ARAKELOV_HODGE_INTERSECTION,OPEN,NOT_APPLICABLE,FINITE_FRAGMENT,true,0.9828
experiments/tfpt-discovery/carrier_free_q_reconstruction_probe.py,experiments/tfpt-discovery/carrier_free_q_reconstruction_probe.py,,ATTACK,DYNAMICS_CLOCKS_PF,OPEN,NOT_APPLICABLE,FINITE_FRAGMENT,true,0.9828
experiments/tfpt-discovery/carrier_scaling_law_probe.py,experiments/tfpt-discovery/carrier_scaling_law_probe.py,,ATTACK,WEIL_POSITIVITY_WINDOWS,MEASURED,NOT_APPLICABLE,FINITE_FRAGMENT,true,1.1232
experiments/tfpt-discovery/case_edge_christoffel_probe.py,experiments/tfpt-discovery/case_edge_christoffel_probe.py,,ATTACK,WEIL_POSITIVITY_WINDOWS,MEASURED,NOT_APPLICABLE,FINITE_FRAGMENT,true,1.1232
experiments/tfpt-discovery/case_sum_rule_probe.py,experiments/tfpt-discovery/case_sum_rule_probe.py,,ATTACK,ARAKELOV_HODGE_INTERSECTION,MEASURED,NOT_APPLICABLE,FINITE_FRAGMENT,true,1.1232
experiments/tfpt-discovery/cased_replicate_probe.py,experiments/tfpt-discovery/cased_replicate_probe.py,,ATTACK,WEIL_POSITIVITY_WINDOWS,CERTIFIED,NOT_APPLICABLE,FINITE_FRAGMENT,true,1.872
experiments/tfpt-discovery/ccc_uplift_bit_kms_probe.py,experiments/tfpt-discovery/ccc_uplift_bit_kms_probe.py,,ATTACK,ADELIC_GROUPOID_CONNES,OPEN,NOT_APPLICABLE,FINITE_FRAGMENT,true,0.9828
experiments/tfpt-discovery/ccm_pn_adjudication_probe.py,experiments/tfpt-discovery/ccm_pn_adjudication_probe.py,,ATTACK,OPERATOR_SPECTRAL,OPEN,NOT_APPLICABLE,FINITE_FRAGMENT,true,0.9828
experiments/tfpt-discovery/cd_damping_compensation_probe.py,experiments/tfpt-discovery/cd_damping_compensation_probe.py,,ATTACK,CERTIFICATE_INFRASTRUCTURE,MEASURED,NOT_APPLICABLE,INFRASTRUCTURE,true,1.1232
experiments/tfpt-discovery/cd_pick_scalarization_probe.py,experiments/tfpt-discovery/cd_pick_scalarization_probe.py,,ATTACK,LATTICE_E8_HECKE,OPEN,NOT_APPLICABLE,FINITE_FRAGMENT,true,0.9828
experiments/tfpt-discovery/cdcore_probe.py,experiments/tfpt-discovery/cdcore_probe.py,,ATTACK,TOEPLITZ_MOMENT_POSITIVITY,OPEN,NOT_APPLICABLE,FINITE_FRAGMENT,true,0.9828
experiments/tfpt-discovery/celestial_seam_wp5dbeta_klm_split_strong_additivity_probe.py,experiments/tfpt-discovery/celestial_seam_wp5dbeta_klm_split_strong_additivity_probe.py,,ATTACK,CERTIFICATE_INFRASTRUCTURE,OPEN,NOT_APPLICABLE,INFRASTRUCTURE,true,0.9828
experiments/tfpt-discovery/celestial_seam_wp5e_delta1_bcov_contact_probe.py,experiments/tfpt-discovery/celestial_seam_wp5e_delta1_bcov_contact_probe.py,,ATTACK,LATTICE_E8_HECKE,OPEN,NOT_APPLICABLE,FINITE_FRAGMENT,true,0.9828
experiments/tfpt-discovery/celestial_seam_wp5e_delta1b_harvey_moore_unfolding_probe.py,experiments/tfpt-discovery/celestial_seam_wp5e_delta1b_harvey_moore_unfolding_probe.py,,ATTACK,LATTICE_E8_HECKE,OPEN,NOT_APPLICABLE,FINITE_FRAGMENT,true,0.9828
experiments/tfpt-discovery/celestial_seam_wp5e_delta1c_weil16_completion_probe.py,experiments/tfpt-discovery/celestial_seam_wp5e_delta1c_weil16_completion_probe.py,,ATTACK,WEIL_POSITIVITY_WINDOWS,OPEN,NOT_APPLICABLE,FINITE_FRAGMENT,true,0.9828
experiments/tfpt-discovery/celestial_seam_wp5e_delta1d_order4_multiplier_cancellation_probe.py,experiments/tfpt-discovery/celestial_seam_wp5e_delta1d_order4_multiplier_cancellation_probe.py,,ATTACK,WEIL_POSITIVITY_WINDOWS,OPEN,NOT_APPLICABLE,FINITE_FRAGMENT,true,0.9828
experiments/tfpt-discovery/celestial_seam_wp5e_delta1e_bcov_measure_decision_probe.py,experiments/tfpt-discovery/celestial_seam_wp5e_delta1e_bcov_measure_decision_probe.py,,ATTACK,LATTICE_E8_HECKE,OPEN,NOT_APPLICABLE,FINITE_FRAGMENT,true,0.9828
experiments/tfpt-discovery/celestial_seam_wp5e_delta1f_single_valuedness_probe.py,experiments/tfpt-discovery/celestial_seam_wp5e_delta1f_single_valuedness_probe.py,,ATTACK,ARAKELOV_HODGE_INTERSECTION,MEASURED,NOT_APPLICABLE,FINITE_FRAGMENT,true,1.1232
experiments/tfpt-discovery/celestial_seam_wp5e_m2m3_a0_uplift_probe.py,experiments/tfpt-discovery/celestial_seam_wp5e_m2m3_a0_uplift_probe.py,,ATTACK,DYNAMICS_CLOCKS_PF,OPEN,NOT_APPLICABLE,FINITE_FRAGMENT,true,0.9828
experiments/tfpt-discovery/celestial_seam_wp5e_m2m3_twisted_ks_measure_probe.py,experiments/tfpt-discovery/celestial_seam_wp5e_m2m3_twisted_ks_measure_probe.py,,ATTACK,DYNAMICS_CLOCKS_PF,KILLED,NOT_APPLICABLE,FINITE_FRAGMENT,true,1.4976
experiments/tfpt-discovery/celestial_seam_wp5e_prefactor_level_probe.py,experiments/tfpt-discovery/celestial_seam_wp5e_prefactor_level_probe.py,,ATTACK,LATTICE_E8_HECKE,OPEN,NOT_APPLICABLE,FINITE_FRAGMENT,true,0.9828
experiments/tfpt-discovery/celestial_seam_wp5e_wm_bcov_derivation_probe.py,experiments/tfpt-discovery/celestial_seam_wp5e_wm_bcov_derivation_probe.py,,ATTACK,ARAKELOV_HODGE_INTERSECTION,OPEN,NOT_APPLICABLE,FINITE_FRAGMENT,true,0.9828
experiments/tfpt-discovery/cell_cone_transport_probe.py,experiments/tfpt-discovery/cell_cone_transport_probe.py,,ATTACK,TOEPLITZ_MOMENT_POSITIVITY,MEASURED,NOT_APPLICABLE,FINITE_FRAGMENT,true,1.1232
experiments/tfpt-discovery/census_newform_recovery_probe.py,experiments/tfpt-discovery/census_newform_recovery_probe.py,,ATTACK,LATTICE_E8_HECKE,OPEN,NOT_APPLICABLE,FINITE_FRAGMENT,true,0.9828
experiments/tfpt-discovery/census_qsm_normflow_result.json,experiments/tfpt-discovery/census_qsm_normflow_result.json,,CERTIFICATE,LATTICE_E8_HECKE,OPEN,NOT_APPLICABLE,FINITE_FRAGMENT,true,1.0584
experiments/tfpt-discovery/cert_mine_probe.py,experiments/tfpt-discovery/cert_mine_probe.py,,ATTACK,DYNAMICS_CLOCKS_PF,KILLED,CIRCULAR,FINITE_FRAGMENT,true,1.4976
experiments/tfpt-discovery/certified_head_probe.py,experiments/tfpt-discovery/certified_head_probe.py,,ATTACK,WEIL_POSITIVITY_WINDOWS,CERTIFIED,NOT_APPLICABLE,FINITE_FRAGMENT,true,1.872
experiments/tfpt-discovery/certified_ladder_probe.py,experiments/tfpt-discovery/certified_ladder_probe.py,,ATTACK,WEIL_POSITIVITY_WINDOWS,CERTIFIED,NOT_APPLICABLE,FINITE_FRAGMENT,true,1.872
experiments/tfpt-discovery/certified_ladder_tail_probe.py,experiments/tfpt-discovery/certified_ladder_tail_probe.py,,ATTACK,WEIL_POSITIVITY_WINDOWS,CERTIFIED,NOT_APPLICABLE,FINITE_FRAGMENT,true,1.872
experiments/tfpt-discovery/chain_audit_probe.py,experiments/tfpt-discovery/chain_audit_probe.py,,EXTERNAL_AUDIT,TOEPLITZ_MOMENT_POSITIVITY,CERTIFIED,NOT_APPLICABLE,INFRASTRUCTURE,true,1.224
experiments/tfpt-discovery/chain_deck_sector_probe.py,experiments/tfpt-discovery/chain_deck_sector_probe.py,,ATTACK,EXPLICIT_FORMULA_IDENTITY,OPEN,NOT_APPLICABLE,IDENTITY_SIDE,true,0.9828
experiments/tfpt-discovery/chain_firstbirth_scaling_probe.py,experiments/tfpt-discovery/chain_firstbirth_scaling_probe.py,,ATTACK,LATTICE_E8_HECKE,MEASURED,NOT_APPLICABLE,FINITE_FRAGMENT,true,1.1232
experiments/tfpt-discovery/chain_mass_law_probe.py,experiments/tfpt-discovery/chain_mass_law_probe.py,,ATTACK,WEIL_POSITIVITY_WINDOWS,OPEN,NOT_APPLICABLE,FINITE_FRAGMENT,true,0.9828
experiments/tfpt-discovery/chain_position_functional_probe.py,experiments/tfpt-discovery/chain_position_functional_probe.py,,ATTACK,WEIL_POSITIVITY_WINDOWS,OPEN,NOT_APPLICABLE,FINITE_FRAGMENT,true,0.9828
experiments/tfpt-discovery/chain_section_edge_probe.py,experiments/tfpt-discovery/chain_section_edge_probe.py,,ATTACK,OPERATOR_SPECTRAL,OPEN,NOT_APPLICABLE,FINITE_FRAGMENT,true,0.9828
experiments/tfpt-discovery/chain_tolerance_scaling_probe.py,experiments/tfpt-discovery/chain_tolerance_scaling_probe.py,,ATTACK,WEIL_POSITIVITY_WINDOWS,OPEN,NOT_APPLICABLE,FINITE_FRAGMENT,true,0.9828
experiments/tfpt-discovery/chain_two_stage_hecke_probe.py,experiments/tfpt-discovery/chain_two_stage_hecke_probe.py,,ATTACK,LATTICE_E8_HECKE,OPEN,NOT_APPLICABLE,FINITE_FRAGMENT,true,0.9828
experiments/tfpt-discovery/chain_weyl_mass_probe.py,experiments/tfpt-discovery/chain_weyl_mass_probe.py,,ATTACK,WEIL_POSITIVITY_WINDOWS,OPEN,NOT_APPLICABLE,FINITE_FRAGMENT,true,0.9828
experiments/tfpt-discovery/chain_zero_layer_probe.py,experiments/tfpt-discovery/chain_zero_layer_probe.py,,ATTACK,WEIL_POSITIVITY_WINDOWS,OPEN,NOT_APPLICABLE,FINITE_FRAGMENT,true,0.9828
experiments/tfpt-discovery/channel_interference_probe.py,experiments/tfpt-discovery/channel_interference_probe.py,,ATTACK,WEIL_POSITIVITY_WINDOWS,MEASURED,NOT_APPLICABLE,FINITE_FRAGMENT,true,1.1232
experiments/tfpt-discovery/character_corner_probe.py,experiments/tfpt-discovery/character_corner_probe.py,,ATTACK,WEIL_POSITIVITY_WINDOWS,KILLED,STRUCTURAL_MISMATCH,FINITE_FRAGMENT,true,1.4976
experiments/tfpt-discovery/cheb_loewner_probe.py,experiments/tfpt-discovery/cheb_loewner_probe.py,,ATTACK,DYNAMICS_CLOCKS_PF,OPEN,NOT_APPLICABLE,FINITE_FRAGMENT,true,0.9828
experiments/tfpt-discovery/chiral_phase_probe.py,experiments/tfpt-discovery/chiral_phase_probe.py,,ATTACK,ADELIC_GROUPOID_CONNES,MEASURED,NOT_APPLICABLE,FINITE_FRAGMENT,true,1.1232
experiments/tfpt-discovery/christoffel_energy_lemma_probe.py,experiments/tfpt-discovery/christoffel_energy_lemma_probe.py,,ATTACK,SIEVE_FACTORING_GEOMETRY,CERTIFIED,NOT_APPLICABLE,UNRELATED,true,1.872
experiments/tfpt-discovery/christoffel_hypotheses_probe.py,experiments/tfpt-discovery/christoffel_hypotheses_probe.py,,ATTACK,WEIL_POSITIVITY_WINDOWS,MEASURED,NOT_APPLICABLE,FINITE_FRAGMENT,true,1.1232
experiments/tfpt-discovery/christoffel_pnt_gamma_probe.py,experiments/tfpt-discovery/christoffel_pnt_gamma_probe.py,,ATTACK,WEIL_POSITIVITY_WINDOWS,MEASURED,NOT_APPLICABLE,FINITE_FRAGMENT,true,1.1232
experiments/tfpt-discovery/christoffel_ratio_probe.py,experiments/tfpt-discovery/christoffel_ratio_probe.py,,ATTACK,WEIL_POSITIVITY_WINDOWS,MEASURED,NOT_APPLICABLE,FINITE_FRAGMENT,true,1.1232
experiments/tfpt-discovery/christoffel_transition_probe.py,experiments/tfpt-discovery/christoffel_transition_probe.py,,ATTACK,SIEVE_FACTORING_GEOMETRY,OPEN,NOT_APPLICABLE,UNRELATED,true,0.9828
experiments/tfpt-discovery/christoffel_zone_envelope_probe.py,experiments/tfpt-discovery/christoffel_zone_envelope_probe.py,,ATTACK,SIEVE_FACTORING_GEOMETRY,MEASURED,NOT_APPLICABLE,UNRELATED,true,1.1232
experiments/tfpt-discovery/clarkphase_probe.py,experiments/tfpt-discovery/clarkphase_probe.py,,ATTACK,DYNAMICS_CLOCKS_PF,OPEN,NOT_APPLICABLE,FINITE_FRAGMENT,true,0.9828
experiments/tfpt-discovery/classical_closure_probe.py,experiments/tfpt-discovery/classical_closure_probe.py,,ATTACK,CERTIFICATE_INFRASTRUCTURE,CERTIFIED,NOT_APPLICABLE,INFRASTRUCTURE,true,1.872
experiments/tfpt-discovery/clock_combination_spectrum_result.json,experiments/tfpt-discovery/clock_combination_spectrum_result.json,,CERTIFICATE,OTHER,OPEN,NOT_APPLICABLE,FINITE_FRAGMENT,true,1.0584
experiments/tfpt-discovery/code_synthesis_probe.py,experiments/tfpt-discovery/code_synthesis_probe.py,,ATTACK,LATTICE_E8_HECKE,MEASURED,NOT_APPLICABLE,FINITE_FRAGMENT,true,1.1232
experiments/tfpt-discovery/cofinal_dissect_probe.py,experiments/tfpt-discovery/cofinal_dissect_probe.py,,ATTACK,WEIL_POSITIVITY_WINDOWS,MEASURED,NOT_APPLICABLE,FINITE_FRAGMENT,true,1.1232
experiments/tfpt-discovery/cofinal_package_probe.py,experiments/tfpt-discovery/cofinal_package_probe.py,,ATTACK,LATTICE_E8_HECKE,SEALED,NOT_APPLICABLE,FINITE_FRAGMENT,true,0.8424
experiments/tfpt-discovery/cofinal_phase_cell_probe.py,experiments/tfpt-discovery/cofinal_phase_cell_probe.py,,ATTACK,WEIL_POSITIVITY_WINDOWS,OPEN,NOT_APPLICABLE,FINITE_FRAGMENT,true,0.9828
experiments/tfpt-discovery/cohomspec_probe.py,experiments/tfpt-discovery/cohomspec_probe.py,,ATTACK,WEIL_POSITIVITY_WINDOWS,MEASURED,NOT_APPLICABLE,FINITE_FRAGMENT,true,1.1232
experiments/tfpt-discovery/collective_rescue_probe.py,experiments/tfpt-discovery/collective_rescue_probe.py,,ATTACK,WEIL_POSITIVITY_WINDOWS,OPEN,NOT_APPLICABLE,FINITE_FRAGMENT,true,0.9828
experiments/tfpt-discovery/comb_compressibility_probe.py,experiments/tfpt-discovery/comb_compressibility_probe.py,,ATTACK,WEIL_POSITIVITY_WINDOWS,OPEN,NOT_APPLICABLE,FINITE_FRAGMENT,true,0.9828
experiments/tfpt-discovery/comb_window_verification_probe.py,experiments/tfpt-discovery/comb_window_verification_probe.py,,ATTACK,WEIL_POSITIVITY_WINDOWS,MEASURED,NOT_APPLICABLE,FINITE_FRAGMENT,true,1.1232
experiments/tfpt-discovery/commutant_sos_probe.py,experiments/tfpt-discovery/commutant_sos_probe.py,,ATTACK,WEIL_POSITIVITY_WINDOWS,KILLED,STRUCTURAL_MISMATCH,FINITE_FRAGMENT,true,1.4976
experiments/tfpt-discovery/compensation_bridge_probe.py,experiments/tfpt-discovery/compensation_bridge_probe.py,,ATTACK,WEIL_POSITIVITY_WINDOWS,MEASURED,NOT_APPLICABLE,FINITE_FRAGMENT,true,1.1232
experiments/tfpt-discovery/compiler_arithmetic_bridge_probe.py,experiments/tfpt-discovery/compiler_arithmetic_bridge_probe.py,,ATTACK,LATTICE_E8_HECKE,MEASURED,NOT_APPLICABLE,FINITE_FRAGMENT,true,1.1232
experiments/tfpt-discovery/compiler_bc_subsystem_probe.py,experiments/tfpt-discovery/compiler_bc_subsystem_probe.py,,ATTACK,ADELIC_GROUPOID_CONNES,OPEN,NOT_APPLICABLE,FINITE_FRAGMENT,true,0.9828
experiments/tfpt-discovery/compiler_functor_theta_probe.py,experiments/tfpt-discovery/compiler_functor_theta_probe.py,,ATTACK,MELLIN_PICK_LEE_YANG,OPEN,NOT_APPLICABLE,FINITE_FRAGMENT,true,0.9828
experiments/tfpt-discovery/conditional_expectation_probe.py,experiments/tfpt-discovery/conditional_expectation_probe.py,,ATTACK,WEIL_POSITIVITY_WINDOWS,OPEN,NOT_APPLICABLE,FINITE_FRAGMENT,true,0.9828
experiments/tfpt-discovery/conditioned_lax_flow_probe.py,experiments/tfpt-discovery/conditioned_lax_flow_probe.py,,ATTACK,RHP_IIKS_TAU,MEASURED,NOT_APPLICABLE,FINITE_FRAGMENT,true,1.1232
experiments/tfpt-discovery/conductance_profile_probe.py,experiments/tfpt-discovery/conductance_profile_probe.py,,ATTACK,WEIL_POSITIVITY_WINDOWS,CERTIFIED,NOT_APPLICABLE,FINITE_FRAGMENT,true,1.872
experiments/tfpt-discovery/conductor_functoriality_probe.py,experiments/tfpt-discovery/conductor_functoriality_probe.py,,ATTACK,CERTIFICATE_INFRASTRUCTURE,KILLED,NOT_APPLICABLE,INFRASTRUCTURE,true,1.4976
experiments/tfpt-discovery/cone_dynamics_probe.py,experiments/tfpt-discovery/cone_dynamics_probe.py,,ATTACK,WEIL_POSITIVITY_WINDOWS,OPEN,NOT_APPLICABLE,FINITE_FRAGMENT,true,0.9828
experiments/tfpt-discovery/cone_enlargement_probe.py,experiments/tfpt-discovery/cone_enlargement_probe.py,,ATTACK,WEIL_POSITIVITY_WINDOWS,MEASURED,NOT_APPLICABLE,FINITE_FRAGMENT,true,1.1232
experiments/tfpt-discovery/cone_kernel_field_probe.py,experiments/tfpt-discovery/cone_kernel_field_probe.py,,ATTACK,WEIL_POSITIVITY_WINDOWS,OPEN,NOT_APPLICABLE,FINITE_FRAGMENT,true,0.9828
experiments/tfpt-discovery/connected_covariance_probe.py,experiments/tfpt-discovery/connected_covariance_probe.py,,ATTACK,ADELIC_GROUPOID_CONNES,OPEN,NOT_APPLICABLE,FINITE_FRAGMENT,true,0.9828
experiments/tfpt-discovery/continuous_cone_probe.py,experiments/tfpt-discovery/continuous_cone_probe.py,,ATTACK,WEIL_POSITIVITY_WINDOWS,CERTIFIED,NOT_APPLICABLE,FINITE_FRAGMENT,true,1.872
experiments/tfpt-discovery/continuum_det_law_probe.py,experiments/tfpt-discovery/continuum_det_law_probe.py,,ATTACK,WEIL_POSITIVITY_WINDOWS,CERTIFIED,NOT_APPLICABLE,FINITE_FRAGMENT,true,1.872
experiments/tfpt-discovery/continuum_extension_probe.py,experiments/tfpt-discovery/continuum_extension_probe.py,,ATTACK,WEIL_POSITIVITY_WINDOWS,CERTIFIED,NOT_APPLICABLE,FINITE_FRAGMENT,true,1.872
experiments/tfpt-discovery/continuum_extraction_probe.py,experiments/tfpt-discovery/continuum_extraction_probe.py,,ATTACK,WEIL_POSITIVITY_WINDOWS,KILLED,STRUCTURAL_MISMATCH,FINITE_FRAGMENT,true,1.4976
experiments/tfpt-discovery/contract_demand_exponent_probe.py,experiments/tfpt-discovery/contract_demand_exponent_probe.py,,ATTACK,WEIL_POSITIVITY_WINDOWS,MEASURED,NOT_APPLICABLE,FINITE_FRAGMENT,true,1.1232
experiments/tfpt-discovery/core_fluctuation_normalform_probe.py,experiments/tfpt-discovery/core_fluctuation_normalform_probe.py,,ATTACK,WEIL_POSITIVITY_WINDOWS,CERTIFIED,NOT_APPLICABLE,FINITE_FRAGMENT,true,1.872
experiments/tfpt-discovery/core_graph_region_probe.py,experiments/tfpt-discovery/core_graph_region_probe.py,,ATTACK,DYNAMICS_CLOCKS_PF,MEASURED,NOT_APPLICABLE,FINITE_FRAGMENT,true,1.1232
experiments/tfpt-discovery/core_isolation_probe.py,experiments/tfpt-discovery/core_isolation_probe.py,,ATTACK,EXPLICIT_FORMULA_IDENTITY,OPEN,NOT_APPLICABLE,IDENTITY_SIDE,true,0.9828
experiments/tfpt-discovery/corner_cauchy_gate3prime_probe.py,experiments/tfpt-discovery/corner_cauchy_gate3prime_probe.py,,ATTACK,WEIL_POSITIVITY_WINDOWS,KILLED,NOT_APPLICABLE,FINITE_FRAGMENT,true,1.4976
experiments/tfpt-discovery/correlated_cancellation_probe.py,experiments/tfpt-discovery/correlated_cancellation_probe.py,,ATTACK,WEIL_POSITIVITY_WINDOWS,PROVED,NOT_APPLICABLE,FINITE_FRAGMENT,true,2.0592
experiments/tfpt-discovery/cotlar_v2_complete_comb_probe.py,experiments/tfpt-discovery/cotlar_v2_complete_comb_probe.py,,ATTACK,OPERATOR_SPECTRAL,MEASURED,NOT_APPLICABLE,FINITE_FRAGMENT,true,1.1232
experiments/tfpt-discovery/coupling_currency_probe.py,experiments/tfpt-discovery/coupling_currency_probe.py,,ATTACK,ARAKELOV_HODGE_INTERSECTION,CERTIFIED,NOT_APPLICABLE,FINITE_FRAGMENT,true,1.872
experiments/tfpt-discovery/cover_dictionary_probe.py,experiments/tfpt-discovery/cover_dictionary_probe.py,,ATTACK,DYNAMICS_CLOCKS_PF,OPEN,NOT_APPLICABLE,FINITE_FRAGMENT,true,0.9828
experiments/tfpt-discovery/coverage_hole_probe.py,experiments/tfpt-discovery/coverage_hole_probe.py,,ATTACK,SELBERG_TRACE_CONTACT,OPEN,NOT_APPLICABLE,FINITE_FRAGMENT,true,0.9828
experiments/tfpt-discovery/cp_extension_gate_probe.py,experiments/tfpt-discovery/cp_extension_gate_probe.py,,ATTACK,WEIL_POSITIVITY_WINDOWS,CERTIFIED,NOT_APPLICABLE,FINITE_FRAGMENT,true,1.872
experiments/tfpt-discovery/cp_invariant_probe.py,experiments/tfpt-discovery/cp_invariant_probe.py,,ATTACK,LATTICE_E8_HECKE,CERTIFIED,NOT_APPLICABLE,FINITE_FRAGMENT,true,1.872
experiments/tfpt-discovery/criteria_atlas_probe.py,experiments/tfpt-discovery/criteria_atlas_probe.py,,ATTACK,WEIL_POSITIVITY_WINDOWS,OPEN,NOT_APPLICABLE,FINITE_FRAGMENT,true,0.9828
experiments/tfpt-discovery/critical_direction_classical_probe.py,experiments/tfpt-discovery/critical_direction_classical_probe.py,,ATTACK,DYNAMICS_CLOCKS_PF,OPEN,NOT_APPLICABLE,FINITE_FRAGMENT,true,0.9828
experiments/tfpt-discovery/cross_lemma_probe.py,experiments/tfpt-discovery/cross_lemma_probe.py,,ATTACK,WEIL_POSITIVITY_WINDOWS,CERTIFIED,NOT_APPLICABLE,FINITE_FRAGMENT,true,1.872
experiments/tfpt-discovery/curvature_bridge_probe.py,experiments/tfpt-discovery/curvature_bridge_probe.py,,ATTACK,WEIL_POSITIVITY_WINDOWS,CERTIFIED,NOT_APPLICABLE,FINITE_FRAGMENT,true,1.872
experiments/tfpt-discovery/curve_code_2torsion_probe.py,experiments/tfpt-discovery/curve_code_2torsion_probe.py,,ATTACK,CM_CURVE_GEOMETRY,OPEN,NOT_APPLICABLE,FINITE_FRAGMENT,true,0.9828
experiments/tfpt-discovery/cuspidal_bridge_probe.py,experiments/tfpt-discovery/cuspidal_bridge_probe.py,,ATTACK,LATTICE_E8_HECKE,OPEN,NOT_APPLICABLE,FINITE_FRAGMENT,true,0.9828
experiments/tfpt-discovery/cutoff_completion_probe.py,experiments/tfpt-discovery/cutoff_completion_probe.py,,ATTACK,ARAKELOV_HODGE_INTERSECTION,MEASURED,NOT_APPLICABLE,FINITE_FRAGMENT,true,1.1232
experiments/tfpt-discovery/cutoff_formfactor_derivation_probe.py,experiments/tfpt-discovery/cutoff_formfactor_derivation_probe.py,,ATTACK,SIEVE_FACTORING_GEOMETRY,OPEN,NOT_APPLICABLE,UNRELATED,true,0.9828
experiments/tfpt-discovery/cyclic_n_census_probe.py,experiments/tfpt-discovery/cyclic_n_census_probe.py,,ATTACK,WEIL_POSITIVITY_WINDOWS,OPEN,NOT_APPLICABLE,FINITE_FRAGMENT,true,0.9828
experiments/tfpt-discovery/damping_cert_probe.py,experiments/tfpt-discovery/damping_cert_probe.py,,ATTACK,WEIL_POSITIVITY_WINDOWS,CERTIFIED,NOT_APPLICABLE,FINITE_FRAGMENT,true,1.872
experiments/tfpt-discovery/debranges_chain_probe.py,experiments/tfpt-discovery/debranges_chain_probe.py,,ATTACK,OPERATOR_SPECTRAL,OPEN,NOT_APPLICABLE,FINITE_FRAGMENT,true,0.9828
experiments/tfpt-discovery/decider_cell_probe.py,experiments/tfpt-discovery/decider_cell_probe.py,,ATTACK,LEAN_FORMALIZATION,OPEN,NOT_APPLICABLE,INFRASTRUCTURE,true,0.9828
experiments/tfpt-discovery/deep_alpha_sign_probe.py,experiments/tfpt-discovery/deep_alpha_sign_probe.py,,ATTACK,OPERATOR_SPECTRAL,CERTIFIED,NOT_APPLICABLE,FINITE_FRAGMENT,true,1.872
experiments/tfpt-discovery/deep_blind_holdout_probe.py,experiments/tfpt-discovery/deep_blind_holdout_probe.py,,ATTACK,WEIL_POSITIVITY_WINDOWS,OPEN,NOT_APPLICABLE,FINITE_FRAGMENT,true,0.9828
experiments/tfpt-discovery/deep_membership_limit_probe.py,experiments/tfpt-discovery/deep_membership_limit_probe.py,,ATTACK,TOEPLITZ_MOMENT_POSITIVITY,MEASURED,NOT_APPLICABLE,FINITE_FRAGMENT,true,1.1232
experiments/tfpt-discovery/deep_rate_mechanism_probe.py,experiments/tfpt-discovery/deep_rate_mechanism_probe.py,,ATTACK,LATTICE_E8_HECKE,PROVED,NOT_APPLICABLE,FINITE_FRAGMENT,true,2.0592
experiments/tfpt-discovery/deep_zone_stress_probe.py,experiments/tfpt-discovery/deep_zone_stress_probe.py,,ATTACK,WEIL_POSITIVITY_WINDOWS,CERTIFIED,NOT_APPLICABLE,FINITE_FRAGMENT,true,1.872
experiments/tfpt-discovery/deepcore_anatomy_probe.py,experiments/tfpt-discovery/deepcore_anatomy_probe.py,,ATTACK,WEIL_POSITIVITY_WINDOWS,MEASURED,NOT_APPLICABLE,FINITE_FRAGMENT,true,1.1232
experiments/tfpt-discovery/deepcore_bent_code_probe.py,experiments/tfpt-discovery/deepcore_bent_code_probe.py,,ATTACK,WEIL_POSITIVITY_WINDOWS,MEASURED,NOT_APPLICABLE,FINITE_FRAGMENT,true,1.1232
experiments/tfpt-discovery/deepcore_schur_reduction_probe.py,experiments/tfpt-discovery/deepcore_schur_reduction_probe.py,,ATTACK,WEIL_POSITIVITY_WINDOWS,MEASURED,NOT_APPLICABLE,FINITE_FRAGMENT,true,1.1232
experiments/tfpt-discovery/dense_limit_probe.py,experiments/tfpt-discovery/dense_limit_probe.py,,ATTACK,WEIL_POSITIVITY_WINDOWS,CERTIFIED,NOT_APPLICABLE,FINITE_FRAGMENT,true,1.872
experiments/tfpt-discovery/dense_weil_core_probe.py,experiments/tfpt-discovery/dense_weil_core_probe.py,,ATTACK,WEIL_POSITIVITY_WINDOWS,OPEN,NOT_APPLICABLE,FINITE_FRAGMENT,true,0.9828
experiments/tfpt-discovery/density_dominance_probe.py,experiments/tfpt-discovery/density_dominance_probe.py,,ATTACK,WEIL_POSITIVITY_WINDOWS,MEASURED,NOT_APPLICABLE,FINITE_FRAGMENT,true,1.1232
experiments/tfpt-discovery/detector_inversion_probe.py,experiments/tfpt-discovery/detector_inversion_probe.py,,ATTACK,CERTIFICATE_INFRASTRUCTURE,OPEN,NOT_APPLICABLE,INFRASTRUCTURE,true,0.9828
experiments/tfpt-discovery/detline_bulk_edge_probe.py,experiments/tfpt-discovery/detline_bulk_edge_probe.py,,ATTACK,ARAKELOV_HODGE_INTERSECTION,OPEN,NOT_APPLICABLE,FINITE_FRAGMENT,true,0.9828
experiments/tfpt-discovery/diagonal_separation_probe.py,experiments/tfpt-discovery/diagonal_separation_probe.py,,ATTACK,OPERATOR_SPECTRAL,MEASURED,NOT_APPLICABLE,FINITE_FRAGMENT,true,1.1232
experiments/tfpt-discovery/dinfty_jacobi_normalform_probe.py,experiments/tfpt-discovery/dinfty_jacobi_normalform_probe.py,,ATTACK,ARAKELOV_HODGE_INTERSECTION,OPEN,NOT_APPLICABLE,FINITE_FRAGMENT,true,0.9828
experiments/tfpt-discovery/directional_defect_correction_probe.py,experiments/tfpt-discovery/directional_defect_correction_probe.py,,ATTACK,SIEVE_FACTORING_GEOMETRY,CERTIFIED,NOT_APPLICABLE,UNRELATED,true,1.872
experiments/tfpt-discovery/directional_floor_density_probe.py,experiments/tfpt-discovery/directional_floor_density_probe.py,,ATTACK,CERTIFICATE_INFRASTRUCTURE,CERTIFIED,NOT_APPLICABLE,INFRASTRUCTURE,true,1.872
experiments/tfpt-discovery/directional_lanczos_fullframe_probe.py,experiments/tfpt-discovery/directional_lanczos_fullframe_probe.py,,ATTACK,WEIL_POSITIVITY_WINDOWS,KILLED,CIRCULAR,FINITE_FRAGMENT,true,1.4976
experiments/tfpt-discovery/directional_lanczos_probe.py,experiments/tfpt-discovery/directional_lanczos_probe.py,,ATTACK,TOEPLITZ_MOMENT_POSITIVITY,CERTIFIED,NOT_APPLICABLE,FINITE_FRAGMENT,true,1.872
experiments/tfpt-discovery/dirichlet_family_floor_probe.py,experiments/tfpt-discovery/dirichlet_family_floor_probe.py,,ATTACK,EXPLICIT_FORMULA_IDENTITY,OPEN,NOT_APPLICABLE,IDENTITY_SIDE,true,0.9828
experiments/tfpt-discovery/dirichlet_l4_floor_probe.py,experiments/tfpt-discovery/dirichlet_l4_floor_probe.py,,ATTACK,WEIL_POSITIVITY_WINDOWS,OPEN,NOT_APPLICABLE,FINITE_FRAGMENT,true,0.9828
experiments/tfpt-discovery/dirichlet_pole_graft_probe.py,experiments/tfpt-discovery/dirichlet_pole_graft_probe.py,,ATTACK,TOEPLITZ_MOMENT_POSITIVITY,MEASURED,NOT_APPLICABLE,FINITE_FRAGMENT,true,1.1232
experiments/tfpt-discovery/dirichlet_wall_anatomy_probe.py,experiments/tfpt-discovery/dirichlet_wall_anatomy_probe.py,,ATTACK,WEIL_POSITIVITY_WINDOWS,MEASURED,NOT_APPLICABLE,FINITE_FRAGMENT,true,1.1232
experiments/tfpt-discovery/discipline_audit_probe.py,experiments/tfpt-discovery/discipline_audit_probe.py,,EXTERNAL_AUDIT,WEIL_POSITIVITY_WINDOWS,MEASURED,NOT_APPLICABLE,INFRASTRUCTURE,true,0.7344
experiments/tfpt-discovery/displacement_sylvester12_probe.py,experiments/tfpt-discovery/displacement_sylvester12_probe.py,,ATTACK,CERTIFICATE_INFRASTRUCTURE,OPEN,NOT_APPLICABLE,INFRASTRUCTURE,true,0.9828
experiments/tfpt-discovery/divisor210_canonicity_probe.py,experiments/tfpt-discovery/divisor210_canonicity_probe.py,,ATTACK,LATTICE_E8_HECKE,MEASURED,NOT_APPLICABLE,FINITE_FRAGMENT,true,1.1232
experiments/tfpt-discovery/divisor_weyl_port_probe.py,experiments/tfpt-discovery/divisor_weyl_port_probe.py,,ATTACK,ADELIC_GROUPOID_CONNES,OPEN,NOT_APPLICABLE,FINITE_FRAGMENT,true,0.9828
experiments/tfpt-discovery/dk_recursion_probe.py,experiments/tfpt-discovery/dk_recursion_probe.py,,ATTACK,WEIL_POSITIVITY_WINDOWS,CERTIFIED,NOT_APPLICABLE,FINITE_FRAGMENT,true,1.872
experiments/tfpt-discovery/door_a_spectral_polarization_probe.py,experiments/tfpt-discovery/door_a_spectral_polarization_probe.py,,ATTACK,WEIL_POSITIVITY_WINDOWS,CERTIFIED,NOT_APPLICABLE,FINITE_FRAGMENT,true,1.872
experiments/tfpt-discovery/door_b_lambda_transport_probe.py,experiments/tfpt-discovery/door_b_lambda_transport_probe.py,,ATTACK,WEIL_POSITIVITY_WINDOWS,MEASURED,NOT_APPLICABLE,FINITE_FRAGMENT,true,1.1232
experiments/tfpt-discovery/driver_cert_probe.py,experiments/tfpt-discovery/driver_cert_probe.py,,ATTACK,WEIL_POSITIVITY_WINDOWS,CERTIFIED,NOT_APPLICABLE,FINITE_FRAGMENT,true,1.872
experiments/tfpt-discovery/duad_syntheme_bridge_probe.py,experiments/tfpt-discovery/duad_syntheme_bridge_probe.py,,ATTACK,DYNAMICS_CLOCKS_PF,OPEN,NOT_APPLICABLE,FINITE_FRAGMENT,true,0.9828
experiments/tfpt-discovery/duality_forms_probe.py,experiments/tfpt-discovery/duality_forms_probe.py,,ATTACK,WEIL_POSITIVITY_WINDOWS,OPEN,NOT_APPLICABLE,FINITE_FRAGMENT,true,0.9828
experiments/tfpt-discovery/e8_affine_nsr_probe.py,experiments/tfpt-discovery/e8_affine_nsr_probe.py,,ATTACK,LATTICE_E8_HECKE,OPEN,NOT_APPLICABLE,FINITE_FRAGMENT,true,0.9828
experiments/tfpt-discovery/e8_chirality_orientation_probe.py,experiments/tfpt-discovery/e8_chirality_orientation_probe.py,,ATTACK,LATTICE_E8_HECKE,INCONCLUSIVE,NOT_APPLICABLE,FINITE_FRAGMENT,true,0.7488
experiments/tfpt-discovery/e8_code_probe.py,experiments/tfpt-discovery/e8_code_probe.py,,ATTACK,LATTICE_E8_HECKE,OPEN,NOT_APPLICABLE,FINITE_FRAGMENT,true,0.9828
experiments/tfpt-discovery/e8_glue_character_atlas_probe.py,experiments/tfpt-discovery/e8_glue_character_atlas_probe.py,,ATTACK,LATTICE_E8_HECKE,OPEN,NOT_APPLICABLE,FINITE_FRAGMENT,true,0.9828
experiments/tfpt-discovery/e8_glue_chi4_signed_theta_probe.py,experiments/tfpt-discovery/e8_glue_chi4_signed_theta_probe.py,,ATTACK,LATTICE_E8_HECKE,OPEN,NOT_APPLICABLE,FINITE_FRAGMENT,true,0.9828
experiments/tfpt-discovery/e8_glue_lseries_selfdual_probe.py,experiments/tfpt-discovery/e8_glue_lseries_selfdual_probe.py,,ATTACK,DYNAMICS_CLOCKS_PF,MEASURED,NOT_APPLICABLE,FINITE_FRAGMENT,true,1.1232
experiments/tfpt-discovery/e8_kms_schur_parent_probe.py,experiments/tfpt-discovery/e8_kms_schur_parent_probe.py,,ATTACK,DYNAMICS_CLOCKS_PF,MEASURED,NOT_APPLICABLE,FINITE_FRAGMENT,true,1.1232
experiments/tfpt-discovery/e8_kneser_transport_holonomy_probe.py,experiments/tfpt-discovery/e8_kneser_transport_holonomy_probe.py,,ATTACK,LATTICE_E8_HECKE,OPEN,NOT_APPLICABLE,FINITE_FRAGMENT,true,0.9828
experiments/tfpt-discovery/e8_lambda_charsum_evaluator_probe.py,experiments/tfpt-discovery/e8_lambda_charsum_evaluator_probe.py,,ATTACK,LATTICE_E8_HECKE,OPEN,NOT_APPLICABLE,FINITE_FRAGMENT,true,0.9828
experiments/tfpt-discovery/e8_local_densities_probe.py,experiments/tfpt-discovery/e8_local_densities_probe.py,,ATTACK,LATTICE_E8_HECKE,KILLED,NOT_APPLICABLE,FINITE_FRAGMENT,true,1.4976
experiments/tfpt-discovery/e8_neighbor_operator_decomposition_probe.py,experiments/tfpt-discovery/e8_neighbor_operator_decomposition_probe.py,,ATTACK,LATTICE_E8_HECKE,OPEN,NOT_APPLICABLE,FINITE_FRAGMENT,true,0.9828
experiments/tfpt-discovery/e8_nu_rule_many_primes_probe.py,experiments/tfpt-discovery/e8_nu_rule_many_primes_probe.py,,ATTACK,LATTICE_E8_HECKE,OPEN,NOT_APPLICABLE,FINITE_FRAGMENT,true,0.9828
experiments/tfpt-discovery/e8_pneighbor_hecke_probe.py,experiments/tfpt-discovery/e8_pneighbor_hecke_probe.py,,ATTACK,LATTICE_E8_HECKE,OPEN,NOT_APPLICABLE,FINITE_FRAGMENT,true,0.9828
experiments/tfpt-discovery/e8_ramified_jetcode_probe.py,experiments/tfpt-discovery/e8_ramified_jetcode_probe.py,,ATTACK,LATTICE_E8_HECKE,CERTIFIED,NOT_APPLICABLE,FINITE_FRAGMENT,true,1.872
experiments/tfpt-discovery/e8_salie_signed_cusp_probe.py,experiments/tfpt-discovery/e8_salie_signed_cusp_probe.py,,ATTACK,LATTICE_E8_HECKE,OPEN,NOT_APPLICABLE,FINITE_FRAGMENT,true,0.9828
experiments/tfpt-discovery/e8_seifert_fourreadout_battery_probe.py,experiments/tfpt-discovery/e8_seifert_fourreadout_battery_probe.py,,ATTACK,LATTICE_E8_HECKE,OPEN,NOT_APPLICABLE,FINITE_FRAGMENT,true,0.9828
experiments/tfpt-discovery/e8_syndrome_algebra_probe.py,experiments/tfpt-discovery/e8_syndrome_algebra_probe.py,,ATTACK,DYNAMICS_CLOCKS_PF,OPEN,NOT_APPLICABLE,FINITE_FRAGMENT,true,0.9828
experiments/tfpt-discovery/e8_torsor_fourier_probe.py,experiments/tfpt-discovery/e8_torsor_fourier_probe.py,,ATTACK,LATTICE_E8_HECKE,OPEN,NOT_APPLICABLE,FINITE_FRAGMENT,true,0.9828
experiments/tfpt-discovery/e8_transition_bus_probe.py,experiments/tfpt-discovery/e8_transition_bus_probe.py,,ATTACK,LATTICE_E8_HECKE,OPEN,NOT_APPLICABLE,FINITE_FRAGMENT,true,0.9828
experiments/tfpt-discovery/e8_transport_cusp_uniformity_probe.py,experiments/tfpt-discovery/e8_transport_cusp_uniformity_probe.py,,ATTACK,LATTICE_E8_HECKE,OPEN,NOT_APPLICABLE,FINITE_FRAGMENT,true,0.9828
experiments/tfpt-discovery/e8_unused_prime_code_probe.py,experiments/tfpt-discovery/e8_unused_prime_code_probe.py,,ATTACK,LATTICE_E8_HECKE,OPEN,NOT_APPLICABLE,FINITE_FRAGMENT,true,0.9828
experiments/tfpt-discovery/edge_bulk_smoothing_probe.py,experiments/tfpt-discovery/edge_bulk_smoothing_probe.py,,ATTACK,RHP_IIKS_TAU,MEASURED,NOT_APPLICABLE,FINITE_FRAGMENT,true,1.1232
experiments/tfpt-discovery/edge_defect_kill_probe.py,experiments/tfpt-discovery/edge_defect_kill_probe.py,,ATTACK,WEIL_POSITIVITY_WINDOWS,MEASURED,NOT_APPLICABLE,FINITE_FRAGMENT,true,1.1232
experiments/tfpt-discovery/endpoint_bracket_probe.py,experiments/tfpt-discovery/endpoint_bracket_probe.py,,ATTACK,LATTICE_E8_HECKE,MEASURED,NOT_APPLICABLE,FINITE_FRAGMENT,true,1.1232
experiments/tfpt-discovery/envelope_derivation_gap_probe.py,experiments/tfpt-discovery/envelope_derivation_gap_probe.py,,ATTACK,OPERATOR_SPECTRAL,OPEN,NOT_APPLICABLE,FINITE_FRAGMENT,true,0.9828
experiments/tfpt-discovery/envelope_theorem_probe.py,experiments/tfpt-discovery/envelope_theorem_probe.py,,ATTACK,SIEVE_FACTORING_GEOMETRY,MEASURED,NOT_APPLICABLE,UNRELATED,true,1.1232
experiments/tfpt-discovery/epsilon_theorem_probe.py,experiments/tfpt-discovery/epsilon_theorem_probe.py,,ATTACK,WEIL_POSITIVITY_WINDOWS,CERTIFIED,NOT_APPLICABLE,FINITE_FRAGMENT,true,1.872
experiments/tfpt-discovery/epstein_collapse_probe.py,experiments/tfpt-discovery/epstein_collapse_probe.py,,ATTACK,WEIL_POSITIVITY_WINDOWS,CERTIFIED,NOT_APPLICABLE,FINITE_FRAGMENT,true,1.872
experiments/tfpt-discovery/epstein_firewall_probe.py,experiments/tfpt-discovery/epstein_firewall_probe.py,,ATTACK,WEIL_POSITIVITY_WINDOWS,OPEN,NOT_APPLICABLE,FINITE_FRAGMENT,true,0.9828
experiments/tfpt-discovery/equivariant_dual_probe.py,experiments/tfpt-discovery/equivariant_dual_probe.py,,ATTACK,ARAKELOV_HODGE_INTERSECTION,OPEN,NOT_APPLICABLE,FINITE_FRAGMENT,true,0.9828
experiments/tfpt-discovery/errorterm_demand_curve_probe.py,experiments/tfpt-discovery/errorterm_demand_curve_probe.py,,ATTACK,ARAKELOV_HODGE_INTERSECTION,MEASURED,NOT_APPLICABLE,FINITE_FRAGMENT,true,1.1232
experiments/tfpt-discovery/eta_margin_source_probe.py,experiments/tfpt-discovery/eta_margin_source_probe.py,,ATTACK,WEIL_POSITIVITY_WINDOWS,MEASURED,NOT_APPLICABLE,FINITE_FRAGMENT,true,1.1232
experiments/tfpt-discovery/etasource_kyp_probe.py,experiments/tfpt-discovery/etasource_kyp_probe.py,,ATTACK,OPERATOR_SPECTRAL,CERTIFIED,NOT_APPLICABLE,FINITE_FRAGMENT,true,1.872
experiments/tfpt-discovery/euler_clark_test_probe.py,experiments/tfpt-discovery/euler_clark_test_probe.py,,ATTACK,WEIL_POSITIVITY_WINDOWS,MEASURED,NOT_APPLICABLE,FINITE_FRAGMENT,true,1.1232
experiments/tfpt-discovery/euler_operator_lift_probe.py,experiments/tfpt-discovery/euler_operator_lift_probe.py,,ATTACK,SIEVE_FACTORING_GEOMETRY,CERTIFIED,NOT_APPLICABLE,UNRELATED,true,1.872
experiments/tfpt-discovery/euler_phase_identity_probe.py,experiments/tfpt-discovery/euler_phase_identity_probe.py,,ATTACK,WEIL_POSITIVITY_WINDOWS,MEASURED,NOT_APPLICABLE,FINITE_FRAGMENT,true,1.1232
experiments/tfpt-discovery/euler_rouche_probe.py,experiments/tfpt-discovery/euler_rouche_probe.py,,ATTACK,WEIL_POSITIVITY_WINDOWS,MEASURED,NOT_APPLICABLE,FINITE_FRAGMENT,true,1.1232
experiments/tfpt-discovery/euler_scattering_source_probe.py,experiments/tfpt-discovery/euler_scattering_source_probe.py,,ATTACK,WEIL_POSITIVITY_WINDOWS,MEASURED,NOT_APPLICABLE,FINITE_FRAGMENT,true,1.1232
experiments/tfpt-discovery/euler_schur_semigroup_probe.py,experiments/tfpt-discovery/euler_schur_semigroup_probe.py,,ATTACK,SIEVE_FACTORING_GEOMETRY,OPEN,NOT_APPLICABLE,UNRELATED,true,0.9828
experiments/tfpt-discovery/eulerpick_ladder_probe.py,experiments/tfpt-discovery/eulerpick_ladder_probe.py,,ATTACK,EXPLICIT_FORMULA_IDENTITY,CERTIFIED,NOT_APPLICABLE,IDENTITY_SIDE,true,1.872
experiments/tfpt-discovery/exact_form_probe.py,experiments/tfpt-discovery/exact_form_probe.py,,ATTACK,WEIL_POSITIVITY_WINDOWS,CERTIFIED,NOT_APPLICABLE,FINITE_FRAGMENT,true,1.872
experiments/tfpt-discovery/excess_certified_skeleton_probe.py,experiments/tfpt-discovery/excess_certified_skeleton_probe.py,,ATTACK,TOEPLITZ_MOMENT_POSITIVITY,CERTIFIED,NOT_APPLICABLE,FINITE_FRAGMENT,true,1.872
experiments/tfpt-discovery/exclusion_battery_v2_probe.py,experiments/tfpt-discovery/exclusion_battery_v2_probe.py,,ATTACK,WEIL_POSITIVITY_WINDOWS,CERTIFIED,NOT_APPLICABLE,FINITE_FRAGMENT,true,1.872
experiments/tfpt-discovery/exclusion_ladder_deep_probe.py,experiments/tfpt-discovery/exclusion_ladder_deep_probe.py,,ATTACK,TOEPLITZ_MOMENT_POSITIVITY,CERTIFIED,NOT_APPLICABLE,FINITE_FRAGMENT,true,1.872
experiments/tfpt-discovery/exclusion_ladder_saturation_probe.py,experiments/tfpt-discovery/exclusion_ladder_saturation_probe.py,,ATTACK,OTHER,CERTIFIED,NOT_APPLICABLE,FINITE_FRAGMENT,true,1.872
experiments/tfpt-discovery/exclusion_range_extension_probe.py,experiments/tfpt-discovery/exclusion_range_extension_probe.py,,ATTACK,OTHER,OPEN,NOT_APPLICABLE,FINITE_FRAGMENT,true,0.9828
experiments/tfpt-discovery/exclusion_zero_locator_probe.py,experiments/tfpt-discovery/exclusion_zero_locator_probe.py,,ATTACK,WEIL_POSITIVITY_WINDOWS,OPEN,NOT_APPLICABLE,FINITE_FRAGMENT,true,0.9828
experiments/tfpt-discovery/exclusion_zero_locator_v2_probe.py,experiments/tfpt-discovery/exclusion_zero_locator_v2_probe.py,,ATTACK,WEIL_POSITIVITY_WINDOWS,OPEN,NOT_APPLICABLE,FINITE_FRAGMENT,true,0.9828
experiments/tfpt-discovery/exterior_pg_renormalized_probe.py,experiments/tfpt-discovery/exterior_pg_renormalized_probe.py,,ATTACK,CERTIFICATE_INFRASTRUCTURE,CERTIFIED,NOT_APPLICABLE,INFRASTRUCTURE,true,1.872
experiments/tfpt-discovery/exterior_pg_schur_probe.py,experiments/tfpt-discovery/exterior_pg_schur_probe.py,,ATTACK,OTHER,CERTIFIED,NOT_APPLICABLE,FINITE_FRAGMENT,true,1.872
experiments/tfpt-discovery/exterior_square_factorization_probe.py,experiments/tfpt-discovery/exterior_square_factorization_probe.py,,ATTACK,SIEVE_FACTORING_GEOMETRY,MEASURED,NOT_APPLICABLE,UNRELATED,true,1.1232
experiments/tfpt-discovery/external_lattice_audit_probe.py,experiments/tfpt-discovery/external_lattice_audit_probe.py,,EXTERNAL_AUDIT,CM_CURVE_GEOMETRY,OPEN,NOT_APPLICABLE,INFRASTRUCTURE,true,0.6426
experiments/tfpt-discovery/extremal_kernel_probe.py,experiments/tfpt-discovery/extremal_kernel_probe.py,,ATTACK,WEIL_POSITIVITY_WINDOWS,MEASURED,NOT_APPLICABLE,FINITE_FRAGMENT,true,1.1232
experiments/tfpt-discovery/extremal_window_budget_probe.py,experiments/tfpt-discovery/extremal_window_budget_probe.py,,ATTACK,WEIL_POSITIVITY_WINDOWS,CERTIFIED,NOT_APPLICABLE,FINITE_FRAGMENT,true,1.872
experiments/tfpt-discovery/f4_residual_attack_probe.py,experiments/tfpt-discovery/f4_residual_attack_probe.py,,ATTACK,WEIL_POSITIVITY_WINDOWS,MEASURED,NOT_APPLICABLE,FINITE_FRAGMENT,true,1.1232
experiments/tfpt-discovery/f8_sector_continuum_probe.py,experiments/tfpt-discovery/f8_sector_continuum_probe.py,,ATTACK,WEIL_POSITIVITY_WINDOWS,KILLED,STRUCTURAL_MISMATCH,FINITE_FRAGMENT,true,1.4976
experiments/tfpt-discovery/factor_avoidance_euler_probe.py,experiments/tfpt-discovery/factor_avoidance_euler_probe.py,,ATTACK,WEIL_POSITIVITY_WINDOWS,MEASURED,NOT_APPLICABLE,FINITE_FRAGMENT,true,1.1232
experiments/tfpt-discovery/fe_symmetrization_probe.py,experiments/tfpt-discovery/fe_symmetrization_probe.py,,ATTACK,WEIL_POSITIVITY_WINDOWS,OPEN,NOT_APPLICABLE,FINITE_FRAGMENT,true,0.9828
experiments/tfpt-discovery/fejer_density_bound_probe.py,experiments/tfpt-discovery/fejer_density_bound_probe.py,,ATTACK,WEIL_POSITIVITY_WINDOWS,MEASURED,NOT_APPLICABLE,FINITE_FRAGMENT,true,1.1232
experiments/tfpt-discovery/feshbach_hessian_probe.py,experiments/tfpt-discovery/feshbach_hessian_probe.py,,ATTACK,WEIL_POSITIVITY_WINDOWS,MEASURED,NOT_APPLICABLE,FINITE_FRAGMENT,true,1.1232
experiments/tfpt-discovery/final_map_probe.py,experiments/tfpt-discovery/final_map_probe.py,,ATTACK,WEIL_POSITIVITY_WINDOWS,CERTIFIED,NOT_APPLICABLE,FINITE_FRAGMENT,true,1.872
experiments/tfpt-discovery/fine_invariant_c1_bridge_probe.py,experiments/tfpt-discovery/fine_invariant_c1_bridge_probe.py,,ATTACK,ARAKELOV_HODGE_INTERSECTION,OPEN,NOT_APPLICABLE,FINITE_FRAGMENT,true,0.9828
experiments/tfpt-discovery/finite_harmonic_certificate_probe.py,experiments/tfpt-discovery/finite_harmonic_certificate_probe.py,,ATTACK,WEIL_POSITIVITY_WINDOWS,CERTIFIED,NOT_APPLICABLE,FINITE_FRAGMENT,true,1.872
experiments/tfpt-discovery/finite_zero_transfer_probe.py,experiments/tfpt-discovery/finite_zero_transfer_probe.py,,ATTACK,WEIL_POSITIVITY_WINDOWS,MEASURED,NOT_APPLICABLE,FINITE_FRAGMENT,true,1.1232
experiments/tfpt-discovery/finitegap_reference_probe.py,experiments/tfpt-discovery/finitegap_reference_probe.py,,ATTACK,WEIL_POSITIVITY_WINDOWS,OPEN,NOT_APPLICABLE,FINITE_FRAGMENT,true,0.9828
experiments/tfpt-discovery/flip_mechanics_probe.py,experiments/tfpt-discovery/flip_mechanics_probe.py,,ATTACK,WEIL_POSITIVITY_WINDOWS,MEASURED,NOT_APPLICABLE,FINITE_FRAGMENT,true,1.1232
experiments/tfpt-discovery/floor_envelope_depth_probe.py,experiments/tfpt-discovery/floor_envelope_depth_probe.py,,ATTACK,WEIL_POSITIVITY_WINDOWS,KILLED,NOT_APPLICABLE,FINITE_FRAGMENT,true,1.4976
experiments/tfpt-discovery/floor_ingredients_probe.py,experiments/tfpt-discovery/floor_ingredients_probe.py,,ATTACK,WEIL_POSITIVITY_WINDOWS,MEASURED,NOT_APPLICABLE,FINITE_FRAGMENT,true,1.1232
experiments/tfpt-discovery/fold_covariance_probe.py,experiments/tfpt-discovery/fold_covariance_probe.py,,ATTACK,WEIL_POSITIVITY_WINDOWS,OPEN,NOT_APPLICABLE,FINITE_FRAGMENT,true,0.9828
experiments/tfpt-discovery/form_convergence_theorem_probe.py,experiments/tfpt-discovery/form_convergence_theorem_probe.py,,ATTACK,WEIL_POSITIVITY_WINDOWS,MEASURED,NOT_APPLICABLE,FINITE_FRAGMENT,true,1.1232
experiments/tfpt-discovery/frame_beyond_probe.py,experiments/tfpt-discovery/frame_beyond_probe.py,,ATTACK,WEIL_POSITIVITY_WINDOWS,CERTIFIED,NOT_APPLICABLE,FINITE_FRAGMENT,true,1.872
experiments/tfpt-discovery/frame_rate_probe.py,experiments/tfpt-discovery/frame_rate_probe.py,,ATTACK,WEIL_POSITIVITY_WINDOWS,CERTIFIED,NOT_APPLICABLE,FINITE_FRAGMENT,true,1.872
experiments/tfpt-discovery/freetail_case_bridge_probe.py,experiments/tfpt-discovery/freetail_case_bridge_probe.py,,ATTACK,SIEVE_FACTORING_GEOMETRY,MEASURED,NOT_APPLICABLE,UNRELATED,true,1.1232
experiments/tfpt-discovery/friedrichs_angle_probe.py,experiments/tfpt-discovery/friedrichs_angle_probe.py,,ATTACK,WEIL_POSITIVITY_WINDOWS,CERTIFIED,NOT_APPLICABLE,FINITE_FRAGMENT,true,1.872
experiments/tfpt-discovery/ftransfer_context15_probe.py,experiments/tfpt-discovery/ftransfer_context15_probe.py,,ATTACK,ARAKELOV_HODGE_INTERSECTION,OPEN,NOT_APPLICABLE,FINITE_FRAGMENT,true,0.9828
experiments/tfpt-discovery/functor_wiring_halfintegral_probe.py,experiments/tfpt-discovery/functor_wiring_halfintegral_probe.py,,ATTACK,LATTICE_E8_HECKE,KILLED,NOT_APPLICABLE,FINITE_FRAGMENT,true,1.4976
experiments/tfpt-discovery/g2_discriminator_probe.py,experiments/tfpt-discovery/g2_discriminator_probe.py,,ATTACK,WEIL_POSITIVITY_WINDOWS,MEASURED,NOT_APPLICABLE,FINITE_FRAGMENT,true,1.1232
experiments/tfpt-discovery/g2_lawwall_asymptotics_probe.py,experiments/tfpt-discovery/g2_lawwall_asymptotics_probe.py,,ATTACK,WEIL_POSITIVITY_WINDOWS,CERTIFIED,NOT_APPLICABLE,FINITE_FRAGMENT,true,1.872
experiments/tfpt-discovery/g31_clock_alphabet_probe.py,experiments/tfpt-discovery/g31_clock_alphabet_probe.py,,ATTACK,LATTICE_E8_HECKE,OPEN,NOT_APPLICABLE,FINITE_FRAGMENT,true,0.9828
experiments/tfpt-discovery/gamma_forced_probe.py,experiments/tfpt-discovery/gamma_forced_probe.py,,ATTACK,DYNAMICS_CLOCKS_PF,OPEN,NOT_APPLICABLE,FINITE_FRAGMENT,true,0.9828
experiments/tfpt-discovery/gap_scaling_variable_probe.py,experiments/tfpt-discovery/gap_scaling_variable_probe.py,,ATTACK,CERTIFICATE_INFRASTRUCTURE,MEASURED,NOT_APPLICABLE,INFRASTRUCTURE,true,1.1232
experiments/tfpt-discovery/garding_edgeband_probe.py,experiments/tfpt-discovery/garding_edgeband_probe.py,,ATTACK,EXPLICIT_FORMULA_IDENTITY,MEASURED,NOT_APPLICABLE,IDENTITY_SIDE,true,1.1232
experiments/tfpt-discovery/garding_envelope_probe.py,experiments/tfpt-discovery/garding_envelope_probe.py,,ATTACK,WEIL_POSITIVITY_WINDOWS,MEASURED,NOT_APPLICABLE,FINITE_FRAGMENT,true,1.1232
experiments/tfpt-discovery/garding_minorant_probe.py,experiments/tfpt-discovery/garding_minorant_probe.py,,ATTACK,DYNAMICS_CLOCKS_PF,CERTIFIED,NOT_APPLICABLE,FINITE_FRAGMENT,true,1.872
experiments/tfpt-discovery/garding_probe.py,experiments/tfpt-discovery/garding_probe.py,,ATTACK,WEIL_POSITIVITY_WINDOWS,MEASURED,NOT_APPLICABLE,FINITE_FRAGMENT,true,1.1232
experiments/tfpt-discovery/gauge_detline_fixpoint_probe.py,experiments/tfpt-discovery/gauge_detline_fixpoint_probe.py,,ATTACK,SIEVE_FACTORING_GEOMETRY,KILLED,NOT_APPLICABLE,UNRELATED,true,1.4976
experiments/tfpt-discovery/gauge_stiffness_stepscaling_probe.py,experiments/tfpt-discovery/gauge_stiffness_stepscaling_probe.py,,ATTACK,SIEVE_FACTORING_GEOMETRY,INCONCLUSIVE,NOT_APPLICABLE,UNRELATED,true,0.7488
experiments/tfpt-discovery/gauss_crossdefect_probe.py,experiments/tfpt-discovery/gauss_crossdefect_probe.py,,ATTACK,OPERATOR_SPECTRAL,OPEN,NOT_APPLICABLE,FINITE_FRAGMENT,true,0.9828
experiments/tfpt-discovery/gauss_node_unitary_probe.py,experiments/tfpt-discovery/gauss_node_unitary_probe.py,,ATTACK,OPERATOR_SPECTRAL,OPEN,NOT_APPLICABLE,FINITE_FRAGMENT,true,0.9828
experiments/tfpt-discovery/gaussian_code_bridge_probe.py,experiments/tfpt-discovery/gaussian_code_bridge_probe.py,,ATTACK,LATTICE_E8_HECKE,KILLED,NOT_APPLICABLE,FINITE_FRAGMENT,true,1.4976
experiments/tfpt-discovery/gaussian_lift_probe.py,experiments/tfpt-discovery/gaussian_lift_probe.py,,ATTACK,LATTICE_E8_HECKE,OPEN,NOT_APPLICABLE,FINITE_FRAGMENT,true,0.9828
experiments/tfpt-discovery/gaussian_shell_global_probe.py,experiments/tfpt-discovery/gaussian_shell_global_probe.py,,ATTACK,LATTICE_E8_HECKE,OPEN,NOT_APPLICABLE,FINITE_FRAGMENT,true,0.9828
experiments/tfpt-discovery/geometric_polarization_probe.py,experiments/tfpt-discovery/geometric_polarization_probe.py,,ATTACK,WEIL_POSITIVITY_WINDOWS,OPEN,NOT_APPLICABLE,FINITE_FRAGMENT,true,0.9828
experiments/tfpt-discovery/geometric_sos_probe.py,experiments/tfpt-discovery/geometric_sos_probe.py,,ATTACK,WEIL_POSITIVITY_WINDOWS,MEASURED,NOT_APPLICABLE,FINITE_FRAGMENT,true,1.1232
experiments/tfpt-discovery/gnet_martingale_probe.py,experiments/tfpt-discovery/gnet_martingale_probe.py,,ATTACK,WEIL_POSITIVITY_WINDOWS,MEASURED,NOT_APPLICABLE,FINITE_FRAGMENT,true,1.1232
experiments/tfpt-discovery/graded_kernel_field_probe.py,experiments/tfpt-discovery/graded_kernel_field_probe.py,,ATTACK,TOEPLITZ_MOMENT_POSITIVITY,OPEN,NOT_APPLICABLE,FINITE_FRAGMENT,true,0.9828
experiments/tfpt-discovery/grand_assembly_probe.py,experiments/tfpt-discovery/grand_assembly_probe.py,,ATTACK,WEIL_POSITIVITY_WINDOWS,CERTIFIED,NOT_APPLICABLE,FINITE_FRAGMENT,true,1.872
experiments/tfpt-discovery/green_align_probe.py,experiments/tfpt-discovery/green_align_probe.py,,ATTACK,WEIL_POSITIVITY_WINDOWS,CERTIFIED,NOT_APPLICABLE,FINITE_FRAGMENT,true,1.872
experiments/tfpt-discovery/green_asymptotic_probe.py,experiments/tfpt-discovery/green_asymptotic_probe.py,,ATTACK,WEIL_POSITIVITY_WINDOWS,CERTIFIED,NOT_APPLICABLE,FINITE_FRAGMENT,true,1.872
experiments/tfpt-discovery/green_decay_probe.py,experiments/tfpt-discovery/green_decay_probe.py,,ATTACK,TOEPLITZ_MOMENT_POSITIVITY,CERTIFIED,NOT_APPLICABLE,FINITE_FRAGMENT,true,1.872
experiments/tfpt-discovery/gue_ablation_probe.py,experiments/tfpt-discovery/gue_ablation_probe.py,,ATTACK,ADELIC_GROUPOID_CONNES,KILLED,STRUCTURAL_MISMATCH,FINITE_FRAGMENT,true,1.4976
experiments/tfpt-discovery/gue_saturation_probe.py,experiments/tfpt-discovery/gue_saturation_probe.py,,ATTACK,WEIL_POSITIVITY_WINDOWS,OPEN,NOT_APPLICABLE,FINITE_FRAGMENT,true,0.9828
experiments/tfpt-discovery/h1h2_envelope_derivation_probe.py,experiments/tfpt-discovery/h1h2_envelope_derivation_probe.py,,ATTACK,WEIL_POSITIVITY_WINDOWS,CERTIFIED,NOT_APPLICABLE,FINITE_FRAGMENT,true,1.872
experiments/tfpt-discovery/half_integral_selfconvolution_probe.py,experiments/tfpt-discovery/half_integral_selfconvolution_probe.py,,ATTACK,SELBERG_TRACE_CONTACT,OPEN,NOT_APPLICABLE,FINITE_FRAGMENT,true,0.9828
experiments/tfpt-discovery/halfgap_registration_probe.py,experiments/tfpt-discovery/halfgap_registration_probe.py,,ATTACK,ADELIC_GROUPOID_CONNES,MEASURED,NOT_APPLICABLE,FINITE_FRAGMENT,true,1.1232
experiments/tfpt-discovery/halfgap_riccati_increment_probe.py,experiments/tfpt-discovery/halfgap_riccati_increment_probe.py,,ATTACK,SCREW_SUBORDINATION_LSTAR,CERTIFIED,NOT_APPLICABLE,FINITE_FRAGMENT,true,1.872
experiments/tfpt-discovery/halfgap_riccati_transition_probe.py,experiments/tfpt-discovery/halfgap_riccati_transition_probe.py,,ATTACK,WEIL_POSITIVITY_WINDOWS,CERTIFIED,NOT_APPLICABLE,FINITE_FRAGMENT,true,1.872
experiments/tfpt-discovery/handoff_bulk_probe.py,experiments/tfpt-discovery/handoff_bulk_probe.py,,ATTACK,WEIL_POSITIVITY_WINDOWS,OPEN,NOT_APPLICABLE,FINITE_FRAGMENT,true,0.9828
experiments/tfpt-discovery/handoff_compat_eps3_probe.py,experiments/tfpt-discovery/handoff_compat_eps3_probe.py,,ATTACK,WEIL_POSITIVITY_WINDOWS,KILLED,NOT_APPLICABLE,FINITE_FRAGMENT,true,1.4976
experiments/tfpt-discovery/handoff_fixed_window_resolution_probe.py,experiments/tfpt-discovery/handoff_fixed_window_resolution_probe.py,,ATTACK,WEIL_POSITIVITY_WINDOWS,KILLED,NOT_APPLICABLE,FINITE_FRAGMENT,true,1.4976
experiments/tfpt-discovery/handoff_frequency_gram_probe.py,experiments/tfpt-discovery/handoff_frequency_gram_probe.py,,ATTACK,WEIL_POSITIVITY_WINDOWS,OPEN,NOT_APPLICABLE,FINITE_FRAGMENT,true,0.9828
experiments/tfpt-discovery/handoff_redteam_probe.py,experiments/tfpt-discovery/handoff_redteam_probe.py,,ATTACK,WEIL_POSITIVITY_WINDOWS,INCONCLUSIVE,NOT_APPLICABLE,FINITE_FRAGMENT,true,0.7488
experiments/tfpt-discovery/handoff_tail_weil_probe.py,experiments/tfpt-discovery/handoff_tail_weil_probe.py,,ATTACK,WEIL_POSITIVITY_WINDOWS,KILLED,STRUCTURAL_MISMATCH,FINITE_FRAGMENT,true,1.4976
experiments/tfpt-discovery/hardness_calibration_falsification_probe.py,experiments/tfpt-discovery/hardness_calibration_falsification_probe.py,,ATTACK,CERTIFICATE_INFRASTRUCTURE,CERTIFIED,NOT_APPLICABLE,INFRASTRUCTURE,true,1.872
experiments/tfpt-discovery/harnack_probe.py,experiments/tfpt-discovery/harnack_probe.py,,ATTACK,WEIL_POSITIVITY_WINDOWS,CERTIFIED,NOT_APPLICABLE,FINITE_FRAGMENT,true,1.872
experiments/tfpt-discovery/hausdorff_safepoint_probe.py,experiments/tfpt-discovery/hausdorff_safepoint_probe.py,,ATTACK,TOEPLITZ_MOMENT_POSITIVITY,CERTIFIED,NOT_APPLICABLE,FINITE_FRAGMENT,true,1.872
experiments/tfpt-discovery/hcof_dodging_audit_probe.py,experiments/tfpt-discovery/hcof_dodging_audit_probe.py,,EXTERNAL_AUDIT,WEIL_POSITIVITY_WINDOWS,MEASURED,NOT_APPLICABLE,INFRASTRUCTURE,true,0.7344
experiments/tfpt-discovery/heat_arch_probe.py,experiments/tfpt-discovery/heat_arch_probe.py,,ATTACK,MELLIN_PICK_LEE_YANG,OPEN,NOT_APPLICABLE,FINITE_FRAGMENT,true,0.9828
experiments/tfpt-discovery/hecke_arrow_ledger_probe.py,experiments/tfpt-discovery/hecke_arrow_ledger_probe.py,,ATTACK,LATTICE_E8_HECKE,MEASURED,NOT_APPLICABLE,FINITE_FRAGMENT,true,1.1232
experiments/tfpt-discovery/hecke_broadcast_probe.py,experiments/tfpt-discovery/hecke_broadcast_probe.py,,ATTACK,LATTICE_E8_HECKE,OPEN,NOT_APPLICABLE,FINITE_FRAGMENT,true,0.9828
experiments/tfpt-discovery/hecke_channel_columns_probe.py,experiments/tfpt-discovery/hecke_channel_columns_probe.py,,ATTACK,LATTICE_E8_HECKE,MEASURED,NOT_APPLICABLE,FINITE_FRAGMENT,true,1.1232
experiments/tfpt-discovery/hecke_check32_probe.py,experiments/tfpt-discovery/hecke_check32_probe.py,,ATTACK,LATTICE_E8_HECKE,OPEN,NOT_APPLICABLE,FINITE_FRAGMENT,true,0.9828
experiments/tfpt-discovery/hecke_constant_depth_probe.py,experiments/tfpt-discovery/hecke_constant_depth_probe.py,,ATTACK,LATTICE_E8_HECKE,CERTIFIED,NOT_APPLICABLE,FINITE_FRAGMENT,true,1.872
experiments/tfpt-discovery/hecke_halving_tails_probe.py,experiments/tfpt-discovery/hecke_halving_tails_probe.py,,ATTACK,LATTICE_E8_HECKE,MEASURED,NOT_APPLICABLE,FINITE_FRAGMENT,true,1.1232
experiments/tfpt-discovery/hecke_index_theorem_result.json,experiments/tfpt-discovery/hecke_index_theorem_result.json,,CERTIFICATE,LATTICE_E8_HECKE,OPEN,NOT_APPLICABLE,FINITE_FRAGMENT,true,1.0584
experiments/tfpt-discovery/hecke_k5_anomaly_probe.py,experiments/tfpt-discovery/hecke_k5_anomaly_probe.py,,ATTACK,LATTICE_E8_HECKE,MEASURED,NOT_APPLICABLE,FINITE_FRAGMENT,true,1.1232
experiments/tfpt-discovery/hecke_local_clifford_probe.py,experiments/tfpt-discovery/hecke_local_clifford_probe.py,,ATTACK,LATTICE_E8_HECKE,MEASURED,NOT_APPLICABLE,FINITE_FRAGMENT,true,1.1232
experiments/tfpt-discovery/hecke_mod_ramified_probe.py,experiments/tfpt-discovery/hecke_mod_ramified_probe.py,,ATTACK,LATTICE_E8_HECKE,OPEN,NOT_APPLICABLE,FINITE_FRAGMENT,true,0.9828
experiments/tfpt-discovery/hecke_mu4_packet_probe.py,experiments/tfpt-discovery/hecke_mu4_packet_probe.py,,ATTACK,LATTICE_E8_HECKE,MEASURED,NOT_APPLICABLE,FINITE_FRAGMENT,true,1.1232
experiments/tfpt-discovery/hecke_multirate2adic_probe.py,experiments/tfpt-discovery/hecke_multirate2adic_probe.py,,ATTACK,LATTICE_E8_HECKE,OPEN,NOT_APPLICABLE,FINITE_FRAGMENT,true,0.9828
experiments/tfpt-discovery/hecke_orbit_transfer_probe.py,experiments/tfpt-discovery/hecke_orbit_transfer_probe.py,,ATTACK,LATTICE_E8_HECKE,OPEN,NOT_APPLICABLE,FINITE_FRAGMENT,true,0.9828
experiments/tfpt-discovery/hecke_positive_c2_lift_probe.py,experiments/tfpt-discovery/hecke_positive_c2_lift_probe.py,,ATTACK,LATTICE_E8_HECKE,OPEN,NOT_APPLICABLE,FINITE_FRAGMENT,true,0.9828
experiments/tfpt-discovery/hecke_snf_theta_probe.py,experiments/tfpt-discovery/hecke_snf_theta_probe.py,,ATTACK,LATTICE_E8_HECKE,OPEN,NOT_APPLICABLE,FINITE_FRAGMENT,true,0.9828
experiments/tfpt-discovery/hecke_sos_probe.py,experiments/tfpt-discovery/hecke_sos_probe.py,,ATTACK,LATTICE_E8_HECKE,MEASURED,NOT_APPLICABLE,FINITE_FRAGMENT,true,1.1232
experiments/tfpt-discovery/highpole_filter_tradeoff_probe.py,experiments/tfpt-discovery/highpole_filter_tradeoff_probe.py,,ATTACK,LATTICE_E8_HECKE,OPEN,NOT_APPLICABLE,FINITE_FRAGMENT,true,0.9828
experiments/tfpt-discovery/highpole_relative_ks_radius_probe.py,experiments/tfpt-discovery/highpole_relative_ks_radius_probe.py,,ATTACK,SIEVE_FACTORING_GEOMETRY,OPEN,NOT_APPLICABLE,UNRELATED,true,0.9828
experiments/tfpt-discovery/hjelmslev_cp_tower_probe.py,experiments/tfpt-discovery/hjelmslev_cp_tower_probe.py,,ATTACK,WEIL_POSITIVITY_WINDOWS,KILLED,STRUCTURAL_MISMATCH,FINITE_FRAGMENT,true,1.4976
experiments/tfpt-discovery/hjelmslev_level2_corner_probe.py,experiments/tfpt-discovery/hjelmslev_level2_corner_probe.py,,ATTACK,SIEVE_FACTORING_GEOMETRY,OPEN,NOT_APPLICABLE,UNRELATED,true,0.9828
experiments/tfpt-discovery/hjelmslev_open_doors_probe.py,experiments/tfpt-discovery/hjelmslev_open_doors_probe.py,,ATTACK,SIEVE_FACTORING_GEOMETRY,OPEN,NOT_APPLICABLE,UNRELATED,true,0.9828
experiments/tfpt-discovery/hjelmslev_position_kraus_probe.py,experiments/tfpt-discovery/hjelmslev_position_kraus_probe.py,,ATTACK,WEIL_POSITIVITY_WINDOWS,OPEN,NOT_APPLICABLE,FINITE_FRAGMENT,true,0.9828
experiments/tfpt-discovery/hodge_chamber_probe.py,experiments/tfpt-discovery/hodge_chamber_probe.py,,ATTACK,ARAKELOV_HODGE_INTERSECTION,MEASURED,NOT_APPLICABLE,FINITE_FRAGMENT,true,1.1232
experiments/tfpt-discovery/hybrid_universality_probe.py,experiments/tfpt-discovery/hybrid_universality_probe.py,,ATTACK,WEIL_POSITIVITY_WINDOWS,MEASURED,NOT_APPLICABLE,FINITE_FRAGMENT,true,1.1232
experiments/tfpt-discovery/i5_connes_dictionary_probe.py,experiments/tfpt-discovery/i5_connes_dictionary_probe.py,,ATTACK,WEIL_POSITIVITY_WINDOWS,OPEN,NOT_APPLICABLE,FINITE_FRAGMENT,true,0.9828
experiments/tfpt-discovery/i5_tightness_probe.py,experiments/tfpt-discovery/i5_tightness_probe.py,,ATTACK,WEIL_POSITIVITY_WINDOWS,OPEN,NOT_APPLICABLE,FINITE_FRAGMENT,true,0.9828
experiments/tfpt-discovery/ihara_ground_truth_probe.py,experiments/tfpt-discovery/ihara_ground_truth_probe.py,,ATTACK,WEIL_POSITIVITY_WINDOWS,MEASURED,NOT_APPLICABLE,FINITE_FRAGMENT,true,1.1232
experiments/tfpt-discovery/iiks_gauge_firewall_probe.py,experiments/tfpt-discovery/iiks_gauge_firewall_probe.py,,ATTACK,WEIL_POSITIVITY_WINDOWS,MEASURED,NOT_APPLICABLE,FINITE_FRAGMENT,true,1.1232
experiments/tfpt-discovery/infinite_rtf_packing_probe.py,experiments/tfpt-discovery/infinite_rtf_packing_probe.py,,ATTACK,WEIL_POSITIVITY_WINDOWS,OPEN,NOT_APPLICABLE,FINITE_FRAGMENT,true,0.9828
experiments/tfpt-discovery/inner_zone_linear_probe.py,experiments/tfpt-discovery/inner_zone_linear_probe.py,,ATTACK,WEIL_POSITIVITY_WINDOWS,MEASURED,NOT_APPLICABLE,FINITE_FRAGMENT,true,1.1232
experiments/tfpt-discovery/innovation_autocorr_lift_probe.py,experiments/tfpt-discovery/innovation_autocorr_lift_probe.py,,ATTACK,DYNAMICS_CLOCKS_PF,MEASURED,NOT_APPLICABLE,FINITE_FRAGMENT,true,1.1232
experiments/tfpt-discovery/instrument_probe.py,experiments/tfpt-discovery/instrument_probe.py,,ATTACK,SIEVE_FACTORING_GEOMETRY,CERTIFIED,NOT_APPLICABLE,UNRELATED,true,1.872
experiments/tfpt-discovery/interpolation_detector_probe.py,experiments/tfpt-discovery/interpolation_detector_probe.py,,ATTACK,WEIL_POSITIVITY_WINDOWS,MEASURED,NOT_APPLICABLE,FINITE_FRAGMENT,true,1.1232
experiments/tfpt-discovery/interpolation_lemma_closure_probe.py,experiments/tfpt-discovery/interpolation_lemma_closure_probe.py,,ATTACK,WEIL_POSITIVITY_WINDOWS,MEASURED,NOT_APPLICABLE,FINITE_FRAGMENT,true,1.1232
experiments/tfpt-discovery/involution_existence_probe.py,experiments/tfpt-discovery/involution_existence_probe.py,,ATTACK,DYNAMICS_CLOCKS_PF,OPEN,NOT_APPLICABLE,FINITE_FRAGMENT,true,0.9828
experiments/tfpt-discovery/isomonodromy_flow_probe.py,experiments/tfpt-discovery/isomonodromy_flow_probe.py,,ATTACK,RHP_IIKS_TAU,MEASURED,NOT_APPLICABLE,FINITE_FRAGMENT,true,1.1232
experiments/tfpt-discovery/j16_verified_zero_supply_probe.py,experiments/tfpt-discovery/j16_verified_zero_supply_probe.py,,ATTACK,WEIL_POSITIVITY_WINDOWS,CERTIFIED,NOT_APPLICABLE,FINITE_FRAGMENT,true,1.872
experiments/tfpt-discovery/jacobi_pole_uvarov_probe.py,experiments/tfpt-discovery/jacobi_pole_uvarov_probe.py,,ATTACK,OPERATOR_SPECTRAL,OPEN,NOT_APPLICABLE,FINITE_FRAGMENT,true,0.9828
experiments/tfpt-discovery/k1_node_capture_probe.py,experiments/tfpt-discovery/k1_node_capture_probe.py,,ATTACK,WEIL_POSITIVITY_WINDOWS,OPEN,NOT_APPLICABLE,FINITE_FRAGMENT,true,0.9828
experiments/tfpt-discovery/k1b_superresolution_probe.py,experiments/tfpt-discovery/k1b_superresolution_probe.py,,ATTACK,WEIL_POSITIVITY_WINDOWS,OPEN,NOT_APPLICABLE,FINITE_FRAGMENT,true,0.9828
experiments/tfpt-discovery/k_asymptotics_probe.py,experiments/tfpt-discovery/k_asymptotics_probe.py,,ATTACK,WEIL_POSITIVITY_WINDOWS,MEASURED,NOT_APPLICABLE,FINITE_FRAGMENT,true,1.1232
experiments/tfpt-discovery/kappa_deep_seams_probe.py,experiments/tfpt-discovery/kappa_deep_seams_probe.py,,ATTACK,WEIL_POSITIVITY_WINDOWS,CERTIFIED,NOT_APPLICABLE,FINITE_FRAGMENT,true,1.872
experiments/tfpt-discovery/keiper_li_probe.py,experiments/tfpt-discovery/keiper_li_probe.py,,ATTACK,WEIL_POSITIVITY_WINDOWS,OPEN,NOT_APPLICABLE,FINITE_FRAGMENT,true,0.9828
experiments/tfpt-discovery/kernel_sos_probe.py,experiments/tfpt-discovery/kernel_sos_probe.py,,ATTACK,WEIL_POSITIVITY_WINDOWS,MEASURED,NOT_APPLICABLE,FINITE_FRAGMENT,true,1.1232
experiments/tfpt-discovery/kill_atlas_dag_probe.py,experiments/tfpt-discovery/kill_atlas_dag_probe.py,,ATTACK,LATTICE_E8_HECKE,CERTIFIED,NOT_APPLICABLE,FINITE_FRAGMENT,true,1.872
experiments/tfpt-discovery/kms_extension_switch_probe.py,experiments/tfpt-discovery/kms_extension_switch_probe.py,,ATTACK,WEIL_POSITIVITY_WINDOWS,OPEN,NOT_APPLICABLE,FINITE_FRAGMENT,true,0.9828
experiments/tfpt-discovery/kms_incidence_stinespring_probe.py,experiments/tfpt-discovery/kms_incidence_stinespring_probe.py,,ATTACK,ADELIC_GROUPOID_CONNES,OPEN,NOT_APPLICABLE,FINITE_FRAGMENT,true,0.9828
experiments/tfpt-discovery/kms_schur_mixing_probe.py,experiments/tfpt-discovery/kms_schur_mixing_probe.py,,ATTACK,ADELIC_GROUPOID_CONNES,MEASURED,NOT_APPLICABLE,FINITE_FRAGMENT,true,1.1232
experiments/tfpt-discovery/kms_toeplitz_semigroup_probe.py,experiments/tfpt-discovery/kms_toeplitz_semigroup_probe.py,,ATTACK,ADELIC_GROUPOID_CONNES,OPEN,NOT_APPLICABLE,FINITE_FRAGMENT,true,0.9828
experiments/tfpt-discovery/kneser_groupoid_halfdensity_result.json,experiments/tfpt-discovery/kneser_groupoid_halfdensity_result.json,,CERTIFICATE,DYNAMICS_CLOCKS_PF,KILLED,NOT_APPLICABLE,FINITE_FRAGMENT,true,1.6128
experiments/tfpt-discovery/kohnen_operator_projection_probe.py,experiments/tfpt-discovery/kohnen_operator_projection_probe.py,,ATTACK,LATTICE_E8_HECKE,OPEN,NOT_APPLICABLE,FINITE_FRAGMENT,true,0.9828
experiments/tfpt-discovery/kohnen_plus_waldspurger_probe.py,experiments/tfpt-discovery/kohnen_plus_waldspurger_probe.py,,ATTACK,LATTICE_E8_HECKE,OPEN,NOT_APPLICABLE,FINITE_FRAGMENT,true,0.9828
experiments/tfpt-discovery/kr4_defectjet_probe.py,experiments/tfpt-discovery/kr4_defectjet_probe.py,,ATTACK,WEIL_POSITIVITY_WINDOWS,CERTIFIED,NOT_APPLICABLE,FINITE_FRAGMENT,true,1.872
experiments/tfpt-discovery/kr4_depth_probe.py,experiments/tfpt-discovery/kr4_depth_probe.py,,ATTACK,WEIL_POSITIVITY_WINDOWS,CERTIFIED,NOT_APPLICABLE,FINITE_FRAGMENT,true,1.872
experiments/tfpt-discovery/kraus_aorb_refinement_probe.py,experiments/tfpt-discovery/kraus_aorb_refinement_probe.py,,ATTACK,WEIL_POSITIVITY_WINDOWS,MEASURED,NOT_APPLICABLE,FINITE_FRAGMENT,true,1.1232
experiments/tfpt-discovery/kraus_spread_commutant_probe.py,experiments/tfpt-discovery/kraus_spread_commutant_probe.py,,ATTACK,LATTICE_E8_HECKE,OPEN,NOT_APPLICABLE,FINITE_FRAGMENT,true,0.9828
experiments/tfpt-discovery/krein_defect_polar_probe.py,experiments/tfpt-discovery/krein_defect_polar_probe.py,,ATTACK,OPERATOR_SPECTRAL,OPEN,NOT_APPLICABLE,FINITE_FRAGMENT,true,0.9828
experiments/tfpt-discovery/krein_index_census_probe.py,experiments/tfpt-discovery/krein_index_census_probe.py,,ATTACK,OPERATOR_SPECTRAL,OPEN,NOT_APPLICABLE,FINITE_FRAGMENT,true,0.9828
experiments/tfpt-discovery/krein_normalform_probe.py,experiments/tfpt-discovery/krein_normalform_probe.py,,ATTACK,OPERATOR_SPECTRAL,CERTIFIED,NOT_APPLICABLE,FINITE_FRAGMENT,true,1.872
experiments/tfpt-discovery/krein_screw_realization_probe.py,experiments/tfpt-discovery/krein_screw_realization_probe.py,,ATTACK,OPERATOR_SPECTRAL,OPEN,NOT_APPLICABLE,FINITE_FRAGMENT,true,0.9828
experiments/tfpt-discovery/ks_carrier_formula_probe.py,experiments/tfpt-discovery/ks_carrier_formula_probe.py,,ATTACK,TOEPLITZ_MOMENT_POSITIVITY,CERTIFIED,NOT_APPLICABLE,FINITE_FRAGMENT,true,1.872
experiments/tfpt-discovery/ks_dual_rigor2_probe.py,experiments/tfpt-discovery/ks_dual_rigor2_probe.py,,ATTACK,WEIL_POSITIVITY_WINDOWS,CERTIFIED,NOT_APPLICABLE,FINITE_FRAGMENT,true,1.872
experiments/tfpt-discovery/ks_dual_rigor3_probe.py,experiments/tfpt-discovery/ks_dual_rigor3_probe.py,,ATTACK,CERTIFICATE_INFRASTRUCTURE,CERTIFIED,NOT_APPLICABLE,INFRASTRUCTURE,true,1.872
experiments/tfpt-discovery/ks_dual_rigor_probe.py,experiments/tfpt-discovery/ks_dual_rigor_probe.py,,ATTACK,CERTIFICATE_INFRASTRUCTURE,CERTIFIED,NOT_APPLICABLE,INFRASTRUCTURE,true,1.872
experiments/tfpt-discovery/kz19_anomaly_probe.py,experiments/tfpt-discovery/kz19_anomaly_probe.py,,ATTACK,MELLIN_PICK_LEE_YANG,OPEN,NOT_APPLICABLE,FINITE_FRAGMENT,true,0.9828
experiments/tfpt-discovery/kz21_outlier_probe.py,experiments/tfpt-discovery/kz21_outlier_probe.py,,ATTACK,WEIL_POSITIVITY_WINDOWS,OPEN,NOT_APPLICABLE,FINITE_FRAGMENT,true,0.9828
experiments/tfpt-discovery/l1_identification_probe.py,experiments/tfpt-discovery/l1_identification_probe.py,,ATTACK,WEIL_POSITIVITY_WINDOWS,OPEN,NOT_APPLICABLE,FINITE_FRAGMENT,true,0.9828
experiments/tfpt-discovery/l1_montage_probe.py,experiments/tfpt-discovery/l1_montage_probe.py,,ATTACK,WEIL_POSITIVITY_WINDOWS,MEASURED,NOT_APPLICABLE,FINITE_FRAGMENT,true,1.1232
experiments/tfpt-discovery/ladder_transfer_probe.py,experiments/tfpt-discovery/ladder_transfer_probe.py,,ATTACK,WEIL_POSITIVITY_WINDOWS,MEASURED,NOT_APPLICABLE,FINITE_FRAGMENT,true,1.1232
experiments/tfpt-discovery/lagrange_minors_probe.py,experiments/tfpt-discovery/lagrange_minors_probe.py,,ATTACK,TOEPLITZ_MOMENT_POSITIVITY,MEASURED,NOT_APPLICABLE,FINITE_FRAGMENT,true,1.1232
experiments/tfpt-discovery/lambda_equivariant_design_probe.py,experiments/tfpt-discovery/lambda_equivariant_design_probe.py,,ATTACK,WEIL_POSITIVITY_WINDOWS,PROVED,NOT_APPLICABLE,FINITE_FRAGMENT,true,2.0592
experiments/tfpt-discovery/lambda_pencil_probe.py,experiments/tfpt-discovery/lambda_pencil_probe.py,,ATTACK,WEIL_POSITIVITY_WINDOWS,MEASURED,NOT_APPLICABLE,FINITE_FRAGMENT,true,1.1232
experiments/tfpt-discovery/lambda_scale_uniqueness_probe.py,experiments/tfpt-discovery/lambda_scale_uniqueness_probe.py,,ATTACK,DYNAMICS_CLOCKS_PF,KILLED,STRUCTURAL_MISMATCH,FINITE_FRAGMENT,true,1.4976
experiments/tfpt-discovery/lattice_parametrix_probe.py,experiments/tfpt-discovery/lattice_parametrix_probe.py,,ATTACK,RHP_IIKS_TAU,MEASURED,NOT_APPLICABLE,FINITE_FRAGMENT,true,1.1232
experiments/tfpt-discovery/lattice_rhp_szego_probe.py,experiments/tfpt-discovery/lattice_rhp_szego_probe.py,,ATTACK,WEIL_POSITIVITY_WINDOWS,MEASURED,NOT_APPLICABLE,FINITE_FRAGMENT,true,1.1232
experiments/tfpt-discovery/lax2_flow_probe.py,experiments/tfpt-discovery/lax2_flow_probe.py,,ATTACK,RHP_IIKS_TAU,MEASURED,NOT_APPLICABLE,FINITE_FRAGMENT,true,1.1232
experiments/tfpt-discovery/leading_sign_kappa_probe.py,experiments/tfpt-discovery/leading_sign_kappa_probe.py,,ATTACK,MELLIN_PICK_LEE_YANG,MEASURED,NOT_APPLICABLE,FINITE_FRAGMENT,true,1.1232
experiments/tfpt-discovery/legality_frontier_probe.py,experiments/tfpt-discovery/legality_frontier_probe.py,,ATTACK,LATTICE_E8_HECKE,MEASURED,NOT_APPLICABLE,FINITE_FRAGMENT,true,1.1232
experiments/tfpt-discovery/legality_horizon_probe.py,experiments/tfpt-discovery/legality_horizon_probe.py,,ATTACK,ARAKELOV_HODGE_INTERSECTION,MEASURED,NOT_APPLICABLE,FINITE_FRAGMENT,true,1.1232
experiments/tfpt-discovery/lehmer_resonance_probe.py,experiments/tfpt-discovery/lehmer_resonance_probe.py,,ATTACK,WEIL_POSITIVITY_WINDOWS,MEASURED,NOT_APPLICABLE,FINITE_FRAGMENT,true,1.1232
experiments/tfpt-discovery/lemma_window_proof_probe.py,experiments/tfpt-discovery/lemma_window_proof_probe.py,,ATTACK,WEIL_POSITIVITY_WINDOWS,CERTIFIED,NOT_APPLICABLE,FINITE_FRAGMENT,true,1.872
experiments/tfpt-discovery/level_lemma_probe.py,experiments/tfpt-discovery/level_lemma_probe.py,,ATTACK,WEIL_POSITIVITY_WINDOWS,CERTIFIED,NOT_APPLICABLE,FINITE_FRAGMENT,true,1.872
experiments/tfpt-discovery/levinson_class_probe.py,experiments/tfpt-discovery/levinson_class_probe.py,,ATTACK,WEIL_POSITIVITY_WINDOWS,OPEN,NOT_APPLICABLE,FINITE_FRAGMENT,true,0.9828
experiments/tfpt-discovery/li_corollary_probe.py,experiments/tfpt-discovery/li_corollary_probe.py,,ATTACK,WEIL_POSITIVITY_WINDOWS,CERTIFIED,NOT_APPLICABLE,FINITE_FRAGMENT,true,1.872
experiments/tfpt-discovery/li_e4_probe.py,experiments/tfpt-discovery/li_e4_probe.py,,ATTACK,LATTICE_E8_HECKE,KILLED,NOT_APPLICABLE,FINITE_FRAGMENT,true,1.4976
experiments/tfpt-discovery/li_lemma_attack_probe.py,experiments/tfpt-discovery/li_lemma_attack_probe.py,,ATTACK,SIEVE_FACTORING_GEOMETRY,CERTIFIED,NOT_APPLICABLE,UNRELATED,true,1.872
experiments/tfpt-discovery/limit_operator_probe.py,experiments/tfpt-discovery/limit_operator_probe.py,,ATTACK,WEIL_POSITIVITY_WINDOWS,CERTIFIED,NOT_APPLICABLE,FINITE_FRAGMENT,true,1.872
experiments/tfpt-discovery/linear_measure_weil_probe.py,experiments/tfpt-discovery/linear_measure_weil_probe.py,,ATTACK,WEIL_POSITIVITY_WINDOWS,OPEN,NOT_APPLICABLE,FINITE_FRAGMENT,true,0.9828
experiments/tfpt-discovery/lk_split_theta_probe.py,experiments/tfpt-discovery/lk_split_theta_probe.py,,ATTACK,WEIL_POSITIVITY_WINDOWS,CERTIFIED,NOT_APPLICABLE,FINITE_FRAGMENT,true,1.872
experiments/tfpt-discovery/local_factor_nogo_probe.py,experiments/tfpt-discovery/local_factor_nogo_probe.py,,ATTACK,SIEVE_FACTORING_GEOMETRY,CERTIFIED,NOT_APPLICABLE,UNRELATED,true,1.872
experiments/tfpt-discovery/lock_projection_probe.py,experiments/tfpt-discovery/lock_projection_probe.py,,ATTACK,WEIL_POSITIVITY_WINDOWS,MEASURED,NOT_APPLICABLE,FINITE_FRAGMENT,true,1.1232
experiments/tfpt-discovery/locking_transport_probe.py,experiments/tfpt-discovery/locking_transport_probe.py,,ATTACK,WEIL_POSITIVITY_WINDOWS,KILLED,NOT_APPLICABLE,FINITE_FRAGMENT,true,1.4976
experiments/tfpt-discovery/loewner_interlace_probe.py,experiments/tfpt-discovery/loewner_interlace_probe.py,,ATTACK,LATTICE_E8_HECKE,OPEN,NOT_APPLICABLE,FINITE_FRAGMENT,true,0.9828
experiments/tfpt-discovery/long_lag_probe.py,experiments/tfpt-discovery/long_lag_probe.py,,ATTACK,WEIL_POSITIVITY_WINDOWS,CERTIFIED,NOT_APPLICABLE,FINITE_FRAGMENT,true,1.872
experiments/tfpt-discovery/look_elsewhere_probe.py,experiments/tfpt-discovery/look_elsewhere_probe.py,,ATTACK,LATTICE_E8_HECKE,OPEN,NOT_APPLICABLE,FINITE_FRAGMENT,true,0.9828
experiments/tfpt-discovery/lorentz_spinor_coords_probe.py,experiments/tfpt-discovery/lorentz_spinor_coords_probe.py,,ATTACK,DYNAMICS_CLOCKS_PF,MEASURED,NOT_APPLICABLE,FINITE_FRAGMENT,true,1.1232
experiments/tfpt-discovery/lowfreq_discrepancy_gain_probe.py,experiments/tfpt-discovery/lowfreq_discrepancy_gain_probe.py,,ATTACK,WEIL_POSITIVITY_WINDOWS,CERTIFIED,NOT_APPLICABLE,FINITE_FRAGMENT,true,1.872
experiments/tfpt-discovery/m_matrix_pair_probe.py,experiments/tfpt-discovery/m_matrix_pair_probe.py,,ATTACK,WEIL_POSITIVITY_WINDOWS,CERTIFIED,NOT_APPLICABLE,FINITE_FRAGMENT,true,1.872
experiments/tfpt-discovery/macro_kernel_probe.py,experiments/tfpt-discovery/macro_kernel_probe.py,,ATTACK,WEIL_POSITIVITY_WINDOWS,OPEN,NOT_APPLICABLE,FINITE_FRAGMENT,true,0.9828
experiments/tfpt-discovery/mangoldt_incidence_probe.py,experiments/tfpt-discovery/mangoldt_incidence_probe.py,,ATTACK,SELBERG_TRACE_CONTACT,OPEN,NOT_APPLICABLE,FINITE_FRAGMENT,true,0.9828
experiments/tfpt-discovery/margin_free_step_probe.py,experiments/tfpt-discovery/margin_free_step_probe.py,,ATTACK,WEIL_POSITIVITY_WINDOWS,CERTIFIED,NOT_APPLICABLE,FINITE_FRAGMENT,true,1.872
experiments/tfpt-discovery/margin_law_probe.py,experiments/tfpt-discovery/margin_law_probe.py,,ATTACK,CERTIFICATE_INFRASTRUCTURE,CERTIFIED,NOT_APPLICABLE,INFRASTRUCTURE,true,1.872
experiments/tfpt-discovery/margin_link_probe.py,experiments/tfpt-discovery/margin_link_probe.py,,ATTACK,WEIL_POSITIVITY_WINDOWS,MEASURED,NOT_APPLICABLE,FINITE_FRAGMENT,true,1.1232
experiments/tfpt-discovery/margin_propagation_probe.py,experiments/tfpt-discovery/margin_propagation_probe.py,,ATTACK,WEIL_POSITIVITY_WINDOWS,CERTIFIED,NOT_APPLICABLE,FINITE_FRAGMENT,true,1.872
experiments/tfpt-discovery/markov_modular_prime_clock_probe.py,experiments/tfpt-discovery/markov_modular_prime_clock_probe.py,,ATTACK,DYNAMICS_CLOCKS_PF,OPEN,NOT_APPLICABLE,FINITE_FRAGMENT,true,0.9828
experiments/tfpt-discovery/matching_lemma_structure_probe.py,experiments/tfpt-discovery/matching_lemma_structure_probe.py,,ATTACK,WEIL_POSITIVITY_WINDOWS,MEASURED,NOT_APPLICABLE,FINITE_FRAGMENT,true,1.1232
experiments/tfpt-discovery/matrix_stage_conditioning_probe.py,experiments/tfpt-discovery/matrix_stage_conditioning_probe.py,,ATTACK,SIEVE_FACTORING_GEOMETRY,MEASURED,NOT_APPLICABLE,UNRELATED,true,1.1232
experiments/tfpt-discovery/mazya_proof_probe.py,experiments/tfpt-discovery/mazya_proof_probe.py,,ATTACK,WEIL_POSITIVITY_WINDOWS,CERTIFIED,NOT_APPLICABLE,FINITE_FRAGMENT,true,1.872
experiments/tfpt-discovery/mellin_model_operator_probe.py,experiments/tfpt-discovery/mellin_model_operator_probe.py,,ATTACK,CERTIFICATE_INFRASTRUCTURE,MEASURED,NOT_APPLICABLE,INFRASTRUCTURE,true,1.1232
experiments/tfpt-discovery/metric_map_probe.py,experiments/tfpt-discovery/metric_map_probe.py,,ATTACK,LEAN_FORMALIZATION,MEASURED,NOT_APPLICABLE,INFRASTRUCTURE,true,1.1232
experiments/tfpt-discovery/milnor_frobenius_gray_probe.py,experiments/tfpt-discovery/milnor_frobenius_gray_probe.py,,ATTACK,LATTICE_E8_HECKE,OPEN,NOT_APPLICABLE,FINITE_FRAGMENT,true,0.9828
experiments/tfpt-discovery/minimizer_direction_probe.py,experiments/tfpt-discovery/minimizer_direction_probe.py,,ATTACK,WEIL_POSITIVITY_WINDOWS,OPEN,NOT_APPLICABLE,FINITE_FRAGMENT,true,0.9828
experiments/tfpt-discovery/minimizer_profile_probe.py,experiments/tfpt-discovery/minimizer_profile_probe.py,,ATTACK,EXPLICIT_FORMULA_IDENTITY,OPEN,NOT_APPLICABLE,IDENTITY_SIDE,true,0.9828
experiments/tfpt-discovery/mixed_channel_full_weight_probe.py,experiments/tfpt-discovery/mixed_channel_full_weight_probe.py,,ATTACK,WEIL_POSITIVITY_WINDOWS,INCONCLUSIVE,NOT_APPLICABLE,FINITE_FRAGMENT,true,0.7488
experiments/tfpt-discovery/mobius_control_census_probe.py,experiments/tfpt-discovery/mobius_control_census_probe.py,,ATTACK,WEIL_POSITIVITY_WINDOWS,MEASURED,NOT_APPLICABLE,FINITE_FRAGMENT,true,1.1232
experiments/tfpt-discovery/mobius_crossratio_firewall_probe.py,experiments/tfpt-discovery/mobius_crossratio_firewall_probe.py,,ATTACK,RHP_IIKS_TAU,MEASURED,NOT_APPLICABLE,FINITE_FRAGMENT,true,1.1232
experiments/tfpt-discovery/mobius_deck_redheffer_probe.py,experiments/tfpt-discovery/mobius_deck_redheffer_probe.py,,ATTACK,DYNAMICS_CLOCKS_PF,OPEN,NOT_APPLICABLE,FINITE_FRAGMENT,true,0.9828
experiments/tfpt-discovery/mode_ladder_probe.py,experiments/tfpt-discovery/mode_ladder_probe.py,,ATTACK,WEIL_POSITIVITY_WINDOWS,CERTIFIED,NOT_APPLICABLE,FINITE_FRAGMENT,true,1.872
experiments/tfpt-discovery/moebius_source_step_probe.py,experiments/tfpt-discovery/moebius_source_step_probe.py,,ATTACK,WEIL_POSITIVITY_WINDOWS,MEASURED,NOT_APPLICABLE,FINITE_FRAGMENT,true,1.1232
experiments/tfpt-discovery/monotone_composition_probe.py,experiments/tfpt-discovery/monotone_composition_probe.py,,ATTACK,WEIL_POSITIVITY_WINDOWS,CERTIFIED,NOT_APPLICABLE,FINITE_FRAGMENT,true,1.872
experiments/tfpt-discovery/moonshot_arch_glue_probe.py,experiments/tfpt-discovery/moonshot_arch_glue_probe.py,,ATTACK,DYNAMICS_CLOCKS_PF,CERTIFIED,NOT_APPLICABLE,FINITE_FRAGMENT,true,1.872
experiments/tfpt-discovery/moonshot_hecke_groupoid_probe.py,experiments/tfpt-discovery/moonshot_hecke_groupoid_probe.py,,ATTACK,LATTICE_E8_HECKE,CERTIFIED,NOT_APPLICABLE,FINITE_FRAGMENT,true,1.872
experiments/tfpt-discovery/moonshot_k2k3_probe.py,experiments/tfpt-discovery/moonshot_k2k3_probe.py,,ATTACK,ARAKELOV_HODGE_INTERSECTION,OPEN,NOT_APPLICABLE,FINITE_FRAGMENT,true,0.9828
experiments/tfpt-discovery/moonshot_o3_probe.py,experiments/tfpt-discovery/moonshot_o3_probe.py,,ATTACK,TOEPLITZ_MOMENT_POSITIVITY,MEASURED,NOT_APPLICABLE,FINITE_FRAGMENT,true,1.1232
experiments/tfpt-discovery/moonshot_sol_probe.py,experiments/tfpt-discovery/moonshot_sol_probe.py,,ATTACK,WEIL_POSITIVITY_WINDOWS,MEASURED,NOT_APPLICABLE,FINITE_FRAGMENT,true,1.1232
experiments/tfpt-discovery/moonshot_spectral_probe.py,experiments/tfpt-discovery/moonshot_spectral_probe.py,,ATTACK,WEIL_POSITIVITY_WINDOWS,MEASURED,NOT_APPLICABLE,FINITE_FRAGMENT,true,1.1232
experiments/tfpt-discovery/moonshot_state_probe.py,experiments/tfpt-discovery/moonshot_state_probe.py,,ATTACK,WEIL_POSITIVITY_WINDOWS,MEASURED,NOT_APPLICABLE,FINITE_FRAGMENT,true,1.1232
experiments/tfpt-discovery/moonshot_traceformula_probe.py,experiments/tfpt-discovery/moonshot_traceformula_probe.py,,ATTACK,LATTICE_E8_HECKE,OPEN,NOT_APPLICABLE,FINITE_FRAGMENT,true,0.9828
experiments/tfpt-discovery/moving12_soft17_probe.py,experiments/tfpt-discovery/moving12_soft17_probe.py,,ATTACK,LATTICE_E8_HECKE,MEASURED,NOT_APPLICABLE,FINITE_FRAGMENT,true,1.1232
experiments/tfpt-discovery/moving_node_second_order_probe.py,experiments/tfpt-discovery/moving_node_second_order_probe.py,,ATTACK,ADELIC_GROUPOID_CONNES,MEASURED,NOT_APPLICABLE,FINITE_FRAGMENT,true,1.1232
experiments/tfpt-discovery/mt_window_family_probe.py,experiments/tfpt-discovery/mt_window_family_probe.py,,ATTACK,WEIL_POSITIVITY_WINDOWS,CERTIFIED,NOT_APPLICABLE,FINITE_FRAGMENT,true,1.872
experiments/tfpt-discovery/mu4_clifford_weld_probe.py,experiments/tfpt-discovery/mu4_clifford_weld_probe.py,,ATTACK,DYNAMICS_CLOCKS_PF,OPEN,NOT_APPLICABLE,FINITE_FRAGMENT,true,0.9828
experiments/tfpt-discovery/mu4_cover_model_probe.py,experiments/tfpt-discovery/mu4_cover_model_probe.py,,ATTACK,CM_CURVE_GEOMETRY,OPEN,NOT_APPLICABLE,FINITE_FRAGMENT,true,0.9828
experiments/tfpt-discovery/multilevel_telescope_probe.py,experiments/tfpt-discovery/multilevel_telescope_probe.py,,ATTACK,EXPLICIT_FORMULA_IDENTITY,CERTIFIED,NOT_APPLICABLE,IDENTITY_SIDE,true,1.872
experiments/tfpt-discovery/multiplicative_cluster_probe.py,experiments/tfpt-discovery/multiplicative_cluster_probe.py,,ATTACK,ARAKELOV_HODGE_INTERSECTION,OPEN,NOT_APPLICABLE,FINITE_FRAGMENT,true,0.9828
experiments/tfpt-discovery/multiplicative_relation_probe.py,experiments/tfpt-discovery/multiplicative_relation_probe.py,,ATTACK,SELBERG_TRACE_CONTACT,OPEN,NOT_APPLICABLE,FINITE_FRAGMENT,true,0.9828
experiments/tfpt-discovery/multiplicative_sign_source_probe.py,experiments/tfpt-discovery/multiplicative_sign_source_probe.py,,ATTACK,WEIL_POSITIVITY_WINDOWS,CERTIFIED,NOT_APPLICABLE,FINITE_FRAGMENT,true,1.872
experiments/tfpt-discovery/nested_prime_ladder_probe.py,experiments/tfpt-discovery/nested_prime_ladder_probe.py,,ATTACK,WEIL_POSITIVITY_WINDOWS,MEASURED,NOT_APPLICABLE,FINITE_FRAGMENT,true,1.1232
experiments/tfpt-discovery/net_balance_repair_probe.py,experiments/tfpt-discovery/net_balance_repair_probe.py,,ATTACK,TOEPLITZ_MOMENT_POSITIVITY,CERTIFIED,NOT_APPLICABLE,FINITE_FRAGMENT,true,1.872
experiments/tfpt-discovery/node_origin_arch_probe.py,experiments/tfpt-discovery/node_origin_arch_probe.py,,ATTACK,DYNAMICS_CLOCKS_PF,MEASURED,NOT_APPLICABLE,FINITE_FRAGMENT,true,1.1232
experiments/tfpt-discovery/nonclifford_prime_probe.py,experiments/tfpt-discovery/nonclifford_prime_probe.py,,ATTACK,DYNAMICS_CLOCKS_PF,OPEN,NOT_APPLICABLE,FINITE_FRAGMENT,true,0.9828
experiments/tfpt-discovery/normalized_core_update_probe.py,experiments/tfpt-discovery/normalized_core_update_probe.py,,ATTACK,DYNAMICS_CLOCKS_PF,MEASURED,NOT_APPLICABLE,FINITE_FRAGMENT,true,1.1232
experiments/tfpt-discovery/null_vector_probe.py,experiments/tfpt-discovery/null_vector_probe.py,,ATTACK,CERTIFICATE_INFRASTRUCTURE,CERTIFIED,NOT_APPLICABLE,INFRASTRUCTURE,true,1.872
experiments/tfpt-discovery/nullray_census_probe.py,experiments/tfpt-discovery/nullray_census_probe.py,,ATTACK,WEIL_POSITIVITY_WINDOWS,MEASURED,NOT_APPLICABLE,FINITE_FRAGMENT,true,1.1232
experiments/tfpt-discovery/nyquist_feshbach_probe.py,experiments/tfpt-discovery/nyquist_feshbach_probe.py,,ATTACK,OPERATOR_SPECTRAL,OPEN,NOT_APPLICABLE,FINITE_FRAGMENT,true,0.9828
experiments/tfpt-discovery/occupation_map_probe.py,experiments/tfpt-discovery/occupation_map_probe.py,,ATTACK,WEIL_POSITIVITY_WINDOWS,MEASURED,NOT_APPLICABLE,FINITE_FRAGMENT,true,1.1232
experiments/tfpt-discovery/odd_channel_closure_probe.py,experiments/tfpt-discovery/odd_channel_closure_probe.py,,ATTACK,WEIL_POSITIVITY_WINDOWS,CERTIFIED,NOT_APPLICABLE,FINITE_FRAGMENT,true,1.872
experiments/tfpt-discovery/odd_ladder_probe.py,experiments/tfpt-discovery/odd_ladder_probe.py,,ATTACK,WEIL_POSITIVITY_WINDOWS,CERTIFIED,NOT_APPLICABLE,FINITE_FRAGMENT,true,1.872
experiments/tfpt-discovery/oddtoeplitz_pole_branch_probe.py,experiments/tfpt-discovery/oddtoeplitz_pole_branch_probe.py,,ATTACK,TOEPLITZ_MOMENT_POSITIVITY,CERTIFIED,NOT_APPLICABLE,FINITE_FRAGMENT,true,1.872
experiments/tfpt-discovery/omega_source_law_probe.py,experiments/tfpt-discovery/omega_source_law_probe.py,,ATTACK,CERTIFICATE_INFRASTRUCTURE,MEASURED,NOT_APPLICABLE,INFRASTRUCTURE,true,1.1232
experiments/tfpt-discovery/one_object_reduction_probe.py,experiments/tfpt-discovery/one_object_reduction_probe.py,,ATTACK,DYNAMICS_CLOCKS_PF,OPEN,NOT_APPLICABLE,FINITE_FRAGMENT,true,0.9828
experiments/tfpt-discovery/onebadmode_moments_probe.py,experiments/tfpt-discovery/onebadmode_moments_probe.py,,ATTACK,DYNAMICS_CLOCKS_PF,OPEN,NOT_APPLICABLE,FINITE_FRAGMENT,true,0.9828
experiments/tfpt-discovery/orbifold_arf_probe.py,experiments/tfpt-discovery/orbifold_arf_probe.py,,ATTACK,TOEPLITZ_MOMENT_POSITIVITY,OPEN,NOT_APPLICABLE,FINITE_FRAGMENT,true,0.9828
experiments/tfpt-discovery/orbifold_twist_ope_probe.py,experiments/tfpt-discovery/orbifold_twist_ope_probe.py,,ATTACK,WEIL_POSITIVITY_WINDOWS,OPEN,NOT_APPLICABLE,FINITE_FRAGMENT,true,0.9828
experiments/tfpt-discovery/orbit60_quotient_probe.py,experiments/tfpt-discovery/orbit60_quotient_probe.py,,ATTACK,LATTICE_E8_HECKE,KILLED,NOT_APPLICABLE,FINITE_FRAGMENT,true,1.4976
experiments/tfpt-discovery/orbit_packet_probe.py,experiments/tfpt-discovery/orbit_packet_probe.py,,ATTACK,LATTICE_E8_HECKE,KILLED,CIRCULAR,FINITE_FRAGMENT,true,1.4976
experiments/tfpt-discovery/oscillation_mass_probe.py,experiments/tfpt-discovery/oscillation_mass_probe.py,,ATTACK,WEIL_POSITIVITY_WINDOWS,CERTIFIED,NOT_APPLICABLE,FINITE_FRAGMENT,true,1.872
experiments/tfpt-discovery/p1_index_kms_probe.py,experiments/tfpt-discovery/p1_index_kms_probe.py,,ATTACK,DYNAMICS_CLOCKS_PF,MEASURED,NOT_APPLICABLE,FINITE_FRAGMENT,true,1.1232
experiments/tfpt-discovery/p2_weights_bg_deligne_probe.py,experiments/tfpt-discovery/p2_weights_bg_deligne_probe.py,,ATTACK,DYNAMICS_CLOCKS_PF,OPEN,NOT_APPLICABLE,FINITE_FRAGMENT,true,0.9828
experiments/tfpt-discovery/packet_garding_probe.py,experiments/tfpt-discovery/packet_garding_probe.py,,ATTACK,OPERATOR_SPECTRAL,MEASURED,NOT_APPLICABLE,FINITE_FRAGMENT,true,1.1232
experiments/tfpt-discovery/pair_band_structure_probe.py,experiments/tfpt-discovery/pair_band_structure_probe.py,,ATTACK,WEIL_POSITIVITY_WINDOWS,MEASURED,NOT_APPLICABLE,FINITE_FRAGMENT,true,1.1232
experiments/tfpt-discovery/paircorr_bridge_map_probe.py,experiments/tfpt-discovery/paircorr_bridge_map_probe.py,,ATTACK,SIEVE_FACTORING_GEOMETRY,OPEN,NOT_APPLICABLE,UNRELATED,true,0.9828
experiments/tfpt-discovery/paircorr_contract_probe.py,experiments/tfpt-discovery/paircorr_contract_probe.py,,ATTACK,WEIL_POSITIVITY_WINDOWS,MEASURED,NOT_APPLICABLE,FINITE_FRAGMENT,true,1.1232
experiments/tfpt-discovery/pairing_probe.py,experiments/tfpt-discovery/pairing_probe.py,,ATTACK,WEIL_POSITIVITY_WINDOWS,CERTIFIED,NOT_APPLICABLE,FINITE_FRAGMENT,true,1.872
experiments/tfpt-discovery/parabolic_detline2_result.json,experiments/tfpt-discovery/parabolic_detline2_result.json,,CERTIFICATE,SIEVE_FACTORING_GEOMETRY,KILLED,NOT_APPLICABLE,UNRELATED,true,1.6128
experiments/tfpt-discovery/parabolic_selfcode_audit_probe.py,experiments/tfpt-discovery/parabolic_selfcode_audit_probe.py,,EXTERNAL_AUDIT,DYNAMICS_CLOCKS_PF,OPEN,NOT_APPLICABLE,INFRASTRUCTURE,true,0.6426
experiments/tfpt-discovery/pareto_front_probe.py,experiments/tfpt-discovery/pareto_front_probe.py,,ATTACK,WEIL_POSITIVITY_WINDOWS,CERTIFIED,NOT_APPLICABLE,FINITE_FRAGMENT,true,1.872
experiments/tfpt-discovery/parity_sign_theorem_probe.py,experiments/tfpt-discovery/parity_sign_theorem_probe.py,,ATTACK,LATTICE_E8_HECKE,OPEN,NOT_APPLICABLE,FINITE_FRAGMENT,true,0.9828
experiments/tfpt-discovery/pencil_ratio_probe.py,experiments/tfpt-discovery/pencil_ratio_probe.py,,ATTACK,TOEPLITZ_MOMENT_POSITIVITY,CERTIFIED,NOT_APPLICABLE,FINITE_FRAGMENT,true,1.872
experiments/tfpt-discovery/pg_chain_interval_rollout_probe.py,experiments/tfpt-discovery/pg_chain_interval_rollout_probe.py,,ATTACK,WEIL_POSITIVITY_WINDOWS,CERTIFIED,NOT_APPLICABLE,FINITE_FRAGMENT,true,1.872
experiments/tfpt-discovery/pgram_directional_schur_probe.py,experiments/tfpt-discovery/pgram_directional_schur_probe.py,,ATTACK,WEIL_POSITIVITY_WINDOWS,CERTIFIED,NOT_APPLICABLE,FINITE_FRAGMENT,true,1.872
experiments/tfpt-discovery/phase_placement_probe.py,experiments/tfpt-discovery/phase_placement_probe.py,,ATTACK,WEIL_POSITIVITY_WINDOWS,CERTIFIED,NOT_APPLICABLE,FINITE_FRAGMENT,true,1.872
experiments/tfpt-discovery/phase_polygon_probe.py,experiments/tfpt-discovery/phase_polygon_probe.py,,ATTACK,WEIL_POSITIVITY_WINDOWS,CERTIFIED,NOT_APPLICABLE,FINITE_FRAGMENT,true,1.872
experiments/tfpt-discovery/phys_modular_clock_probe.py,experiments/tfpt-discovery/phys_modular_clock_probe.py,,ATTACK,ADELIC_GROUPOID_CONNES,KILLED,NOT_APPLICABLE,FINITE_FRAGMENT,true,1.4976
experiments/tfpt-discovery/phys_ramified_ns_r_probe.py,experiments/tfpt-discovery/phys_ramified_ns_r_probe.py,,ATTACK,LATTICE_E8_HECKE,CERTIFIED,NOT_APPLICABLE,FINITE_FRAGMENT,true,1.872
experiments/tfpt-discovery/pi_digits_prime_distribution_probe.py,experiments/tfpt-discovery/pi_digits_prime_distribution_probe.py,,ATTACK,WEIL_POSITIVITY_WINDOWS,OPEN,NOT_APPLICABLE,FINITE_FRAGMENT,true,0.9828
experiments/tfpt-discovery/pi_prime_error_os_probe.py,experiments/tfpt-discovery/pi_prime_error_os_probe.py,,ATTACK,DYNAMICS_CLOCKS_PF,OPEN,NOT_APPLICABLE,FINITE_FRAGMENT,true,0.9828
experiments/tfpt-discovery/pi_prime_four_level_probe.py,experiments/tfpt-discovery/pi_prime_four_level_probe.py,,ATTACK,WEIL_POSITIVITY_WINDOWS,OPEN,NOT_APPLICABLE,FINITE_FRAGMENT,true,0.9828
experiments/tfpt-discovery/pi_resonance_anatomy_probe.py,experiments/tfpt-discovery/pi_resonance_anatomy_probe.py,,ATTACK,WEIL_POSITIVITY_WINDOWS,CERTIFIED,NOT_APPLICABLE,FINITE_FRAGMENT,true,1.872
experiments/tfpt-discovery/pi_signature_self_application_probe.py,experiments/tfpt-discovery/pi_signature_self_application_probe.py,,ATTACK,WEIL_POSITIVITY_WINDOWS,OPEN,NOT_APPLICABLE,FINITE_FRAGMENT,true,0.9828
experiments/tfpt-discovery/pick_dual_probe.py,experiments/tfpt-discovery/pick_dual_probe.py,,ATTACK,MELLIN_PICK_LEE_YANG,MEASURED,NOT_APPLICABLE,FINITE_FRAGMENT,true,1.1232
experiments/tfpt-discovery/pinch_attack_probe.py,experiments/tfpt-discovery/pinch_attack_probe.py,,ATTACK,SELBERG_TRACE_CONTACT,CERTIFIED,NOT_APPLICABLE,FINITE_FRAGMENT,true,1.872
experiments/tfpt-discovery/pivot_factor_probe.py,experiments/tfpt-discovery/pivot_factor_probe.py,,ATTACK,WEIL_POSITIVITY_WINDOWS,MEASURED,NOT_APPLICABLE,FINITE_FRAGMENT,true,1.1232
experiments/tfpt-discovery/pnt_locking_split_probe.py,experiments/tfpt-discovery/pnt_locking_split_probe.py,,ATTACK,WEIL_POSITIVITY_WINDOWS,MEASURED,NOT_APPLICABLE,FINITE_FRAGMENT,true,1.1232
experiments/tfpt-discovery/pole_free_floor_probe.py,experiments/tfpt-discovery/pole_free_floor_probe.py,,ATTACK,WEIL_POSITIVITY_WINDOWS,CERTIFIED,NOT_APPLICABLE,FINITE_FRAGMENT,true,1.872
experiments/tfpt-discovery/pole_port_kappa_probe.py,experiments/tfpt-discovery/pole_port_kappa_probe.py,,ATTACK,OPERATOR_SPECTRAL,OPEN,NOT_APPLICABLE,FINITE_FRAGMENT,true,0.9828
experiments/tfpt-discovery/pole_rank_one_probe.py,experiments/tfpt-discovery/pole_rank_one_probe.py,,ATTACK,SIEVE_FACTORING_GEOMETRY,MEASURED,NOT_APPLICABLE,UNRELATED,true,1.1232
experiments/tfpt-discovery/port_atom_numerator_probe.py,experiments/tfpt-discovery/port_atom_numerator_probe.py,,ATTACK,WEIL_POSITIVITY_WINDOWS,OPEN,NOT_APPLICABLE,FINITE_FRAGMENT,true,0.9828
experiments/tfpt-discovery/port_bfloor_uniformity_probe.py,experiments/tfpt-discovery/port_bfloor_uniformity_probe.py,,ATTACK,SIEVE_FACTORING_GEOMETRY,CERTIFIED,NOT_APPLICABLE,UNRELATED,true,1.872
experiments/tfpt-discovery/port_clark_measure_probe.py,experiments/tfpt-discovery/port_clark_measure_probe.py,,ATTACK,ARAKELOV_HODGE_INTERSECTION,MEASURED,NOT_APPLICABLE,FINITE_FRAGMENT,true,1.1232
experiments/tfpt-discovery/port_cocycle_window_probe.py,experiments/tfpt-discovery/port_cocycle_window_probe.py,,ATTACK,WEIL_POSITIVITY_WINDOWS,OPEN,NOT_APPLICABLE,FINITE_FRAGMENT,true,0.9828
experiments/tfpt-discovery/port_critical_eigenpair_probe.py,experiments/tfpt-discovery/port_critical_eigenpair_probe.py,,ATTACK,WEIL_POSITIVITY_WINDOWS,MEASURED,NOT_APPLICABLE,FINITE_FRAGMENT,true,1.1232
experiments/tfpt-discovery/port_determinant_xi_probe.py,experiments/tfpt-discovery/port_determinant_xi_probe.py,,ATTACK,OPERATOR_SPECTRAL,MEASURED,NOT_APPLICABLE,FINITE_FRAGMENT,true,1.1232
experiments/tfpt-discovery/port_fixed_space_limit_probe.py,experiments/tfpt-discovery/port_fixed_space_limit_probe.py,,ATTACK,WEIL_POSITIVITY_WINDOWS,MEASURED,NOT_APPLICABLE,FINITE_FRAGMENT,true,1.1232
experiments/tfpt-discovery/port_integrable_kernel_probe.py,experiments/tfpt-discovery/port_integrable_kernel_probe.py,,ATTACK,ARAKELOV_HODGE_INTERSECTION,OPEN,NOT_APPLICABLE,FINITE_FRAGMENT,true,0.9828
experiments/tfpt-discovery/port_kyp_storage_probe.py,experiments/tfpt-discovery/port_kyp_storage_probe.py,,ATTACK,WEIL_POSITIVITY_WINDOWS,MEASURED,NOT_APPLICABLE,FINITE_FRAGMENT,true,1.1232
experiments/tfpt-discovery/port_limit_operator_probe.py,experiments/tfpt-discovery/port_limit_operator_probe.py,,ATTACK,LATTICE_E8_HECKE,MEASURED,NOT_APPLICABLE,FINITE_FRAGMENT,true,1.1232
experiments/tfpt-discovery/port_loewner_identity_probe.py,experiments/tfpt-discovery/port_loewner_identity_probe.py,,ATTACK,LATTICE_E8_HECKE,MEASURED,NOT_APPLICABLE,FINITE_FRAGMENT,true,1.1232
experiments/tfpt-discovery/port_mellin_cauchy_probe.py,experiments/tfpt-discovery/port_mellin_cauchy_probe.py,,ATTACK,MELLIN_PICK_LEE_YANG,OPEN,NOT_APPLICABLE,FINITE_FRAGMENT,true,0.9828
experiments/tfpt-discovery/port_prime_error_feshbach_probe.py,experiments/tfpt-discovery/port_prime_error_feshbach_probe.py,,ATTACK,ARAKELOV_HODGE_INTERSECTION,MEASURED,NOT_APPLICABLE,FINITE_FRAGMENT,true,1.1232
experiments/tfpt-discovery/port_riemann_hilbert_setup_probe.py,experiments/tfpt-discovery/port_riemann_hilbert_setup_probe.py,,ATTACK,RHP_IIKS_TAU,OPEN,NOT_APPLICABLE,FINITE_FRAGMENT,true,0.9828
experiments/tfpt-discovery/port_scalar_schur_probe.py,experiments/tfpt-discovery/port_scalar_schur_probe.py,,ATTACK,ARAKELOV_HODGE_INTERSECTION,OPEN,NOT_APPLICABLE,FINITE_FRAGMENT,true,0.9828
experiments/tfpt-discovery/port_scaled_jost_reference_probe.py,experiments/tfpt-discovery/port_scaled_jost_reference_probe.py,,ATTACK,WEIL_POSITIVITY_WINDOWS,MEASURED,NOT_APPLICABLE,FINITE_FRAGMENT,true,1.1232
experiments/tfpt-discovery/port_schur_cocycle_probe.py,experiments/tfpt-discovery/port_schur_cocycle_probe.py,,ATTACK,WEIL_POSITIVITY_WINDOWS,MEASURED,NOT_APPLICABLE,FINITE_FRAGMENT,true,1.1232
experiments/tfpt-discovery/port_schur_reduction_probe.py,experiments/tfpt-discovery/port_schur_reduction_probe.py,,ATTACK,ARAKELOV_HODGE_INTERSECTION,OPEN,NOT_APPLICABLE,FINITE_FRAGMENT,true,0.9828
experiments/tfpt-discovery/port_seated_pivot_probe.py,experiments/tfpt-discovery/port_seated_pivot_probe.py,,ATTACK,MELLIN_PICK_LEE_YANG,MEASURED,NOT_APPLICABLE,FINITE_FRAGMENT,true,1.1232
experiments/tfpt-discovery/port_sflow_toda_probe.py,experiments/tfpt-discovery/port_sflow_toda_probe.py,,ATTACK,RHP_IIKS_TAU,MEASURED,NOT_APPLICABLE,FINITE_FRAGMENT,true,1.1232
experiments/tfpt-discovery/port_signfree_normalization_probe.py,experiments/tfpt-discovery/port_signfree_normalization_probe.py,,ATTACK,WEIL_POSITIVITY_WINDOWS,MEASURED,NOT_APPLICABLE,FINITE_FRAGMENT,true,1.1232
experiments/tfpt-discovery/port_tangent_schur_probe.py,experiments/tfpt-discovery/port_tangent_schur_probe.py,,ATTACK,WEIL_POSITIVITY_WINDOWS,MEASURED,NOT_APPLICABLE,FINITE_FRAGMENT,true,1.1232
experiments/tfpt-discovery/port_tau_determinant_probe.py,experiments/tfpt-discovery/port_tau_determinant_probe.py,,ATTACK,MELLIN_PICK_LEE_YANG,OPEN,NOT_APPLICABLE,FINITE_FRAGMENT,true,0.9828
experiments/tfpt-discovery/port_tau_hirota_probe.py,experiments/tfpt-discovery/port_tau_hirota_probe.py,,ATTACK,RHP_IIKS_TAU,MEASURED,NOT_APPLICABLE,FINITE_FRAGMENT,true,1.1232
experiments/tfpt-discovery/port_weyl_cocycle_probe.py,experiments/tfpt-discovery/port_weyl_cocycle_probe.py,,ATTACK,LATTICE_E8_HECKE,MEASURED,NOT_APPLICABLE,FINITE_FRAGMENT,true,1.1232
experiments/tfpt-discovery/position_carrier_probe.py,experiments/tfpt-discovery/position_carrier_probe.py,,ATTACK,DYNAMICS_CLOCKS_PF,MEASURED,NOT_APPLICABLE,FINITE_FRAGMENT,true,1.1232
experiments/tfpt-discovery/positive_cone_blindness_result.json,experiments/tfpt-discovery/positive_cone_blindness_result.json,,CERTIFICATE,WEIL_POSITIVITY_WINDOWS,OPEN,NOT_APPLICABLE,FINITE_FRAGMENT,true,1.0584
experiments/tfpt-discovery/positive_descent_master_probe.py,experiments/tfpt-discovery/positive_descent_master_probe.py,,ATTACK,LEAN_FORMALIZATION,PROVED,NOT_APPLICABLE,INFRASTRUCTURE,true,2.0592
experiments/tfpt-discovery/positive_descent_probe.py,experiments/tfpt-discovery/positive_descent_probe.py,,ATTACK,WEIL_POSITIVITY_WINDOWS,KILLED,NOT_APPLICABLE,FINITE_FRAGMENT,true,1.4976
experiments/tfpt-discovery/preconditioned_port_probe.py,experiments/tfpt-discovery/preconditioned_port_probe.py,,ATTACK,CERTIFICATE_INFRASTRUCTURE,MEASURED,NOT_APPLICABLE,INFRASTRUCTURE,true,1.1232
experiments/tfpt-discovery/prime_alias_second_moment_probe.py,experiments/tfpt-discovery/prime_alias_second_moment_probe.py,,ATTACK,CERTIFICATE_INFRASTRUCTURE,OPEN,NOT_APPLICABLE,INFRASTRUCTURE,true,0.9828
experiments/tfpt-discovery/prime_blind_demo_probe.py,experiments/tfpt-discovery/prime_blind_demo_probe.py,,ATTACK,WEIL_POSITIVITY_WINDOWS,OPEN,NOT_APPLICABLE,FINITE_FRAGMENT,true,0.9828
experiments/tfpt-discovery/prime_c2_planeframes_probe.py,experiments/tfpt-discovery/prime_c2_planeframes_probe.py,,ATTACK,LATTICE_E8_HECKE,OPEN,NOT_APPLICABLE,FINITE_FRAGMENT,true,0.9828
experiments/tfpt-discovery/prime_carrier_gray_probe.py,experiments/tfpt-discovery/prime_carrier_gray_probe.py,,ATTACK,DYNAMICS_CLOCKS_PF,KILLED,STRUCTURAL_MISMATCH,FINITE_FRAGMENT,true,1.4976
experiments/tfpt-discovery/prime_continuum_unshorten_probe.py,experiments/tfpt-discovery/prime_continuum_unshorten_probe.py,,ATTACK,WEIL_POSITIVITY_WINDOWS,OPEN,NOT_APPLICABLE,FINITE_FRAGMENT,true,0.9828
experiments/tfpt-discovery/prime_cp_intertwiner_probe.py,experiments/tfpt-discovery/prime_cp_intertwiner_probe.py,,ATTACK,WEIL_POSITIVITY_WINDOWS,OPEN,NOT_APPLICABLE,FINITE_FRAGMENT,true,0.9828
experiments/tfpt-discovery/prime_floor_theorem_probe.py,experiments/tfpt-discovery/prime_floor_theorem_probe.py,,ATTACK,SIEVE_FACTORING_GEOMETRY,CERTIFIED,NOT_APPLICABLE,UNRELATED,true,1.872
experiments/tfpt-discovery/prime_gap_register_correlation_probe.py,experiments/tfpt-discovery/prime_gap_register_correlation_probe.py,,ATTACK,LATTICE_E8_HECKE,MEASURED,NOT_APPLICABLE,FINITE_FRAGMENT,true,1.1232
experiments/tfpt-discovery/prime_kraus_doily_probe.py,experiments/tfpt-discovery/prime_kraus_doily_probe.py,,ATTACK,LATTICE_E8_HECKE,MEASURED,NOT_APPLICABLE,FINITE_FRAGMENT,true,1.1232
experiments/tfpt-discovery/prime_kraus_rm24_probe.py,experiments/tfpt-discovery/prime_kraus_rm24_probe.py,,ATTACK,ADELIC_GROUPOID_CONNES,OPEN,NOT_APPLICABLE,FINITE_FRAGMENT,true,0.9828
experiments/tfpt-discovery/prime_lagrange_pair_probe.py,experiments/tfpt-discovery/prime_lagrange_pair_probe.py,,ATTACK,WEIL_POSITIVITY_WINDOWS,CERTIFIED,NOT_APPLICABLE,FINITE_FRAGMENT,true,1.872
experiments/tfpt-discovery/prime_mosco_selection_probe.py,experiments/tfpt-discovery/prime_mosco_selection_probe.py,,ATTACK,OPERATOR_SPECTRAL,KILLED,LOSSY_CONSTANT,FINITE_FRAGMENT,true,1.4976
experiments/tfpt-discovery/prime_packet480_probe.py,experiments/tfpt-discovery/prime_packet480_probe.py,,ATTACK,LATTICE_E8_HECKE,OPEN,NOT_APPLICABLE,FINITE_FRAGMENT,true,0.9828
experiments/tfpt-discovery/prime_packet_rm14_probe.py,experiments/tfpt-discovery/prime_packet_rm14_probe.py,,ATTACK,DYNAMICS_CLOCKS_PF,OPEN,NOT_APPLICABLE,FINITE_FRAGMENT,true,0.9828
experiments/tfpt-discovery/prime_prediction_mechanics_probe.py,experiments/tfpt-discovery/prime_prediction_mechanics_probe.py,,ATTACK,LATTICE_E8_HECKE,OPEN,NOT_APPLICABLE,FINITE_FRAGMENT,true,0.9828
experiments/tfpt-discovery/prime_shadow_probe.py,experiments/tfpt-discovery/prime_shadow_probe.py,,ATTACK,LATTICE_E8_HECKE,OPEN,NOT_APPLICABLE,FINITE_FRAGMENT,true,0.9828
experiments/tfpt-discovery/prime_sqrt_uniformization_probe.py,experiments/tfpt-discovery/prime_sqrt_uniformization_probe.py,,ATTACK,ARAKELOV_HODGE_INTERSECTION,OPEN,NOT_APPLICABLE,FINITE_FRAGMENT,true,0.9828
experiments/tfpt-discovery/prime_tail_envelope_probe.py,experiments/tfpt-discovery/prime_tail_envelope_probe.py,,ATTACK,SIEVE_FACTORING_GEOMETRY,OPEN,NOT_APPLICABLE,UNRELATED,true,0.9828
experiments/tfpt-discovery/prime_thinning_seam_truncation_probe.py,experiments/tfpt-discovery/prime_thinning_seam_truncation_probe.py,,ATTACK,CERTIFICATE_INFRASTRUCTURE,OPEN,NOT_APPLICABLE,INFRASTRUCTURE,true,0.9828
experiments/tfpt-discovery/prime_vacuum35_probe.py,experiments/tfpt-discovery/prime_vacuum35_probe.py,,ATTACK,SIEVE_FACTORING_GEOMETRY,OPEN,NOT_APPLICABLE,UNRELATED,true,0.9828
experiments/tfpt-discovery/prime_vacuum_dilation_probe.py,experiments/tfpt-discovery/prime_vacuum_dilation_probe.py,,ATTACK,ARAKELOV_HODGE_INTERSECTION,OPEN,NOT_APPLICABLE,FINITE_FRAGMENT,true,0.9828
experiments/tfpt-discovery/primon_transport_category_probe.py,experiments/tfpt-discovery/primon_transport_category_probe.py,,ATTACK,LATTICE_E8_HECKE,OPEN,NOT_APPLICABLE,FINITE_FRAGMENT,true,0.9828
experiments/tfpt-discovery/projective_hamming_incidence_probe.py,experiments/tfpt-discovery/projective_hamming_incidence_probe.py,,ATTACK,LEAN_FORMALIZATION,KILLED,NOT_APPLICABLE,INFRASTRUCTURE,true,1.4976
experiments/tfpt-discovery/pruefer_compensation_probe.py,experiments/tfpt-discovery/pruefer_compensation_probe.py,,ATTACK,OTHER,OPEN,NOT_APPLICABLE,FINITE_FRAGMENT,true,0.9828
experiments/tfpt-discovery/psd_completion_tax_probe.py,experiments/tfpt-discovery/psd_completion_tax_probe.py,,ATTACK,CERTIFICATE_INFRASTRUCTURE,MEASURED,NOT_APPLICABLE,INFRASTRUCTURE,true,1.1232
experiments/tfpt-discovery/psi4_block_model_probe.py,experiments/tfpt-discovery/psi4_block_model_probe.py,,ATTACK,WEIL_POSITIVITY_WINDOWS,CERTIFIED,NOT_APPLICABLE,FINITE_FRAGMENT,true,1.872
experiments/tfpt-discovery/psi_ladder_probe.py,experiments/tfpt-discovery/psi_ladder_probe.py,,ATTACK,TOEPLITZ_MOMENT_POSITIVITY,CERTIFIED,NOT_APPLICABLE,FINITE_FRAGMENT,true,1.872
experiments/tfpt-discovery/qf_cell_cocycle_probe.py,experiments/tfpt-discovery/qf_cell_cocycle_probe.py,,ATTACK,TOEPLITZ_MOMENT_POSITIVITY,KILLED,NOT_APPLICABLE,FINITE_FRAGMENT,true,1.4976
experiments/tfpt-discovery/qf_contract_necessity_probe.py,experiments/tfpt-discovery/qf_contract_necessity_probe.py,,ATTACK,LEAN_FORMALIZATION,KILLED,NOT_APPLICABLE,INFRASTRUCTURE,true,1.4976
experiments/tfpt-discovery/qf_drainage_probe.py,experiments/tfpt-discovery/qf_drainage_probe.py,,ATTACK,WEIL_POSITIVITY_WINDOWS,KILLED,NOT_APPLICABLE,FINITE_FRAGMENT,true,1.4976
experiments/tfpt-discovery/qf_edge_separation_probe.py,experiments/tfpt-discovery/qf_edge_separation_probe.py,,ATTACK,CERTIFICATE_INFRASTRUCTURE,KILLED,STRUCTURAL_MISMATCH,INFRASTRUCTURE,true,1.4976
experiments/tfpt-discovery/qf_feshbach_effective_probe.py,experiments/tfpt-discovery/qf_feshbach_effective_probe.py,,ATTACK,LATTICE_E8_HECKE,KILLED,STRUCTURAL_MISMATCH,FINITE_FRAGMENT,true,1.4976
experiments/tfpt-discovery/qf_representation_census_probe.py,experiments/tfpt-discovery/qf_representation_census_probe.py,,ATTACK,ADELIC_GROUPOID_CONNES,KILLED,NOT_APPLICABLE,FINITE_FRAGMENT,true,1.4976
experiments/tfpt-discovery/qf_spectral_bundle_probe.py,experiments/tfpt-discovery/qf_spectral_bundle_probe.py,,ATTACK,WEIL_POSITIVITY_WINDOWS,KILLED,NOT_APPLICABLE,FINITE_FRAGMENT,true,1.4976
experiments/tfpt-discovery/qgeo_car_continuum_probe.py,experiments/tfpt-discovery/qgeo_car_continuum_probe.py,,ATTACK,OPERATOR_SPECTRAL,MEASURED,NOT_APPLICABLE,FINITE_FRAGMENT,true,1.1232
experiments/tfpt-discovery/qgeo_car_l1_sector_lemma_probe.py,experiments/tfpt-discovery/qgeo_car_l1_sector_lemma_probe.py,,ATTACK,DYNAMICS_CLOCKS_PF,OPEN,NOT_APPLICABLE,FINITE_FRAGMENT,true,0.9828
experiments/tfpt-discovery/qgeo_fourier_logsum_probe.py,experiments/tfpt-discovery/qgeo_fourier_logsum_probe.py,,ATTACK,OTHER,CERTIFIED,NOT_APPLICABLE,FINITE_FRAGMENT,true,1.872
experiments/tfpt-discovery/qgeo_grid_supremum_probe.py,experiments/tfpt-discovery/qgeo_grid_supremum_probe.py,,ATTACK,CERTIFICATE_INFRASTRUCTURE,OPEN,NOT_APPLICABLE,INFRASTRUCTURE,true,0.9828
experiments/tfpt-discovery/qgeo_h1_candidate_probe.py,experiments/tfpt-discovery/qgeo_h1_candidate_probe.py,,ATTACK,DYNAMICS_CLOCKS_PF,CERTIFIED,NOT_APPLICABLE,FINITE_FRAGMENT,true,1.872
experiments/tfpt-discovery/qgeo_r1_deferred_emergence_probe.py,experiments/tfpt-discovery/qgeo_r1_deferred_emergence_probe.py,,ATTACK,ARAKELOV_HODGE_INTERSECTION,OPEN,NOT_APPLICABLE,FINITE_FRAGMENT,true,0.9828
experiments/tfpt-discovery/qsys_jet_iso_probe.py,experiments/tfpt-discovery/qsys_jet_iso_probe.py,,ATTACK,DYNAMICS_CLOCKS_PF,OPEN,NOT_APPLICABLE,FINITE_FRAGMENT,true,0.9828
experiments/tfpt-discovery/quartic_half_probe.py,experiments/tfpt-discovery/quartic_half_probe.py,,ATTACK,LATTICE_E8_HECKE,KILLED,NOT_APPLICABLE,FINITE_FRAGMENT,true,1.4976
experiments/tfpt-discovery/quillen_bfk_compensation_probe.py,experiments/tfpt-discovery/quillen_bfk_compensation_probe.py,,ATTACK,ARAKELOV_HODGE_INTERSECTION,OPEN,NOT_APPLICABLE,FINITE_FRAGMENT,true,0.9828
experiments/tfpt-discovery/quillen_jet_a4_probe.py,experiments/tfpt-discovery/quillen_jet_a4_probe.py,,ATTACK,ARAKELOV_HODGE_INTERSECTION,OPEN,NOT_APPLICABLE,FINITE_FRAGMENT,true,0.9828
experiments/tfpt-discovery/quillen_level_dictionary_census_probe.py,experiments/tfpt-discovery/quillen_level_dictionary_census_probe.py,,ATTACK,ARAKELOV_HODGE_INTERSECTION,OPEN,NOT_APPLICABLE,FINITE_FRAGMENT,true,0.9828
experiments/tfpt-discovery/quillen_ramified_level_probe.py,experiments/tfpt-discovery/quillen_ramified_level_probe.py,,ATTACK,ARAKELOV_HODGE_INTERSECTION,OPEN,NOT_APPLICABLE,FINITE_FRAGMENT,true,0.9828
experiments/tfpt-discovery/quillen_rigidity_chain_probe.py,experiments/tfpt-discovery/quillen_rigidity_chain_probe.py,,ATTACK,ARAKELOV_HODGE_INTERSECTION,OPEN,NOT_APPLICABLE,FINITE_FRAGMENT,true,0.9828
experiments/tfpt-discovery/r_microstate_identification_probe.py,experiments/tfpt-discovery/r_microstate_identification_probe.py,,ATTACK,LATTICE_E8_HECKE,OPEN,NOT_APPLICABLE,FINITE_FRAGMENT,true,0.9828
experiments/tfpt-discovery/radau_class_assembly_probe.py,experiments/tfpt-discovery/radau_class_assembly_probe.py,,ATTACK,LATTICE_E8_HECKE,CERTIFIED,NOT_APPLICABLE,FINITE_FRAGMENT,true,1.872
experiments/tfpt-discovery/radau_class_close_probe.py,experiments/tfpt-discovery/radau_class_close_probe.py,,ATTACK,ARAKELOV_HODGE_INTERSECTION,OPEN,NOT_APPLICABLE,FINITE_FRAGMENT,true,0.9828
experiments/tfpt-discovery/radau_sos_certificate_probe.py,experiments/tfpt-discovery/radau_sos_certificate_probe.py,,ATTACK,CERTIFICATE_INFRASTRUCTURE,CERTIFIED,NOT_APPLICABLE,INFRASTRUCTURE,true,1.872
experiments/tfpt-discovery/radius4_reduction_probe.py,experiments/tfpt-discovery/radius4_reduction_probe.py,,ATTACK,WEIL_POSITIVITY_WINDOWS,MEASURED,NOT_APPLICABLE,FINITE_FRAGMENT,true,1.1232
experiments/tfpt-discovery/ramified_polarity_probe.py,experiments/tfpt-discovery/ramified_polarity_probe.py,,ATTACK,LATTICE_E8_HECKE,OPEN,NOT_APPLICABLE,FINITE_FRAGMENT,true,0.9828
experiments/tfpt-discovery/ramodd_twostep_probe.py,experiments/tfpt-discovery/ramodd_twostep_probe.py,,ATTACK,ADELIC_GROUPOID_CONNES,OPEN,NOT_APPLICABLE,FINITE_FRAGMENT,true,0.9828
experiments/tfpt-discovery/rank2_wedge_probe.py,experiments/tfpt-discovery/rank2_wedge_probe.py,,ATTACK,WEIL_POSITIVITY_WINDOWS,MEASURED,NOT_APPLICABLE,FINITE_FRAGMENT,true,1.1232
experiments/tfpt-discovery/rank3_density_close_probe.py,experiments/tfpt-discovery/rank3_density_close_probe.py,,ATTACK,WEIL_POSITIVITY_WINDOWS,OPEN,NOT_APPLICABLE,FINITE_FRAGMENT,true,0.9828
experiments/tfpt-discovery/rank3_functionals_probe.py,experiments/tfpt-discovery/rank3_functionals_probe.py,,ATTACK,WEIL_POSITIVITY_WINDOWS,MEASURED,NOT_APPLICABLE,FINITE_FRAGMENT,true,1.1232
experiments/tfpt-discovery/rank3_jet_probe.py,experiments/tfpt-discovery/rank3_jet_probe.py,,ATTACK,OPERATOR_SPECTRAL,MEASURED,NOT_APPLICABLE,FINITE_FRAGMENT,true,1.1232
experiments/tfpt-discovery/rank3_lockgram_probe.py,experiments/tfpt-discovery/rank3_lockgram_probe.py,,ATTACK,WEIL_POSITIVITY_WINDOWS,OPEN,NOT_APPLICABLE,FINITE_FRAGMENT,true,0.9828
experiments/tfpt-discovery/rank3_transverse_deck_probe.py,experiments/tfpt-discovery/rank3_transverse_deck_probe.py,,ATTACK,EXPLICIT_FORMULA_IDENTITY,OPEN,NOT_APPLICABLE,IDENTITY_SIDE,true,0.9828
experiments/tfpt-discovery/rank3_uniformity_probe.py,experiments/tfpt-discovery/rank3_uniformity_probe.py,,ATTACK,WEIL_POSITIVITY_WINDOWS,OPEN,NOT_APPLICABLE,FINITE_FRAGMENT,true,0.9828
experiments/tfpt-discovery/rank3_zeroside_probe.py,experiments/tfpt-discovery/rank3_zeroside_probe.py,,ATTACK,EXPLICIT_FORMULA_IDENTITY,MEASURED,NOT_APPLICABLE,IDENTITY_SIDE,true,1.1232
experiments/tfpt-discovery/rankin_selberg_functor_probe.py,experiments/tfpt-discovery/rankin_selberg_functor_probe.py,,ATTACK,SIEVE_FACTORING_GEOMETRY,OPEN,NOT_APPLICABLE,UNRELATED,true,0.9828
experiments/tfpt-discovery/ratio_certificate_probe.py,experiments/tfpt-discovery/ratio_certificate_probe.py,,ATTACK,WEIL_POSITIVITY_WINDOWS,CERTIFIED,NOT_APPLICABLE,FINITE_FRAGMENT,true,1.872
experiments/tfpt-discovery/ratio_euler_projection_probe.py,experiments/tfpt-discovery/ratio_euler_projection_probe.py,,ATTACK,WEIL_POSITIVITY_WINDOWS,MEASURED,NOT_APPLICABLE,FINITE_FRAGMENT,true,1.1232
experiments/tfpt-discovery/read_decay_mechanism_probe.py,experiments/tfpt-discovery/read_decay_mechanism_probe.py,,ATTACK,SIEVE_FACTORING_GEOMETRY,MEASURED,NOT_APPLICABLE,UNRELATED,true,1.1232
experiments/tfpt-discovery/readout_fourier_factor_probe.py,experiments/tfpt-discovery/readout_fourier_factor_probe.py,,ATTACK,LATTICE_E8_HECKE,OPEN,NOT_APPLICABLE,FINITE_FRAGMENT,true,0.9828
experiments/tfpt-discovery/real_structure_probe.py,experiments/tfpt-discovery/real_structure_probe.py,,ATTACK,SIEVE_FACTORING_GEOMETRY,OPEN,NOT_APPLICABLE,UNRELATED,true,0.9828
experiments/tfpt-discovery/realroot_arbiter_probe.py,experiments/tfpt-discovery/realroot_arbiter_probe.py,,ATTACK,CERTIFICATE_INFRASTRUCTURE,OPEN,NOT_APPLICABLE,INFRASTRUCTURE,true,0.9828
experiments/tfpt-discovery/recipe_coherent_avoidance_probe.py,experiments/tfpt-discovery/recipe_coherent_avoidance_probe.py,,ATTACK,WEIL_POSITIVITY_WINDOWS,PROVED,NOT_APPLICABLE,FINITE_FRAGMENT,true,2.0592
experiments/tfpt-discovery/recursion_traces_probe.py,experiments/tfpt-discovery/recursion_traces_probe.py,,ATTACK,DYNAMICS_CLOCKS_PF,KILLED,NOT_APPLICABLE,FINITE_FRAGMENT,true,1.4976
experiments/tfpt-discovery/redheffer_colligation_probe.py,experiments/tfpt-discovery/redheffer_colligation_probe.py,,ATTACK,OPERATOR_SPECTRAL,OPEN,NOT_APPLICABLE,FINITE_FRAGMENT,true,0.9828
experiments/tfpt-discovery/register_frobenius_walsh_probe.py,experiments/tfpt-discovery/register_frobenius_walsh_probe.py,,ATTACK,DYNAMICS_CLOCKS_PF,OPEN,NOT_APPLICABLE,FINITE_FRAGMENT,true,0.9828
experiments/tfpt-discovery/register_prime_forcing_probe.py,experiments/tfpt-discovery/register_prime_forcing_probe.py,,ATTACK,LATTICE_E8_HECKE,MEASURED,NOT_APPLICABLE,FINITE_FRAGMENT,true,1.1232
experiments/tfpt-discovery/register_quadratic_code_probe.py,experiments/tfpt-discovery/register_quadratic_code_probe.py,,ATTACK,DYNAMICS_CLOCKS_PF,MEASURED,NOT_APPLICABLE,FINITE_FRAGMENT,true,1.1232
experiments/tfpt-discovery/relation_corner_ladder_probe.py,experiments/tfpt-discovery/relation_corner_ladder_probe.py,,ATTACK,LATTICE_E8_HECKE,CERTIFIED,NOT_APPLICABLE,FINITE_FRAGMENT,true,1.872
experiments/tfpt-discovery/relation_hodge_pfaffian_probe.py,experiments/tfpt-discovery/relation_hodge_pfaffian_probe.py,,ATTACK,ARAKELOV_HODGE_INTERSECTION,OPEN,NOT_APPLICABLE,FINITE_FRAGMENT,true,0.9828
experiments/tfpt-discovery/relational_lagrange_probe.py,experiments/tfpt-discovery/relational_lagrange_probe.py,,ATTACK,OTHER,OPEN,NOT_APPLICABLE,FINITE_FRAGMENT,true,0.9828
experiments/tfpt-discovery/relational_schur_gram_probe.py,experiments/tfpt-discovery/relational_schur_gram_probe.py,,ATTACK,WEIL_POSITIVITY_WINDOWS,MEASURED,NOT_APPLICABLE,FINITE_FRAGMENT,true,1.1232
experiments/tfpt-discovery/relative_congruence_probe.py,experiments/tfpt-discovery/relative_congruence_probe.py,,ATTACK,WEIL_POSITIVITY_WINDOWS,MEASURED,NOT_APPLICABLE,FINITE_FRAGMENT,true,1.1232
experiments/tfpt-discovery/relative_domination_probe.py,experiments/tfpt-discovery/relative_domination_probe.py,,ATTACK,WEIL_POSITIVITY_WINDOWS,MEASURED,NOT_APPLICABLE,FINITE_FRAGMENT,true,1.1232
experiments/tfpt-discovery/relative_flag_margin_probe.py,experiments/tfpt-discovery/relative_flag_margin_probe.py,,ATTACK,WEIL_POSITIVITY_WINDOWS,CERTIFIED,NOT_APPLICABLE,FINITE_FRAGMENT,true,1.872
experiments/tfpt-discovery/relative_trace_compiler_probe.py,experiments/tfpt-discovery/relative_trace_compiler_probe.py,,ATTACK,LATTICE_E8_HECKE,OPEN,NOT_APPLICABLE,FINITE_FRAGMENT,true,0.9828
experiments/tfpt-discovery/relay_induction_probe.py,experiments/tfpt-discovery/relay_induction_probe.py,,ATTACK,WEIL_POSITIVITY_WINDOWS,OPEN,NOT_APPLICABLE,FINITE_FRAGMENT,true,0.9828
experiments/tfpt-discovery/relay_test_probe.py,experiments/tfpt-discovery/relay_test_probe.py,,ATTACK,WEIL_POSITIVITY_WINDOWS,INCONCLUSIVE,NOT_APPLICABLE,FINITE_FRAGMENT,true,0.7488
experiments/tfpt-discovery/replication_premise_promotions_audit_probe.py,experiments/tfpt-discovery/replication_premise_promotions_audit_probe.py,,EXTERNAL_AUDIT,CERTIFICATE_INFRASTRUCTURE,OPEN,NOT_APPLICABLE,INFRASTRUCTURE,true,0.6426
experiments/tfpt-discovery/residual_dissection_probe.py,experiments/tfpt-discovery/residual_dissection_probe.py,,ATTACK,WEIL_POSITIVITY_WINDOWS,OPEN,NOT_APPLICABLE,FINITE_FRAGMENT,true,0.9828
experiments/tfpt-discovery/residual_quadrature_probe.py,experiments/tfpt-discovery/residual_quadrature_probe.py,,ATTACK,CERTIFICATE_INFRASTRUCTURE,CERTIFIED,NOT_APPLICABLE,INFRASTRUCTURE,true,1.872
experiments/tfpt-discovery/resolvent_closure_probe.py,experiments/tfpt-discovery/resolvent_closure_probe.py,,ATTACK,OPERATOR_SPECTRAL,MEASURED,NOT_APPLICABLE,FINITE_FRAGMENT,true,1.1232
experiments/tfpt-discovery/rh_leverage_probe.py,experiments/tfpt-discovery/rh_leverage_probe.py,,ATTACK,TOEPLITZ_MOMENT_POSITIVITY,CERTIFIED,NOT_APPLICABLE,FINITE_FRAGMENT,true,1.872
experiments/tfpt-discovery/rho_margin_derivation_probe.py,experiments/tfpt-discovery/rho_margin_derivation_probe.py,,ATTACK,OTHER,CERTIFIED,NOT_APPLICABLE,FINITE_FRAGMENT,true,1.872
experiments/tfpt-discovery/rhp_tier2_polecontrol_probe.py,experiments/tfpt-discovery/rhp_tier2_polecontrol_probe.py,,ATTACK,OPERATOR_SPECTRAL,OPEN,NOT_APPLICABLE,FINITE_FRAGMENT,true,0.9828
experiments/tfpt-discovery/rid_alignment_probe.py,experiments/tfpt-discovery/rid_alignment_probe.py,,ATTACK,WEIL_POSITIVITY_WINDOWS,MEASURED,NOT_APPLICABLE,FINITE_FRAGMENT,true,1.1232
experiments/tfpt-discovery/rigidity_inverse_probe.py,experiments/tfpt-discovery/rigidity_inverse_probe.py,,ATTACK,WEIL_POSITIVITY_WINDOWS,OPEN,NOT_APPLICABLE,FINITE_FRAGMENT,true,0.9828
experiments/tfpt-discovery/roadmap_probe.py,experiments/tfpt-discovery/roadmap_probe.py,,ATTACK,MELLIN_PICK_LEE_YANG,CERTIFIED,NOT_APPLICABLE,FINITE_FRAGMENT,true,1.872
experiments/tfpt-discovery/rp_nsr_flat_probe.py,experiments/tfpt-discovery/rp_nsr_flat_probe.py,,ATTACK,ARAKELOV_HODGE_INTERSECTION,OPEN,NOT_APPLICABLE,FINITE_FRAGMENT,true,0.9828
experiments/tfpt-discovery/rtf_pairing_sharpening_probe.py,experiments/tfpt-discovery/rtf_pairing_sharpening_probe.py,,ATTACK,SIEVE_FACTORING_GEOMETRY,OPEN,NOT_APPLICABLE,UNRELATED,true,0.9828
experiments/tfpt-discovery/rtf_period_pairing_probe.py,experiments/tfpt-discovery/rtf_period_pairing_probe.py,,ATTACK,MELLIN_PICK_LEE_YANG,OPEN,NOT_APPLICABLE,FINITE_FRAGMENT,true,0.9828
experiments/tfpt-discovery/rtf_stabilization_probe.py,experiments/tfpt-discovery/rtf_stabilization_probe.py,,ATTACK,WEIL_POSITIVITY_WINDOWS,MEASURED,NOT_APPLICABLE,FINITE_FRAGMENT,true,1.1232
experiments/tfpt-discovery/s1_canonical_probe.py,experiments/tfpt-discovery/s1_canonical_probe.py,,ATTACK,OPERATOR_SPECTRAL,OPEN,NOT_APPLICABLE,FINITE_FRAGMENT,true,0.9828
experiments/tfpt-discovery/sat_projection_alignment_probe.py,experiments/tfpt-discovery/sat_projection_alignment_probe.py,,ATTACK,LATTICE_E8_HECKE,MEASURED,NOT_APPLICABLE,FINITE_FRAGMENT,true,1.1232
experiments/tfpt-discovery/schoenberg_core_probe.py,experiments/tfpt-discovery/schoenberg_core_probe.py,,ATTACK,WEIL_POSITIVITY_WINDOWS,CERTIFIED,NOT_APPLICABLE,FINITE_FRAGMENT,true,1.872
experiments/tfpt-discovery/schur_cascade_probe.py,experiments/tfpt-discovery/schur_cascade_probe.py,,ATTACK,SIEVE_FACTORING_GEOMETRY,CERTIFIED,NOT_APPLICABLE,UNRELATED,true,1.872
experiments/tfpt-discovery/schur_cone_recursion_probe.py,experiments/tfpt-discovery/schur_cone_recursion_probe.py,,ATTACK,WEIL_POSITIVITY_WINDOWS,OPEN,NOT_APPLICABLE,FINITE_FRAGMENT,true,0.9828
experiments/tfpt-discovery/schur_entry_probe.py,experiments/tfpt-discovery/schur_entry_probe.py,,ATTACK,WEIL_POSITIVITY_WINDOWS,CERTIFIED,NOT_APPLICABLE,FINITE_FRAGMENT,true,1.872
experiments/tfpt-discovery/schur_envelope_identity_probe.py,experiments/tfpt-discovery/schur_envelope_identity_probe.py,,ATTACK,LATTICE_E8_HECKE,MEASURED,NOT_APPLICABLE,FINITE_FRAGMENT,true,1.1232
experiments/tfpt-discovery/schur_profile_bound_probe.py,experiments/tfpt-discovery/schur_profile_bound_probe.py,,ATTACK,OPERATOR_SPECTRAL,CERTIFIED,NOT_APPLICABLE,FINITE_FRAGMENT,true,1.872
experiments/tfpt-discovery/schur_profile_chain_probe.py,experiments/tfpt-discovery/schur_profile_chain_probe.py,,ATTACK,WEIL_POSITIVITY_WINDOWS,CERTIFIED,NOT_APPLICABLE,FINITE_FRAGMENT,true,1.872
experiments/tfpt-discovery/schur_transport_probe.py,experiments/tfpt-discovery/schur_transport_probe.py,,ATTACK,WEIL_POSITIVITY_WINDOWS,CERTIFIED,NOT_APPLICABLE,FINITE_FRAGMENT,true,1.872
experiments/tfpt-discovery/schur_ward_identity_probe.py,experiments/tfpt-discovery/schur_ward_identity_probe.py,,ATTACK,WEIL_POSITIVITY_WINDOWS,CERTIFIED,NOT_APPLICABLE,FINITE_FRAGMENT,true,1.872
experiments/tfpt-discovery/screwind_induction_probe.py,experiments/tfpt-discovery/screwind_induction_probe.py,,ATTACK,OPERATOR_SPECTRAL,MEASURED,NOT_APPLICABLE,FINITE_FRAGMENT,true,1.1232
experiments/tfpt-discovery/seam48_intertwiner_probe.py,experiments/tfpt-discovery/seam48_intertwiner_probe.py,,ATTACK,LATTICE_E8_HECKE,OPEN,NOT_APPLICABLE,FINITE_FRAGMENT,true,0.9828
experiments/tfpt-discovery/seam_archimedean_kernel_probe.py,experiments/tfpt-discovery/seam_archimedean_kernel_probe.py,,ATTACK,EXPLICIT_FORMULA_IDENTITY,KILLED,STRUCTURAL_MISMATCH,IDENTITY_SIDE,true,1.4976
experiments/tfpt-discovery/seam_bc_primon_bridge_probe.py,experiments/tfpt-discovery/seam_bc_primon_bridge_probe.py,,ATTACK,ADELIC_GROUPOID_CONNES,KILLED,NOT_APPLICABLE,FINITE_FRAGMENT,true,1.4976
experiments/tfpt-discovery/seam_bfk_conical_det_probe.py,experiments/tfpt-discovery/seam_bfk_conical_det_probe.py,,ATTACK,ARAKELOV_HODGE_INTERSECTION,OPEN,NOT_APPLICABLE,FINITE_FRAGMENT,true,0.9828
experiments/tfpt-discovery/seam_boost_arch_dictionary_probe.py,experiments/tfpt-discovery/seam_boost_arch_dictionary_probe.py,,ATTACK,EXPLICIT_FORMULA_IDENTITY,OPEN,NOT_APPLICABLE,IDENTITY_SIDE,true,0.9828
experiments/tfpt-discovery/seam_clifford_modular_s_probe.py,experiments/tfpt-discovery/seam_clifford_modular_s_probe.py,,ATTACK,WEIL_POSITIVITY_WINDOWS,OPEN,NOT_APPLICABLE,FINITE_FRAGMENT,true,0.9828
experiments/tfpt-discovery/seam_clock_rigidity_moebius_probe.py,experiments/tfpt-discovery/seam_clock_rigidity_moebius_probe.py,,ATTACK,DYNAMICS_CLOCKS_PF,OPEN,NOT_APPLICABLE,FINITE_FRAGMENT,true,0.9828
experiments/tfpt-discovery/seam_cover_forcing_probe.py,experiments/tfpt-discovery/seam_cover_forcing_probe.py,,ATTACK,DYNAMICS_CLOCKS_PF,OPEN,NOT_APPLICABLE,FINITE_FRAGMENT,true,0.9828
experiments/tfpt-discovery/seam_halfcut_dilation_arch_probe.py,experiments/tfpt-discovery/seam_halfcut_dilation_arch_probe.py,,ATTACK,EXPLICIT_FORMULA_IDENTITY,KILLED,STRUCTURAL_MISMATCH,IDENTITY_SIDE,true,1.4976
experiments/tfpt-discovery/seam_selfdual_width_probe.py,experiments/tfpt-discovery/seam_selfdual_width_probe.py,,ATTACK,DYNAMICS_CLOCKS_PF,KILLED,STRUCTURAL_MISMATCH,FINITE_FRAGMENT,true,1.4976
experiments/tfpt-discovery/seam_tate_phase_probe.py,experiments/tfpt-discovery/seam_tate_phase_probe.py,,ATTACK,MELLIN_PICK_LEE_YANG,OPEN,NOT_APPLICABLE,FINITE_FRAGMENT,true,0.9828
experiments/tfpt-discovery/seam_truncated_trace_rvm_probe.py,experiments/tfpt-discovery/seam_truncated_trace_rvm_probe.py,,ATTACK,LATTICE_E8_HECKE,OPEN,NOT_APPLICABLE,FINITE_FRAGMENT,true,0.9828
experiments/tfpt-discovery/sector_change_probe.py,experiments/tfpt-discovery/sector_change_probe.py,,ATTACK,WEIL_POSITIVITY_WINDOWS,CERTIFIED,NOT_APPLICABLE,FINITE_FRAGMENT,true,1.872
experiments/tfpt-discovery/sector_floor_attack_probe.py,experiments/tfpt-discovery/sector_floor_attack_probe.py,,ATTACK,WEIL_POSITIVITY_WINDOWS,OPEN,NOT_APPLICABLE,FINITE_FRAGMENT,true,0.9828
experiments/tfpt-discovery/selberg_supply_probe.py,experiments/tfpt-discovery/selberg_supply_probe.py,,ATTACK,SELBERG_TRACE_CONTACT,OPEN,NOT_APPLICABLE,FINITE_FRAGMENT,true,0.9828
experiments/tfpt-discovery/selberg_symmetry_rewrite_probe.py,experiments/tfpt-discovery/selberg_symmetry_rewrite_probe.py,,ATTACK,SELBERG_TRACE_CONTACT,MEASURED,NOT_APPLICABLE,FINITE_FRAGMENT,true,1.1232
experiments/tfpt-discovery/self_supply_probe.py,experiments/tfpt-discovery/self_supply_probe.py,,ATTACK,WEIL_POSITIVITY_WINDOWS,CERTIFIED,NOT_APPLICABLE,FINITE_FRAGMENT,true,1.872
experiments/tfpt-discovery/selfdual_construction_probe.py,experiments/tfpt-discovery/selfdual_construction_probe.py,,ATTACK,OPERATOR_SPECTRAL,CERTIFIED,NOT_APPLICABLE,FINITE_FRAGMENT,true,1.872
experiments/tfpt-discovery/separation_floor_probe.py,experiments/tfpt-discovery/separation_floor_probe.py,,ATTACK,WEIL_POSITIVITY_WINDOWS,CERTIFIED,NOT_APPLICABLE,FINITE_FRAGMENT,true,1.872
experiments/tfpt-discovery/sharp_capacity_probe.py,experiments/tfpt-discovery/sharp_capacity_probe.py,,ATTACK,WEIL_POSITIVITY_WINDOWS,CERTIFIED,NOT_APPLICABLE,FINITE_FRAGMENT,true,1.872
experiments/tfpt-discovery/shat_band_organization_probe.py,experiments/tfpt-discovery/shat_band_organization_probe.py,,ATTACK,WEIL_POSITIVITY_WINDOWS,MEASURED,NOT_APPLICABLE,FINITE_FRAGMENT,true,1.1232
experiments/tfpt-discovery/shell_multiplicity_one_quotient_probe.py,experiments/tfpt-discovery/shell_multiplicity_one_quotient_probe.py,,ATTACK,LATTICE_E8_HECKE,OPEN,NOT_APPLICABLE,FINITE_FRAGMENT,true,0.9828
experiments/tfpt-discovery/shells_jcontract_probe.py,experiments/tfpt-discovery/shells_jcontract_probe.py,,ATTACK,RHP_IIKS_TAU,OPEN,NOT_APPLICABLE,FINITE_FRAGMENT,true,0.9828
experiments/tfpt-discovery/shift_average_all_depth_probe.py,experiments/tfpt-discovery/shift_average_all_depth_probe.py,,ATTACK,EXPLICIT_FORMULA_IDENTITY,MEASURED,NOT_APPLICABLE,IDENTITY_SIDE,true,1.1232
experiments/tfpt-discovery/shift_average_deep_probe.py,experiments/tfpt-discovery/shift_average_deep_probe.py,,ATTACK,CERTIFICATE_INFRASTRUCTURE,CERTIFIED,NOT_APPLICABLE,INFRASTRUCTURE,true,1.872
experiments/tfpt-discovery/shift_average_hh_audit_probe.py,experiments/tfpt-discovery/shift_average_hh_audit_probe.py,,EXTERNAL_AUDIT,CERTIFICATE_INFRASTRUCTURE,CERTIFIED,NOT_APPLICABLE,INFRASTRUCTURE,true,1.224
experiments/tfpt-discovery/shift_average_probe.py,experiments/tfpt-discovery/shift_average_probe.py,,ATTACK,EXPLICIT_FORMULA_IDENTITY,MEASURED,NOT_APPLICABLE,IDENTITY_SIDE,true,1.1232
experiments/tfpt-discovery/sieve4_eulerpick_n4_probe.py,experiments/tfpt-discovery/sieve4_eulerpick_n4_probe.py,,ATTACK,SIEVE_FACTORING_GEOMETRY,CERTIFIED,NOT_APPLICABLE,UNRELATED,true,1.872
experiments/tfpt-discovery/sigma_coupling_pivot_probe.py,experiments/tfpt-discovery/sigma_coupling_pivot_probe.py,,ATTACK,CERTIFICATE_INFRASTRUCTURE,MEASURED,NOT_APPLICABLE,INFRASTRUCTURE,true,1.1232
experiments/tfpt-discovery/sigma_edge_growth_probe.py,experiments/tfpt-discovery/sigma_edge_growth_probe.py,,ATTACK,WEIL_POSITIVITY_WINDOWS,MEASURED,NOT_APPLICABLE,FINITE_FRAGMENT,true,1.1232
experiments/tfpt-discovery/sigma_stress_battery_probe.py,experiments/tfpt-discovery/sigma_stress_battery_probe.py,,ATTACK,MELLIN_PICK_LEE_YANG,MEASURED,NOT_APPLICABLE,FINITE_FRAGMENT,true,1.1232
experiments/tfpt-discovery/sign_uncertainty_w3_probe.py,experiments/tfpt-discovery/sign_uncertainty_w3_probe.py,,ATTACK,WEIL_POSITIVITY_WINDOWS,MEASURED,NOT_APPLICABLE,FINITE_FRAGMENT,true,1.1232
experiments/tfpt-discovery/signed_homotopy_probe.py,experiments/tfpt-discovery/signed_homotopy_probe.py,,ATTACK,CERTIFICATE_INFRASTRUCTURE,MEASURED,NOT_APPLICABLE,INFRASTRUCTURE,true,1.1232
experiments/tfpt-discovery/signed_only_nogo_probe.py,experiments/tfpt-discovery/signed_only_nogo_probe.py,,ATTACK,WEIL_POSITIVITY_WINDOWS,CERTIFIED,NOT_APPLICABLE,FINITE_FRAGMENT,true,1.872
experiments/tfpt-discovery/signpos_probe.py,experiments/tfpt-discovery/signpos_probe.py,,ATTACK,EXPLICIT_FORMULA_IDENTITY,OPEN,NOT_APPLICABLE,IDENTITY_SIDE,true,0.9828
experiments/tfpt-discovery/simple_principle_probe.py,experiments/tfpt-discovery/simple_principle_probe.py,,ATTACK,DYNAMICS_CLOCKS_PF,CERTIFIED,NOT_APPLICABLE,FINITE_FRAGMENT,true,1.872
experiments/tfpt-discovery/simpler_certificate_probe.py,experiments/tfpt-discovery/simpler_certificate_probe.py,,ATTACK,ADELIC_GROUPOID_CONNES,OPEN,NOT_APPLICABLE,FINITE_FRAGMENT,true,0.9828
experiments/tfpt-discovery/simpler_gluing_probe.py,experiments/tfpt-discovery/simpler_gluing_probe.py,,ATTACK,WEIL_POSITIVITY_WINDOWS,OPEN,NOT_APPLICABLE,FINITE_FRAGMENT,true,0.9828
experiments/tfpt-discovery/simpler_schur_recursion_probe.py,experiments/tfpt-discovery/simpler_schur_recursion_probe.py,,ATTACK,TOEPLITZ_MOMENT_POSITIVITY,MEASURED,NOT_APPLICABLE,FINITE_FRAGMENT,true,1.1232
experiments/tfpt-discovery/simpler_tower_probe.py,experiments/tfpt-discovery/simpler_tower_probe.py,,ATTACK,TOEPLITZ_MOMENT_POSITIVITY,OPEN,NOT_APPLICABLE,FINITE_FRAGMENT,true,0.9828
experiments/tfpt-discovery/simplex_fourier_probe.py,experiments/tfpt-discovery/simplex_fourier_probe.py,,ATTACK,LATTICE_E8_HECKE,MEASURED,NOT_APPLICABLE,FINITE_FRAGMENT,true,1.1232
experiments/tfpt-discovery/simplicity_core_census_probe.py,experiments/tfpt-discovery/simplicity_core_census_probe.py,,ATTACK,DYNAMICS_CLOCKS_PF,OPEN,NOT_APPLICABLE,FINITE_FRAGMENT,true,0.9828
experiments/tfpt-discovery/simulation_signatures_message_capacity_probe.py,experiments/tfpt-discovery/simulation_signatures_message_capacity_probe.py,,ATTACK,DYNAMICS_CLOCKS_PF,OPEN,NOT_APPLICABLE,FINITE_FRAGMENT,true,0.9828
experiments/tfpt-discovery/softport_cauchy_probe.py,experiments/tfpt-discovery/softport_cauchy_probe.py,,ATTACK,OPERATOR_SPECTRAL,OPEN,NOT_APPLICABLE,FINITE_FRAGMENT,true,0.9828
experiments/tfpt-discovery/softport_radau17_probe.py,experiments/tfpt-discovery/softport_radau17_probe.py,,ATTACK,CERTIFICATE_INFRASTRUCTURE,OPEN,NOT_APPLICABLE,INFRASTRUCTURE,true,0.9828
experiments/tfpt-discovery/sonin_crossing_probe.py,experiments/tfpt-discovery/sonin_crossing_probe.py,,ATTACK,WEIL_POSITIVITY_WINDOWS,OPEN,NOT_APPLICABLE,FINITE_FRAGMENT,true,0.9828
experiments/tfpt-discovery/source_contractor_norm_probe.py,experiments/tfpt-discovery/source_contractor_norm_probe.py,,ATTACK,TOEPLITZ_MOMENT_POSITIVITY,OPEN,NOT_APPLICABLE,FINITE_FRAGMENT,true,0.9828
experiments/tfpt-discovery/sp_expsum_pricing_probe.py,experiments/tfpt-discovery/sp_expsum_pricing_probe.py,,ATTACK,EXPLICIT_FORMULA_IDENTITY,OPEN,NOT_APPLICABLE,IDENTITY_SIDE,true,0.9828
experiments/tfpt-discovery/spectral_flow_pivot_probe.py,experiments/tfpt-discovery/spectral_flow_pivot_probe.py,,ATTACK,TOEPLITZ_MOMENT_POSITIVITY,MEASURED,NOT_APPLICABLE,FINITE_FRAGMENT,true,1.1232
experiments/tfpt-discovery/spectral_mother_probe.py,experiments/tfpt-discovery/spectral_mother_probe.py,,ATTACK,WEIL_POSITIVITY_WINDOWS,OPEN,NOT_APPLICABLE,FINITE_FRAGMENT,true,0.9828
experiments/tfpt-discovery/squarelock_adjudication_probe.py,experiments/tfpt-discovery/squarelock_adjudication_probe.py,,ATTACK,WEIL_POSITIVITY_WINDOWS,CERTIFIED,NOT_APPLICABLE,FINITE_FRAGMENT,true,1.872
experiments/tfpt-discovery/st31_structure_probe.py,experiments/tfpt-discovery/st31_structure_probe.py,,ATTACK,DYNAMICS_CLOCKS_PF,KILLED,STRUCTURAL_MISMATCH,FINITE_FRAGMENT,true,1.4976
experiments/tfpt-discovery/st_isotype_gl1_core_probe.py,experiments/tfpt-discovery/st_isotype_gl1_core_probe.py,,ATTACK,SIEVE_FACTORING_GEOMETRY,MEASURED,NOT_APPLICABLE,UNRELATED,true,1.1232
experiments/tfpt-discovery/stage1_construction_probe.py,experiments/tfpt-discovery/stage1_construction_probe.py,,ATTACK,EXPLICIT_FORMULA_IDENTITY,CERTIFIED,NOT_APPLICABLE,IDENTITY_SIDE,true,1.872
experiments/tfpt-discovery/stage4_prolate_prototype_probe.py,experiments/tfpt-discovery/stage4_prolate_prototype_probe.py,,ATTACK,OPERATOR_SPECTRAL,OPEN,NOT_APPLICABLE,FINITE_FRAGMENT,true,0.9828
experiments/tfpt-discovery/stage4_prolate_uv_dirac_probe.py,experiments/tfpt-discovery/stage4_prolate_uv_dirac_probe.py,,ATTACK,OPERATOR_SPECTRAL,OPEN,NOT_APPLICABLE,FINITE_FRAGMENT,true,0.9828
experiments/tfpt-discovery/stageb_winding_probe.py,experiments/tfpt-discovery/stageb_winding_probe.py,,ATTACK,SIEVE_FACTORING_GEOMETRY,OPEN,NOT_APPLICABLE,UNRELATED,true,0.9828
experiments/tfpt-discovery/stc_opus_convergence_probe.py,experiments/tfpt-discovery/stc_opus_convergence_probe.py,,ATTACK,WEIL_POSITIVITY_WINDOWS,OPEN,NOT_APPLICABLE,FINITE_FRAGMENT,true,0.9828
experiments/tfpt-discovery/stc_sol_convergence_probe.py,experiments/tfpt-discovery/stc_sol_convergence_probe.py,,ATTACK,WEIL_POSITIVITY_WINDOWS,OPEN,NOT_APPLICABLE,FINITE_FRAGMENT,true,0.9828
experiments/tfpt-discovery/stieltjes_vitali_pin_probe.py,experiments/tfpt-discovery/stieltjes_vitali_pin_probe.py,,ATTACK,OPERATOR_SPECTRAL,MEASURED,NOT_APPLICABLE,FINITE_FRAGMENT,true,1.1232
experiments/tfpt-discovery/strat2_gap_universality_probe.py,experiments/tfpt-discovery/strat2_gap_universality_probe.py,,ATTACK,WEIL_POSITIVITY_WINDOWS,KILLED,NOT_APPLICABLE,FINITE_FRAGMENT,true,1.4976
experiments/tfpt-discovery/strat2_pinning_lemma_probe.py,experiments/tfpt-discovery/strat2_pinning_lemma_probe.py,,ATTACK,WEIL_POSITIVITY_WINDOWS,CERTIFIED,NOT_APPLICABLE,FINITE_FRAGMENT,true,1.872
experiments/tfpt-discovery/strat2_rp_universality_probe.py,experiments/tfpt-discovery/strat2_rp_universality_probe.py,,ATTACK,TOEPLITZ_MOMENT_POSITIVITY,MEASURED,NOT_APPLICABLE,FINITE_FRAGMENT,true,1.1232
experiments/tfpt-discovery/strat3_sonin_prolate_probe.py,experiments/tfpt-discovery/strat3_sonin_prolate_probe.py,,ATTACK,WEIL_POSITIVITY_WINDOWS,OPEN,NOT_APPLICABLE,FINITE_FRAGMENT,true,0.9828
experiments/tfpt-discovery/strat3_ucp_inductive_probe.py,experiments/tfpt-discovery/strat3_ucp_inductive_probe.py,,ATTACK,ADELIC_GROUPOID_CONNES,KILLED,NOT_APPLICABLE,FINITE_FRAGMENT,true,1.4976
experiments/tfpt-discovery/structural_cbs_probe.py,experiments/tfpt-discovery/structural_cbs_probe.py,,ATTACK,WEIL_POSITIVITY_WINDOWS,CERTIFIED,NOT_APPLICABLE,FINITE_FRAGMENT,true,1.872
experiments/tfpt-discovery/subgamma_fourier_bound_probe.py,experiments/tfpt-discovery/subgamma_fourier_bound_probe.py,,ATTACK,WEIL_POSITIVITY_WINDOWS,CERTIFIED,NOT_APPLICABLE,FINITE_FRAGMENT,true,1.872
experiments/tfpt-discovery/substrate_falsification_probe.py,experiments/tfpt-discovery/substrate_falsification_probe.py,,ATTACK,OTHER,MEASURED,NOT_APPLICABLE,FINITE_FRAGMENT,true,1.1232
experiments/tfpt-discovery/suzuki_contact_probe.py,experiments/tfpt-discovery/suzuki_contact_probe.py,,ATTACK,OPERATOR_SPECTRAL,MEASURED,NOT_APPLICABLE,FINITE_FRAGMENT,true,1.1232
experiments/tfpt-discovery/symbol_lemmas_probe.py,experiments/tfpt-discovery/symbol_lemmas_probe.py,,ATTACK,WEIL_POSITIVITY_WINDOWS,CERTIFIED,NOT_APPLICABLE,FINITE_FRAGMENT,true,1.872
experiments/tfpt-discovery/szego_bottom_probe.py,experiments/tfpt-discovery/szego_bottom_probe.py,,ATTACK,WEIL_POSITIVITY_WINDOWS,CERTIFIED,NOT_APPLICABLE,FINITE_FRAGMENT,true,1.872
experiments/tfpt-discovery/tail_abel_transport_probe.py,experiments/tfpt-discovery/tail_abel_transport_probe.py,,ATTACK,WEIL_POSITIVITY_WINDOWS,CERTIFIED,NOT_APPLICABLE,FINITE_FRAGMENT,true,1.872
experiments/tfpt-discovery/tail_correlation_lemma_probe.py,experiments/tfpt-discovery/tail_correlation_lemma_probe.py,,ATTACK,WEIL_POSITIVITY_WINDOWS,PROVED,NOT_APPLICABLE,FINITE_FRAGMENT,true,2.0592
experiments/tfpt-discovery/tail_difference_envelope_probe.py,experiments/tfpt-discovery/tail_difference_envelope_probe.py,,ATTACK,WEIL_POSITIVITY_WINDOWS,CERTIFIED,NOT_APPLICABLE,FINITE_FRAGMENT,true,1.872
experiments/tfpt-discovery/tail_oscillation_pairing_probe.py,experiments/tfpt-discovery/tail_oscillation_pairing_probe.py,,ATTACK,WEIL_POSITIVITY_WINDOWS,CERTIFIED,NOT_APPLICABLE,FINITE_FRAGMENT,true,1.872
experiments/tfpt-discovery/tail_segment_split_probe.py,experiments/tfpt-discovery/tail_segment_split_probe.py,,ATTACK,WEIL_POSITIVITY_WINDOWS,CERTIFIED,NOT_APPLICABLE,FINITE_FRAGMENT,true,1.872
experiments/tfpt-discovery/tail_sign_mechanism_probe.py,experiments/tfpt-discovery/tail_sign_mechanism_probe.py,,ATTACK,WEIL_POSITIVITY_WINDOWS,CERTIFIED,NOT_APPLICABLE,FINITE_FRAGMENT,true,1.872
experiments/tfpt-discovery/tail_sign_repair_probe.py,experiments/tfpt-discovery/tail_sign_repair_probe.py,,ATTACK,WEIL_POSITIVITY_WINDOWS,CERTIFIED,NOT_APPLICABLE,FINITE_FRAGMENT,true,1.872
experiments/tfpt-discovery/tau_mobius_factor_probe.py,experiments/tfpt-discovery/tau_mobius_factor_probe.py,,ATTACK,WEIL_POSITIVITY_WINDOWS,MEASURED,NOT_APPLICABLE,FINITE_FRAGMENT,true,1.1232
experiments/tfpt-discovery/teml_probe.py,experiments/tfpt-discovery/teml_probe.py,,ATTACK,WEIL_POSITIVITY_WINDOWS,CERTIFIED,NOT_APPLICABLE,FINITE_FRAGMENT,true,1.872
experiments/tfpt-discovery/testing_mnt_law_probe.py,experiments/tfpt-discovery/testing_mnt_law_probe.py,,ATTACK,CERTIFICATE_INFRASTRUCTURE,MEASURED,NOT_APPLICABLE,INFRASTRUCTURE,true,1.1232
experiments/tfpt-discovery/tfpt4d_hamiltonian_route_probe.py,experiments/tfpt-discovery/tfpt4d_hamiltonian_route_probe.py,,ATTACK,DYNAMICS_CLOCKS_PF,KILLED,NOT_APPLICABLE,FINITE_FRAGMENT,true,1.4976
experiments/tfpt-discovery/thin_band_analytic_probe.py,experiments/tfpt-discovery/thin_band_analytic_probe.py,,ATTACK,WEIL_POSITIVITY_WINDOWS,MEASURED,NOT_APPLICABLE,FINITE_FRAGMENT,true,1.1232
experiments/tfpt-discovery/third_split_probe.py,experiments/tfpt-discovery/third_split_probe.py,,ATTACK,EXPLICIT_FORMULA_IDENTITY,CERTIFIED,NOT_APPLICABLE,IDENTITY_SIDE,true,1.872
experiments/tfpt-discovery/threebounds_probe.py,experiments/tfpt-discovery/threebounds_probe.py,,ATTACK,LATTICE_E8_HECKE,CERTIFIED,NOT_APPLICABLE,FINITE_FRAGMENT,true,1.872
experiments/tfpt-discovery/tp_da_probe.py,experiments/tfpt-discovery/tp_da_probe.py,,ATTACK,WEIL_POSITIVITY_WINDOWS,MEASURED,NOT_APPLICABLE,FINITE_FRAGMENT,true,1.1232
experiments/tfpt-discovery/tp_opus_probe.py,experiments/tfpt-discovery/tp_opus_probe.py,,ATTACK,EXPLICIT_FORMULA_IDENTITY,MEASURED,NOT_APPLICABLE,IDENTITY_SIDE,true,1.1232
experiments/tfpt-discovery/tp_sol_probe.py,experiments/tfpt-discovery/tp_sol_probe.py,,ATTACK,OPERATOR_SPECTRAL,OPEN,NOT_APPLICABLE,FINITE_FRAGMENT,true,0.9828
experiments/tfpt-discovery/transport_discriminator_probe.py,experiments/tfpt-discovery/transport_discriminator_probe.py,,ATTACK,WEIL_POSITIVITY_WINDOWS,MEASURED,NOT_APPLICABLE,FINITE_FRAGMENT,true,1.1232
experiments/tfpt-discovery/transport_ledger_probe.py,experiments/tfpt-discovery/transport_ledger_probe.py,,ATTACK,WEIL_POSITIVITY_WINDOWS,CERTIFIED,NOT_APPLICABLE,FINITE_FRAGMENT,true,1.872
experiments/tfpt-discovery/transport_terrain_probe.py,experiments/tfpt-discovery/transport_terrain_probe.py,,ATTACK,WEIL_POSITIVITY_WINDOWS,MEASURED,NOT_APPLICABLE,FINITE_FRAGMENT,true,1.1232
experiments/tfpt-discovery/tstar_ratio_probe.py,experiments/tfpt-discovery/tstar_ratio_probe.py,,ATTACK,TOEPLITZ_MOMENT_POSITIVITY,MEASURED,NOT_APPLICABLE,FINITE_FRAGMENT,true,1.1232
experiments/tfpt-discovery/turing_cert_probe.py,experiments/tfpt-discovery/turing_cert_probe.py,,ATTACK,CERTIFICATE_INFRASTRUCTURE,OPEN,NOT_APPLICABLE,INFRASTRUCTURE,true,0.9828
experiments/tfpt-discovery/twelve_by_eight_probe.py,experiments/tfpt-discovery/twelve_by_eight_probe.py,,ATTACK,WEIL_POSITIVITY_WINDOWS,CERTIFIED,NOT_APPLICABLE,FINITE_FRAGMENT,true,1.872
experiments/tfpt-discovery/two_inequalities_probe.py,experiments/tfpt-discovery/two_inequalities_probe.py,,ATTACK,WEIL_POSITIVITY_WINDOWS,CERTIFIED,NOT_APPLICABLE,FINITE_FRAGMENT,true,1.872
experiments/tfpt-discovery/two_qubit_clifford_probe.py,experiments/tfpt-discovery/two_qubit_clifford_probe.py,,ATTACK,DYNAMICS_CLOCKS_PF,OPEN,NOT_APPLICABLE,FINITE_FRAGMENT,true,0.9828
experiments/tfpt-discovery/ub4_congruence_upgrade_probe.py,experiments/tfpt-discovery/ub4_congruence_upgrade_probe.py,,ATTACK,LATTICE_E8_HECKE,CERTIFIED,NOT_APPLICABLE,FINITE_FRAGMENT,true,1.872
experiments/tfpt-discovery/ub4_identity_or_measurement_probe.py,experiments/tfpt-discovery/ub4_identity_or_measurement_probe.py,,ATTACK,DYNAMICS_CLOCKS_PF,CERTIFIED,NOT_APPLICABLE,FINITE_FRAGMENT,true,1.872
experiments/tfpt-discovery/unclaimed_observable_scan_probe.py,experiments/tfpt-discovery/unclaimed_observable_scan_probe.py,,ATTACK,WEIL_POSITIVITY_WINDOWS,OPEN,NOT_APPLICABLE,FINITE_FRAGMENT,true,0.9828
experiments/tfpt-discovery/unconditional_cert_probe.py,experiments/tfpt-discovery/unconditional_cert_probe.py,,ATTACK,WEIL_POSITIVITY_WINDOWS,OPEN,NOT_APPLICABLE,FINITE_FRAGMENT,true,0.9828
experiments/tfpt-discovery/uniform_constant_probe.py,experiments/tfpt-discovery/uniform_constant_probe.py,,ATTACK,WEIL_POSITIVITY_WINDOWS,MEASURED,NOT_APPLICABLE,FINITE_FRAGMENT,true,1.1232
experiments/tfpt-discovery/uniform_order_registration_probe.py,experiments/tfpt-discovery/uniform_order_registration_probe.py,,ATTACK,DYNAMICS_CLOCKS_PF,OPEN,NOT_APPLICABLE,FINITE_FRAGMENT,true,0.9828
experiments/tfpt-discovery/unpriced_classes_probe.py,experiments/tfpt-discovery/unpriced_classes_probe.py,,ATTACK,EXTERNAL_ADJUDICATION,MEASURED,NOT_APPLICABLE,INFRASTRUCTURE,true,1.1232
experiments/tfpt-discovery/untested_sign_sources_probe.py,experiments/tfpt-discovery/untested_sign_sources_probe.py,,ATTACK,OPERATOR_SPECTRAL,OPEN,NOT_APPLICABLE,FINITE_FRAGMENT,true,0.9828
experiments/tfpt-discovery/uvarov_two_point_probe.py,experiments/tfpt-discovery/uvarov_two_point_probe.py,,ATTACK,OPERATOR_SPECTRAL,MEASURED,NOT_APPLICABLE,FINITE_FRAGMENT,true,1.1232
experiments/tfpt-discovery/vbk_invariant_probe.py,experiments/tfpt-discovery/vbk_invariant_probe.py,,ATTACK,MELLIN_PICK_LEE_YANG,CERTIFIED,NOT_APPLICABLE,FINITE_FRAGMENT,true,1.872
experiments/tfpt-discovery/verdicta_protocol_probe.py,experiments/tfpt-discovery/verdicta_protocol_probe.py,,ATTACK,WEIL_POSITIVITY_WINDOWS,SEALED,NOT_APPLICABLE,FINITE_FRAGMENT,true,0.8424
experiments/tfpt-discovery/vfloor_headroom_probe.py,experiments/tfpt-discovery/vfloor_headroom_probe.py,,ATTACK,CERTIFICATE_INFRASTRUCTURE,MEASURED,NOT_APPLICABLE,INFRASTRUCTURE,true,1.1232
experiments/tfpt-discovery/w1_assembly_certificate_probe.py,experiments/tfpt-discovery/w1_assembly_certificate_probe.py,,ATTACK,WEIL_POSITIVITY_WINDOWS,CERTIFIED,NOT_APPLICABLE,FINITE_FRAGMENT,true,1.872
experiments/tfpt-discovery/w1_boundary_closure_probe.py,experiments/tfpt-discovery/w1_boundary_closure_probe.py,,ATTACK,OPERATOR_SPECTRAL,OPEN,NOT_APPLICABLE,FINITE_FRAGMENT,true,0.9828
experiments/tfpt-discovery/w1_christoffel_floor_probe.py,experiments/tfpt-discovery/w1_christoffel_floor_probe.py,,ATTACK,WEIL_POSITIVITY_WINDOWS,CERTIFIED,NOT_APPLICABLE,FINITE_FRAGMENT,true,1.872
experiments/tfpt-discovery/w1_dictionary_probe.py,experiments/tfpt-discovery/w1_dictionary_probe.py,,ATTACK,WEIL_POSITIVITY_WINDOWS,OPEN,NOT_APPLICABLE,FINITE_FRAGMENT,true,0.9828
experiments/tfpt-discovery/w1_frozen_windows_probe.py,experiments/tfpt-discovery/w1_frozen_windows_probe.py,,ATTACK,WEIL_POSITIVITY_WINDOWS,KILLED,NUMERIC_ARTIFACT,FINITE_FRAGMENT,true,1.4976
experiments/tfpt-discovery/w1_matrix_identity_probe.py,experiments/tfpt-discovery/w1_matrix_identity_probe.py,,ATTACK,WEIL_POSITIVITY_WINDOWS,OPEN,NOT_APPLICABLE,FINITE_FRAGMENT,true,0.9828
experiments/tfpt-discovery/w1_theorem_probe.py,experiments/tfpt-discovery/w1_theorem_probe.py,,ATTACK,OPERATOR_SPECTRAL,MEASURED,NOT_APPLICABLE,FINITE_FRAGMENT,true,1.1232
experiments/tfpt-discovery/w2_classical_identity_probe.py,experiments/tfpt-discovery/w2_classical_identity_probe.py,,ATTACK,WEIL_POSITIVITY_WINDOWS,OPEN,NOT_APPLICABLE,FINITE_FRAGMENT,true,0.9828
experiments/tfpt-discovery/w2_exact_transport_probe.py,experiments/tfpt-discovery/w2_exact_transport_probe.py,,ATTACK,WEIL_POSITIVITY_WINDOWS,PROVED,NOT_APPLICABLE,FINITE_FRAGMENT,true,2.0592
experiments/tfpt-discovery/w2_form_density_probe.py,experiments/tfpt-discovery/w2_form_density_probe.py,,ATTACK,WEIL_POSITIVITY_WINDOWS,MEASURED,NOT_APPLICABLE,FINITE_FRAGMENT,true,1.1232
experiments/tfpt-discovery/w2_full_zero_closure_probe.py,experiments/tfpt-discovery/w2_full_zero_closure_probe.py,,ATTACK,WEIL_POSITIVITY_WINDOWS,CERTIFIED,NOT_APPLICABLE,FINITE_FRAGMENT,true,1.872
experiments/tfpt-discovery/w2_mosco_probe.py,experiments/tfpt-discovery/w2_mosco_probe.py,,ATTACK,OPERATOR_SPECTRAL,MEASURED,NOT_APPLICABLE,FINITE_FRAGMENT,true,1.1232
experiments/tfpt-discovery/w2_pairing_structure_probe.py,experiments/tfpt-discovery/w2_pairing_structure_probe.py,,ATTACK,EXPLICIT_FORMULA_IDENTITY,MEASURED,NOT_APPLICABLE,IDENTITY_SIDE,true,1.1232
experiments/tfpt-discovery/w2_route_independence_audit_probe.py,experiments/tfpt-discovery/w2_route_independence_audit_probe.py,,EXTERNAL_AUDIT,WEIL_POSITIVITY_WINDOWS,OPEN,NOT_APPLICABLE,INFRASTRUCTURE,true,0.6426
experiments/tfpt-discovery/w2_verified_supply_consumption_probe.py,experiments/tfpt-discovery/w2_verified_supply_consumption_probe.py,,ATTACK,ARAKELOV_HODGE_INTERSECTION,MEASURED,NOT_APPLICABLE,FINITE_FRAGMENT,true,1.1232
experiments/tfpt-discovery/w3_resonance_landscape_probe.py,experiments/tfpt-discovery/w3_resonance_landscape_probe.py,,ATTACK,WEIL_POSITIVITY_WINDOWS,MEASURED,NOT_APPLICABLE,FINITE_FRAGMENT,true,1.1232
experiments/tfpt-discovery/w3_structure_theorem_probe.py,experiments/tfpt-discovery/w3_structure_theorem_probe.py,,ATTACK,WEIL_POSITIVITY_WINDOWS,MEASURED,NOT_APPLICABLE,FINITE_FRAGMENT,true,1.1232
experiments/tfpt-discovery/w3_uniform_bound_probe.py,experiments/tfpt-discovery/w3_uniform_bound_probe.py,,ATTACK,WEIL_POSITIVITY_WINDOWS,MEASURED,NOT_APPLICABLE,FINITE_FRAGMENT,true,1.1232
experiments/tfpt-discovery/w_closed_form_probe.py,experiments/tfpt-discovery/w_closed_form_probe.py,,ATTACK,LATTICE_E8_HECKE,MEASURED,NOT_APPLICABLE,FINITE_FRAGMENT,true,1.1232
experiments/tfpt-discovery/waldspurger_canonical_measure_probe.py,experiments/tfpt-discovery/waldspurger_canonical_measure_probe.py,,ATTACK,ADELIC_GROUPOID_CONNES,CERTIFIED,NOT_APPLICABLE,FINITE_FRAGMENT,true,1.872
experiments/tfpt-discovery/waldspurger_family_kernel_probe.py,experiments/tfpt-discovery/waldspurger_family_kernel_probe.py,,ATTACK,WEIL_POSITIVITY_WINDOWS,OPEN,NOT_APPLICABLE,FINITE_FRAGMENT,true,0.9828
experiments/tfpt-discovery/wall_cut_schedule_probe.py,experiments/tfpt-discovery/wall_cut_schedule_probe.py,,ATTACK,WEIL_POSITIVITY_WINDOWS,CERTIFIED,NOT_APPLICABLE,FINITE_FRAGMENT,true,1.872
experiments/tfpt-discovery/wall_edge_completion_probe.py,experiments/tfpt-discovery/wall_edge_completion_probe.py,,ATTACK,LATTICE_E8_HECKE,CERTIFIED,NOT_APPLICABLE,FINITE_FRAGMENT,true,1.872
experiments/tfpt-discovery/wall_gram_radau_probe.py,experiments/tfpt-discovery/wall_gram_radau_probe.py,,ATTACK,CERTIFICATE_INFRASTRUCTURE,CERTIFIED,NOT_APPLICABLE,INFRASTRUCTURE,true,1.872
experiments/tfpt-discovery/wall_head_tail_bound_probe.py,experiments/tfpt-discovery/wall_head_tail_bound_probe.py,,ATTACK,CERTIFICATE_INFRASTRUCTURE,CERTIFIED,NOT_APPLICABLE,INFRASTRUCTURE,true,1.872
experiments/tfpt-discovery/wall_margin_mechanism_probe.py,experiments/tfpt-discovery/wall_margin_mechanism_probe.py,,ATTACK,WEIL_POSITIVITY_WINDOWS,MEASURED,NOT_APPLICABLE,FINITE_FRAGMENT,true,1.1232
experiments/tfpt-discovery/wall_matched_asymptotics_probe.py,experiments/tfpt-discovery/wall_matched_asymptotics_probe.py,,ATTACK,LATTICE_E8_HECKE,CERTIFIED,NOT_APPLICABLE,FINITE_FRAGMENT,true,1.872
experiments/tfpt-discovery/wall_pole_exactness_probe.py,experiments/tfpt-discovery/wall_pole_exactness_probe.py,,ATTACK,TOEPLITZ_MOMENT_POSITIVITY,CERTIFIED,NOT_APPLICABLE,FINITE_FRAGMENT,true,1.872
experiments/tfpt-discovery/ward_monotone_probe.py,experiments/tfpt-discovery/ward_monotone_probe.py,,ATTACK,WEIL_POSITIVITY_WINDOWS,MEASURED,NOT_APPLICABLE,FINITE_FRAGMENT,true,1.1232
experiments/tfpt-discovery/wave_packet_partition_probe.py,experiments/tfpt-discovery/wave_packet_partition_probe.py,,ATTACK,WEIL_POSITIVITY_WINDOWS,KILLED,NOT_APPLICABLE,FINITE_FRAGMENT,true,1.4976
experiments/tfpt-discovery/wedge_scale_law_probe.py,experiments/tfpt-discovery/wedge_scale_law_probe.py,,ATTACK,WEIL_POSITIVITY_WINDOWS,CERTIFIED,NOT_APPLICABLE,FINITE_FRAGMENT,true,1.872
experiments/tfpt-discovery/weight_smoothing_probe.py,experiments/tfpt-discovery/weight_smoothing_probe.py,,ATTACK,WEIL_POSITIVITY_WINDOWS,CERTIFIED,NOT_APPLICABLE,FINITE_FRAGMENT,true,1.872
experiments/tfpt-discovery/weil_core_completion_probe.py,experiments/tfpt-discovery/weil_core_completion_probe.py,,ATTACK,WEIL_POSITIVITY_WINDOWS,MEASURED,NOT_APPLICABLE,FINITE_FRAGMENT,true,1.1232
experiments/tfpt-discovery/weil_gns_identification_probe.py,experiments/tfpt-discovery/weil_gns_identification_probe.py,,ATTACK,WEIL_POSITIVITY_WINDOWS,OPEN,NOT_APPLICABLE,FINITE_FRAGMENT,true,0.9828
experiments/tfpt-discovery/weil_recovery_compiler_sector_probe.py,experiments/tfpt-discovery/weil_recovery_compiler_sector_probe.py,,ATTACK,WEIL_POSITIVITY_WINDOWS,OPEN,NOT_APPLICABLE,FINITE_FRAGMENT,true,0.9828
experiments/tfpt-discovery/weyl_m_criticality_probe.py,experiments/tfpt-discovery/weyl_m_criticality_probe.py,,ATTACK,WEIL_POSITIVITY_WINDOWS,MEASURED,NOT_APPLICABLE,FINITE_FRAGMENT,true,1.1232
experiments/tfpt-discovery/weyl_readout_repair_probe.py,experiments/tfpt-discovery/weyl_readout_repair_probe.py,,ATTACK,WEIL_POSITIVITY_WINDOWS,MEASURED,NOT_APPLICABLE,FINITE_FRAGMENT,true,1.1232
experiments/tfpt-discovery/weyl_transfer_probe.py,experiments/tfpt-discovery/weyl_transfer_probe.py,,ATTACK,WEIL_POSITIVITY_WINDOWS,MEASURED,NOT_APPLICABLE,FINITE_FRAGMENT,true,1.1232
experiments/tfpt-discovery/wide_window_probe.py,experiments/tfpt-discovery/wide_window_probe.py,,ATTACK,WEIL_POSITIVITY_WINDOWS,CERTIFIED,NOT_APPLICABLE,FINITE_FRAGMENT,true,1.872
experiments/tfpt-discovery/xi_mollified_semilocal_contract_probe.py,experiments/tfpt-discovery/xi_mollified_semilocal_contract_probe.py,,ATTACK,LATTICE_E8_HECKE,OPEN,NOT_APPLICABLE,FINITE_FRAGMENT,true,0.9828
experiments/tfpt-discovery/xi_realrooted_limit_probe.py,experiments/tfpt-discovery/xi_realrooted_limit_probe.py,,ATTACK,EXPLICIT_FORMULA_IDENTITY,OPEN,NOT_APPLICABLE,IDENTITY_SIDE,true,0.9828
experiments/tfpt-discovery/xi_realrooted_limit_r2_probe.py,experiments/tfpt-discovery/xi_realrooted_limit_r2_probe.py,,ATTACK,WEIL_POSITIVITY_WINDOWS,OPEN,NOT_APPLICABLE,FINITE_FRAGMENT,true,0.9828
experiments/tfpt-discovery/xi_resolvent_normalization_probe.py,experiments/tfpt-discovery/xi_resolvent_normalization_probe.py,,ATTACK,OPERATOR_SPECTRAL,OPEN,NOT_APPLICABLE,FINITE_FRAGMENT,true,0.9828
experiments/tfpt-discovery/yosida_handoff_probe.py,experiments/tfpt-discovery/yosida_handoff_probe.py,,ATTACK,OPERATOR_SPECTRAL,KILLED,NOT_APPLICABLE,FINITE_FRAGMENT,true,1.4976
experiments/tfpt-discovery/yosida_qf_convergence_probe.py,experiments/tfpt-discovery/yosida_qf_convergence_probe.py,,ATTACK,WEIL_POSITIVITY_WINDOWS,KILLED,NOT_APPLICABLE,FINITE_FRAGMENT,true,1.4976
experiments/tfpt-discovery/z1_edge_signature_probe.py,experiments/tfpt-discovery/z1_edge_signature_probe.py,,ATTACK,WEIL_POSITIVITY_WINDOWS,KILLED,STRUCTURAL_MISMATCH,FINITE_FRAGMENT,true,1.4976
experiments/tfpt-discovery/z1_flow_recursion_probe.py,experiments/tfpt-discovery/z1_flow_recursion_probe.py,,ATTACK,WEIL_POSITIVITY_WINDOWS,OPEN,NOT_APPLICABLE,FINITE_FRAGMENT,true,0.9828
experiments/tfpt-discovery/z1_jacobi_probe.py,experiments/tfpt-discovery/z1_jacobi_probe.py,,ATTACK,WEIL_POSITIVITY_WINDOWS,MEASURED,NOT_APPLICABLE,FINITE_FRAGMENT,true,1.1232
experiments/tfpt-discovery/z1_lookahead_probe.py,experiments/tfpt-discovery/z1_lookahead_probe.py,,ATTACK,WEIL_POSITIVITY_WINDOWS,OPEN,NOT_APPLICABLE,FINITE_FRAGMENT,true,0.9828
experiments/tfpt-discovery/z1_trace_operator_probe.py,experiments/tfpt-discovery/z1_trace_operator_probe.py,,ATTACK,WEIL_POSITIVITY_WINDOWS,CERTIFIED,NOT_APPLICABLE,FINITE_FRAGMENT,true,1.872
experiments/tfpt-discovery/z1_uvarov_probe.py,experiments/tfpt-discovery/z1_uvarov_probe.py,,ATTACK,WEIL_POSITIVITY_WINDOWS,OPEN,NOT_APPLICABLE,FINITE_FRAGMENT,true,0.9828
experiments/tfpt-discovery/zero_gap_theorem_probe.py,experiments/tfpt-discovery/zero_gap_theorem_probe.py,,ATTACK,EXTERNAL_ADJUDICATION,MEASURED,NOT_APPLICABLE,INFRASTRUCTURE,true,1.1232
experiments/tfpt-discovery/zero_window_bootstrap_probe.py,experiments/tfpt-discovery/zero_window_bootstrap_probe.py,,ATTACK,WEIL_POSITIVITY_WINDOWS,CERTIFIED,NOT_APPLICABLE,FINITE_FRAGMENT,true,1.872
experiments/tfpt-discovery/zeroframe_unification_probe.py,experiments/tfpt-discovery/zeroframe_unification_probe.py,,ATTACK,SIEVE_FACTORING_GEOMETRY,CERTIFIED,NOT_APPLICABLE,UNRELATED,true,1.872
experiments/tfpt-discovery/zeroframe_uniform_bound_probe.py,experiments/tfpt-discovery/zeroframe_uniform_bound_probe.py,,ATTACK,WEIL_POSITIVITY_WINDOWS,CERTIFIED,NOT_APPLICABLE,FINITE_FRAGMENT,true,1.872
experiments/tfpt-discovery/zeta_arith_completion_probe.py,experiments/tfpt-discovery/zeta_arith_completion_probe.py,,ATTACK,LATTICE_E8_HECKE,KILLED,NOT_APPLICABLE,FINITE_FRAGMENT,true,1.4976
experiments/tfpt-discovery/zeta_center_atlas_probe.py,experiments/tfpt-discovery/zeta_center_atlas_probe.py,,ATTACK,DYNAMICS_CLOCKS_PF,OPEN,NOT_APPLICABLE,FINITE_FRAGMENT,true,0.9828
experiments/tfpt-discovery/zeta_explicit_formula_trace_probe.py,experiments/tfpt-discovery/zeta_explicit_formula_trace_probe.py,,ATTACK,ADELIC_GROUPOID_CONNES,OPEN,NOT_APPLICABLE,FINITE_FRAGMENT,true,0.9828
experiments/tfpt-discovery/zeta_funceq_duality_probe.py,experiments/tfpt-discovery/zeta_funceq_duality_probe.py,,ATTACK,MELLIN_PICK_LEE_YANG,OPEN,NOT_APPLICABLE,FINITE_FRAGMENT,true,0.9828
experiments/tfpt-discovery/zeta_local_euler_probe.py,experiments/tfpt-discovery/zeta_local_euler_probe.py,,ATTACK,LATTICE_E8_HECKE,KILLED,NOT_APPLICABLE,FINITE_FRAGMENT,true,1.4976
experiments/tfpt-discovery/zeta_prime_spectral_bridge_probe.py,experiments/tfpt-discovery/zeta_prime_spectral_bridge_probe.py,,ATTACK,WEIL_POSITIVITY_WINDOWS,OPEN,NOT_APPLICABLE,FINITE_FRAGMENT,true,0.9828
experiments/tfpt-discovery/zeta_rtf_xi_residue_probe.py,experiments/tfpt-discovery/zeta_rtf_xi_residue_probe.py,,ATTACK,SIEVE_FACTORING_GEOMETRY,OPEN,NOT_APPLICABLE,UNRELATED,true,0.9828
experiments/tfpt-discovery/zeta_weil_recovery_trace_probe.py,experiments/tfpt-discovery/zeta_weil_recovery_trace_probe.py,,ATTACK,EXPLICIT_FORMULA_IDENTITY,OPEN,NOT_APPLICABLE,IDENTITY_SIDE,true,0.9828
experiments/tfpt-discovery/zolotarev_case_sumrule_probe.py,experiments/tfpt-discovery/zolotarev_case_sumrule_probe.py,,ATTACK,OPERATOR_SPECTRAL,MEASURED,NOT_APPLICABLE,FINITE_FRAGMENT,true,1.1232
experiments/tfpt-discovery/zolotarev_complex_tau_probe.py,experiments/tfpt-discovery/zolotarev_complex_tau_probe.py,,ATTACK,OPERATOR_SPECTRAL,OPEN,NOT_APPLICABLE,FINITE_FRAGMENT,true,0.9828
experiments/tfpt-discovery/zolotarev_euler_phase_match_probe.py,experiments/tfpt-discovery/zolotarev_euler_phase_match_probe.py,,ATTACK,OPERATOR_SPECTRAL,OPEN,NOT_APPLICABLE,FINITE_FRAGMENT,true,0.9828
experiments/tfpt-discovery/zolotarev_ks_dual_probe.py,experiments/tfpt-discovery/zolotarev_ks_dual_probe.py,,ATTACK,ARAKELOV_HODGE_INTERSECTION,OPEN,NOT_APPLICABLE,FINITE_FRAGMENT,true,0.9828
experiments/tfpt-discovery/zolotarev_phase_filter_probe.py,experiments/tfpt-discovery/zolotarev_phase_filter_probe.py,,ATTACK,OPERATOR_SPECTRAL,CERTIFIED,NOT_APPLICABLE,FINITE_FRAGMENT,true,1.872
experiments/tfpt-discovery/zone_extension_proof_probe.py,experiments/tfpt-discovery/zone_extension_proof_probe.py,,ATTACK,EXPLICIT_FORMULA_IDENTITY,CERTIFIED,NOT_APPLICABLE,IDENTITY_SIDE,true,1.872
rh/INVENTORY.json,rh/INVENTORY.json,,TOOLING,CERTIFICATE_INFRASTRUCTURE,SEALED,NOT_APPLICABLE,INFRASTRUCTURE,false,0.45
rh/README.md,rh/README.md,,DOCUMENTATION,OTHER,RESTATED,NOT_APPLICABLE,INFRASTRUCTURE,false,0.3025
rh/catalog/autodraft.py,rh/catalog/autodraft.py,,TOOLING,LEAN_FORMALIZATION,KILLED,NOT_APPLICABLE,INFRASTRUCTURE,true,0.576
rh/catalog/build_catalog.py,rh/catalog/build_catalog.py,,TOOLING,LEAN_FORMALIZATION,KILLED,NOT_APPLICABLE,INFRASTRUCTURE,true,0.576
rh/catalog/embed_catalog.py,rh/catalog/embed_catalog.py,,TOOLING,OTHER,OPEN,NOT_APPLICABLE,INFRASTRUCTURE,true,0.378
rh/catalog/llm_consistency.py,rh/catalog/llm_consistency.py,,TOOLING,OTHER,KILLED,NOT_APPLICABLE,INFRASTRUCTURE,true,0.576
rh/catalog/map/build_map.py,rh/catalog/map/build_map.py,,TOOLING,OTHER,KILLED,STRUCTURAL_MISMATCH,INFRASTRUCTURE,true,0.576
rh/catalog/map/extract_links.py,rh/catalog/map/extract_links.py,,TOOLING,OTHER,KILLED,NOT_APPLICABLE,INFRASTRUCTURE,true,0.576
rh/catalog/map/research_seeds_20260909.py,rh/catalog/map/research_seeds_20260909.py,,TOOLING,WEIL_POSITIVITY_WINDOWS,OPEN,NOT_APPLICABLE,INFRASTRUCTURE,true,0.378
rh/catalog/map/rhmap.py,rh/catalog/map/rhmap.py,,TOOLING,OTHER,OPEN,NOT_APPLICABLE,INFRASTRUCTURE,true,0.378
rh/catalog/openai_service.py,rh/catalog/openai_service.py,,TOOLING,EXTERNAL_ADJUDICATION,OPEN,NOT_APPLICABLE,INFRASTRUCTURE,true,0.378
rh/catalog/paper_knowledge.py,rh/catalog/paper_knowledge.py,,TOOLING,LEAN_FORMALIZATION,KILLED,NOT_APPLICABLE,INFRASTRUCTURE,true,0.576
rh/catalog/proof_search/__init__.py,rh/catalog/proof_search/__init__.py,,TOOLING,OTHER,OPEN,NOT_APPLICABLE,INFRASTRUCTURE,true,0.378
rh/catalog/proof_search/common.py,rh/catalog/proof_search/common.py,,TOOLING,OTHER,OPEN,NOT_APPLICABLE,INFRASTRUCTURE,true,0.378
rh/catalog/proof_search/kernel_audit.py,rh/catalog/proof_search/kernel_audit.py,,EXTERNAL_AUDIT,LEAN_FORMALIZATION,OPEN,NOT_APPLICABLE,INFRASTRUCTURE,true,0.6426
rh/catalog/proof_search/lean_controls.py,rh/catalog/proof_search/lean_controls.py,,TOOLING,LEAN_FORMALIZATION,OPEN,NOT_APPLICABLE,INFRASTRUCTURE,true,0.378
rh/catalog/proof_search/metadata_review.py,rh/catalog/proof_search/metadata_review.py,,TOOLING,LEAN_FORMALIZATION,OPEN,NOT_APPLICABLE,INFRASTRUCTURE,true,0.378
rh/catalog/proof_search/registry.py,rh/catalog/proof_search/registry.py,,TOOLING,LEAN_FORMALIZATION,OPEN,NOT_APPLICABLE,INFRASTRUCTURE,true,0.378
rh/catalog/research_cycle.py,rh/catalog/research_cycle.py,,TOOLING,OTHER,KILLED,NOT_APPLICABLE,INFRASTRUCTURE,true,0.576
rh/catalog/research_engine/__init__.py,rh/catalog/research_engine/__init__.py,,TOOLING,OTHER,OPEN,NOT_APPLICABLE,INFRASTRUCTURE,true,0.378
rh/catalog/research_engine/experiments/odd-window-direct-infimum-20260910/probe.py,rh/catalog/research_engine/experiments/odd-window-direct-infimum-20260910/probe.py,,TOOLING,WEIL_POSITIVITY_WINDOWS,OPEN,NOT_APPLICABLE,INFRASTRUCTURE,true,0.378
rh/catalog/research_engine/explorer.py,rh/catalog/research_engine/explorer.py,,TOOLING,LEAN_FORMALIZATION,OPEN,NOT_APPLICABLE,INFRASTRUCTURE,true,0.378
rh/catalog/research_engine/source_index.py,rh/catalog/research_engine/source_index.py,,TOOLING,LEAN_FORMALIZATION,OPEN,NOT_APPLICABLE,INFRASTRUCTURE,true,0.378
rh/catalog/search_rh.py,rh/catalog/search_rh.py,,TOOLING,LEAN_FORMALIZATION,OPEN,NOT_APPLICABLE,INFRASTRUCTURE,true,0.378
rh/catalog/sync_research.py,rh/catalog/sync_research.py,,TOOLING,LEAN_FORMALIZATION,OPEN,NOT_APPLICABLE,INFRASTRUCTURE,true,0.378
rh/catalog/test_proof_search.py,rh/catalog/test_proof_search.py,,TOOLING,LEAN_FORMALIZATION,PROVED,NOT_APPLICABLE,INFRASTRUCTURE,true,0.792
rh/catalog/test_research_engine.py,rh/catalog/test_research_engine.py,,TOOLING,OTHER,KILLED,NOT_APPLICABLE,INFRASTRUCTURE,true,0.576
rh/catalog/test_research_sync.py,rh/catalog/test_research_sync.py,,TOOLING,OTHER,KILLED,NOT_APPLICABLE,INFRASTRUCTURE,true,0.576
rh/catalog/viewer/build_graph.py,rh/catalog/viewer/build_graph.py,,TOOLING,OTHER,KILLED,NOT_APPLICABLE,INFRASTRUCTURE,true,0.576
rh/lean/README.md,rh/lean/README.md,,DOCUMENTATION,LEAN_FORMALIZATION,RESTATED,NOT_APPLICABLE,INFRASTRUCTURE,false,0.3025
rh/paper/rh_program.tex,rh/paper/rh_program.tex,,DOCUMENTATION,OTHER,RESTATED,NOT_APPLICABLE,INFRASTRUCTURE,false,0.3025
rh/verification/make_inventory.py,rh/verification/make_inventory.py,,TOOLING,CERTIFICATE_INFRASTRUCTURE,SEALED,NOT_APPLICABLE,INFRASTRUCTURE,false,0.45
rh/verification/run_rh.py,rh/verification/run_rh.py,,TOOLING,CERTIFICATE_INFRASTRUCTURE,SEALED,NOT_APPLICABLE,INFRASTRUCTURE,false,0.45
tfpt_prime_front.tex,tfpt_prime_front.tex,-,DOCUMENTATION,OTHER,OPEN,NOT_APPLICABLE,INFRASTRUCTURE,false,0.5775
verification/status_ledger.csv,verification/status_ledger.csv,-,TOOLING,CERTIFICATE_INFRASTRUCTURE,OPEN,NOT_APPLICABLE,INFRASTRUCTURE,false,0.525
rh/catalog/analysis/all_place_tate_audit.md,rh/catalog/analysis/all_place_tate_audit.md,2026-09-05-all-place-audit,DOCUMENTATION,ARAKELOV_HODGE_INTERSECTION,RESTATED,NO_BRIDGE,LOAD_BEARING_OPEN,false,0.3479
experiments/tfpt-discovery/heat_gabor_restatement_probe.py,experiments/tfpt-discovery/heat_gabor_restatement_probe.py,2026-09-05-external-heat-A,ATTACK,WEIL_POSITIVITY_WINDOWS,RESTATED,RESTATEMENT,EQUIVALENCE,false,0.715
experiments/tfpt-discovery/nb_dyadic_capture_probe.py,experiments/tfpt-discovery/nb_dyadic_capture_probe.py,2026-09-05-external-nb-B,ATTACK,OPERATOR_SPECTRAL,MEASURED,NOT_APPLICABLE,EQUIVALENCE,false,1.56
/Users/stefanhamann/Documents/Codex/2026-09-04/scha-2/outputs/RH_Arch_Formal_2026-09-05/ArchRateClosure.lean,/Users/stefanhamann/Documents/Codex/2026-09-04/scha-2/outputs/RH_Arch_Formal_2026-09-05/ArchRateClosure.lean,2026-09-09-arch-source-reconciliation,FORMALIZATION,LEAN_FORMALIZATION,PROVED,NOT_APPLICABLE,IDENTITY_SIDE,false,2.75
/Users/stefanhamann/Documents/Codex/2026-09-04/scha-2/outputs/RH_Arch_Formal_2026-09-05/FrontierClosure.lean,/Users/stefanhamann/Documents/Codex/2026-09-04/scha-2/outputs/RH_Arch_Formal_2026-09-05/FrontierClosure.lean,2026-09-09-frontier-source-reconciliation,FORMALIZATION,LEAN_FORMALIZATION,PROVED,NOT_APPLICABLE,EQUIVALENCE,false,2.75
rh/catalog/analysis/research_followups_20260909.md,rh/catalog/analysis/research_followups_20260909.md,2026-09-09-research-followups,REDUCTION,WEIL_POSITIVITY_WINDOWS,OPEN,NO_BRIDGE,LOAD_BEARING_OPEN,false,1.3886
experiments/tfpt-discovery/archimedean_pi_conformity_probe.py,experiments/tfpt-discovery/archimedean_pi_conformity_probe.py,ARCHIMEDEAN.PI.CONFORMITY.01,CONTROL,WEIL_POSITIVITY_WINDOWS,MEASURED,NOT_APPLICABLE,FINITE_FRAGMENT,false,1.14
experiments/tfpt-discovery/census_qsm_normflow_probe.py,experiments/tfpt-discovery/census_qsm_normflow_probe.py,CENSUS.QSM.NORMFLOW.01,ATTACK,ADELIC_GROUPOID_CONNES,CERTIFIED,NOT_APPLICABLE,IDENTITY_SIDE,false,2.6
experiments/tfpt-discovery/det16_plaquette_twin_probe.py,experiments/tfpt-discovery/det16_plaquette_twin_probe.py,CHIRAL4D.MIRROR.DET16.01,CONTROL,OTHER,MEASURED,NOT_APPLICABLE,UNRELATED,false,1.14
experiments/tfpt-discovery/det16_plaquette_twin_result.json,experiments/tfpt-discovery/det16_plaquette_twin_result.json,CHIRAL4D.MIRROR.DET16.01,CONTROL,OTHER,MEASURED,NOT_APPLICABLE,UNRELATED,false,1.14
experiments/tfpt-discovery/det16_traceless_rotor_twin_probe.py,experiments/tfpt-discovery/det16_traceless_rotor_twin_probe.py,CHIRAL4D.MIRROR.DET16.01,CONTROL,OTHER,OPEN,UNCONVERGED,UNRELATED,false,0.9975
canvases/RH-research-audit.canvas.tsx,canvases/RH-research-audit.canvas.tsx,CM.ISOGENY.SQUARE.01,DOCUMENTATION,CM_CURVE_GEOMETRY,INCONCLUSIVE,UNCONVERGED,IDENTITY_SIDE,false,0.44
experiments/tfpt-discovery/groupoid_halfdensity_probe.py,experiments/tfpt-discovery/groupoid_halfdensity_probe.py,GROUPOID.HALFDENSITY.GLOBAL.01,ATTACK,ADELIC_GROUPOID_CONNES,KILLED,STRUCTURAL_MISMATCH,IDENTITY_SIDE,false,2.08
experiments/tfpt-discovery/groupoid_halfdensity_result.json,experiments/tfpt-discovery/groupoid_halfdensity_result.json,GROUPOID.HALFDENSITY.GLOBAL.01,ATTACK,ADELIC_GROUPOID_CONNES,KILLED,STRUCTURAL_MISMATCH,IDENTITY_SIDE,false,2.08
experiments/tfpt-discovery/kneser_groupoid_halfdensity_probe.py,experiments/tfpt-discovery/kneser_groupoid_halfdensity_probe.py,KNESER.GROUPOID.HALFDENSITY.01,ATTACK,ADELIC_GROUPOID_CONNES,KILLED,STRUCTURAL_MISMATCH,IDENTITY_SIDE,false,2.08
experiments/tfpt-discovery/mellin_cofactor_nonreal_zero_probe.py,experiments/tfpt-discovery/mellin_cofactor_nonreal_zero_probe.py,MELLIN.COFACTOR.NONREAL-ZERO.01,ATTACK,MELLIN_PICK_LEE_YANG,KILLED,STRUCTURAL_MISMATCH,FINITE_FRAGMENT,false,2.08
experiments/tfpt-discovery/mellin_cofactor_nonreal_zero_result.json,experiments/tfpt-discovery/mellin_cofactor_nonreal_zero_result.json,MELLIN.COFACTOR.NONREAL-ZERO.01,ATTACK,MELLIN_PICK_LEE_YANG,KILLED,STRUCTURAL_MISMATCH,FINITE_FRAGMENT,false,2.08
experiments/tfpt-discovery/mellin_pick_cusp_saddle_probe.py,experiments/tfpt-discovery/mellin_pick_cusp_saddle_probe.py,MELLIN.PICK.CUSP-SADDLE.01,CERTIFICATE,MELLIN_PICK_LEE_YANG,PROVED,NOT_APPLICABLE,IDENTITY_SIDE,false,3.08
experiments/tfpt-discovery/mellin_pick_cusp_saddle_result.json,experiments/tfpt-discovery/mellin_pick_cusp_saddle_result.json,MELLIN.PICK.CUSP-SADDLE.01,CERTIFICATE,MELLIN_PICK_LEE_YANG,PROVED,NOT_APPLICABLE,IDENTITY_SIDE,false,3.08
experiments/tfpt-discovery/mellin_pick_zero_residue_probe.py,experiments/tfpt-discovery/mellin_pick_zero_residue_probe.py,MELLIN.PICK.ZERO-RESIDUE.01,ATTACK,MELLIN_PICK_LEE_YANG,OPEN,UNCONVERGED,FINITE_FRAGMENT,false,1.365
experiments/tfpt-discovery/mellin_pick_zero_residue_result.json,experiments/tfpt-discovery/mellin_pick_zero_residue_result.json,MELLIN.PICK.ZERO-RESIDUE.01,ATTACK,MELLIN_PICK_LEE_YANG,OPEN,UNCONVERGED,FINITE_FRAGMENT,false,1.365
experiments/tfpt-discovery/mellin_pick_zero_residue2_probe.py,experiments/tfpt-discovery/mellin_pick_zero_residue2_probe.py,MELLIN.PICK.ZERO-RESIDUE.02,ATTACK,MELLIN_PICK_LEE_YANG,KILLED,STRUCTURAL_MISMATCH,FINITE_FRAGMENT,false,2.08
experiments/tfpt-discovery/mellin_pick_zero_residue2_result.json,experiments/tfpt-discovery/mellin_pick_zero_residue2_result.json,MELLIN.PICK.ZERO-RESIDUE.02,ATTACK,MELLIN_PICK_LEE_YANG,KILLED,STRUCTURAL_MISMATCH,FINITE_FRAGMENT,false,2.08
experiments/tfpt-discovery/clock_combination_spectrum_probe.py,experiments/tfpt-discovery/clock_combination_spectrum_probe.py,PRIME.CLOCK.COMBINATION.SPECTRUM.01,ATTACK,DYNAMICS_CLOCKS_PF,KILLED,NO_BRIDGE,IDENTITY_SIDE,false,2.08
experiments/tfpt-discovery/parabolic_detline_probe.py,experiments/tfpt-discovery/parabolic_detline_probe.py,PRIME.PARABOLIC.DETLINE.01,FOUNDATION,ADELIC_GROUPOID_CONNES,MEASURED,STRUCTURAL_MISMATCH,IDENTITY_SIDE,false,1.32
experiments/tfpt-discovery/parabolic_detline_result.json,experiments/tfpt-discovery/parabolic_detline_result.json,PRIME.PARABOLIC.DETLINE.01,FOUNDATION,ADELIC_GROUPOID_CONNES,MEASURED,STRUCTURAL_MISMATCH,IDENTITY_SIDE,false,1.32
experiments/tfpt-discovery/parabolic_detline2_probe.py,experiments/tfpt-discovery/parabolic_detline2_probe.py,PRIME.PARABOLIC.DETLINE.02,FOUNDATION,ADELIC_GROUPOID_CONNES,KILLED,STRUCTURAL_MISMATCH,IDENTITY_SIDE,false,1.76
experiments/tfpt-discovery/positive_cone_blindness_probe.py,experiments/tfpt-discovery/positive_cone_blindness_probe.py,PRIME.POSITIVE.CONE.BLINDNESS.01,ATTACK,SCREW_SUBORDINATION_LSTAR,PROVED,NOT_APPLICABLE,FINITE_FRAGMENT,false,2.86
experiments/tfpt-discovery/evolve/evolve_props.py,experiments/tfpt-discovery/evolve/evolve_props.py,PRIME.RDAGGER.PROGRAM_EVOLUTION.01,TOOLING,LEAN_FORMALIZATION,INCONCLUSIVE,NO_BRIDGE,LOAD_BEARING_OPEN,false,0.46
experiments/tfpt-discovery/spectator_sector_obstruction_probe.py,experiments/tfpt-discovery/spectator_sector_obstruction_probe.py,SPECTATOR.OBSTRUCTION.01,CONTROL,OTHER,MEASURED,NOT_APPLICABLE,UNRELATED,false,1.14
experiments/tfpt-discovery/spectator_sector_obstruction_result.json,experiments/tfpt-discovery/spectator_sector_obstruction_result.json,SPECTATOR.OBSTRUCTION.01,CONTROL,OTHER,MEASURED,NOT_APPLICABLE,UNRELATED,false,1.14
experiments/tfpt-discovery/rankin_positivity_miniature_probe.py,experiments/tfpt-discovery/rankin_positivity_miniature_probe.py,T49-correction-2026-09-05,ATTACK,LATTICE_E8_HECKE,KILLED,ORACLE_LEAK,FINITE_FRAGMENT,false,2.08
experiments/tfpt-discovery/mmst_telb_bound_a_probe.py,experiments/tfpt-discovery/mmst_telb_bound_a_probe.py,TELB.BOUND.A.01,CERTIFICATE,OTHER,MEASURED,NUMERIC_ARTIFACT,UNRELATED,false,1.68
experiments/tfpt-discovery/mmst_telb_bound_a_result.json,experiments/tfpt-discovery/mmst_telb_bound_a_result.json,TELB.BOUND.A.01,CERTIFICATE,OTHER,MEASURED,NUMERIC_ARTIFACT,UNRELATED,false,1.68
experiments/tfpt-discovery/mmst_telb_bound_b_probe.py,experiments/tfpt-discovery/mmst_telb_bound_b_probe.py,TELB.BOUND.B.01,CERTIFICATE,OTHER,INCONCLUSIVE,LOSSY_CONSTANT,UNRELATED,false,1.12
experiments/tfpt-discovery/mmst_telb_bound_b_result.json,experiments/tfpt-discovery/mmst_telb_bound_b_result.json,TELB.BOUND.B.01,CERTIFICATE,OTHER,INCONCLUSIVE,LOSSY_CONSTANT,UNRELATED,false,1.12
experiments/tfpt-discovery/mmst_telb_cover_split_probe.py,experiments/tfpt-discovery/mmst_telb_cover_split_probe.py,TELB.COVER.SPLIT.01,FOUNDATION,OTHER,MEASURED,NOT_APPLICABLE,UNRELATED,false,1.32
experiments/tfpt-discovery/mmst_telb_cover_split_result.json,experiments/tfpt-discovery/mmst_telb_cover_split_result.json,TELB.COVER.SPLIT.01,FOUNDATION,OTHER,MEASURED,NOT_APPLICABLE,UNRELATED,false,1.32
experiments/tfpt-discovery/mmst_telb_kernel_structure_probe.py,experiments/tfpt-discovery/mmst_telb_kernel_structure_probe.py,TELB.KERNEL.STRUCTURE.01,FOUNDATION,OTHER,OPEN,UNCONVERGED,UNRELATED,false,1.155
experiments/tfpt-discovery/mmst_telb_trace_decomposition_probe.py,experiments/tfpt-discovery/mmst_telb_trace_decomposition_probe.py,TELB.TRACE.DECOMP.01,FOUNDATION,OTHER,MEASURED,NOT_APPLICABLE,UNRELATED,false,1.32
experiments/tfpt-discovery/mmst_telb_trace_decomposition_result.json,experiments/tfpt-discovery/mmst_telb_trace_decomposition_result.json,TELB.TRACE.DECOMP.01,FOUNDATION,OTHER,MEASURED,NOT_APPLICABLE,UNRELATED,false,1.32
experiments/tfpt-discovery/hecke_index_theorem_probe.py,experiments/tfpt-discovery/hecke_index_theorem_probe.py,TFPT.HECKE.INDEX.01,ATTACK,LATTICE_E8_HECKE,KILLED,NO_BRIDGE,IDENTITY_SIDE,false,2.08
experiments/tfpt-discovery/weil_window_certificate_probe.py,experiments/tfpt-discovery/weil_window_certificate_probe.py,WEIL.WINDOW.CERTIFICATE.01,CERTIFICATE,WEIL_POSITIVITY_WINDOWS,CERTIFIED,NOT_APPLICABLE,FINITE_FRAGMENT,false,2.8
experiments/tfpt-discovery/weil_window_certificate_result.json,experiments/tfpt-discovery/weil_window_certificate_result.json,WEIL.WINDOW.CERTIFICATE.01,CERTIFICATE,WEIL_POSITIVITY_WINDOWS,CERTIFIED,NOT_APPLICABLE,FINITE_FRAGMENT,false,2.8
experiments/tfpt-discovery/weil_window_profile_scout.py,experiments/tfpt-discovery/weil_window_profile_scout.py,WEIL.WINDOW.PROFILE.SCOUT.01,ATTACK,WEIL_POSITIVITY_WINDOWS,MEASURED,NOT_APPLICABLE,FINITE_FRAGMENT,false,1.56
experiments/tfpt-discovery/weil_window_profile_scout_result.json,experiments/tfpt-discovery/weil_window_profile_scout_result.json,WEIL.WINDOW.PROFILE.SCOUT.01,ATTACK,WEIL_POSITIVITY_WINDOWS,MEASURED,NOT_APPLICABLE,FINITE_FRAGMENT,false,1.56
/Users/stefanhamann/Documents/Codex/2026-09-04/scha-2/outputs/Forschungsupdate_9_September_Pruefung_und_Transfergrenzen.md,/Users/stefanhamann/Documents/Codex/2026-09-04/scha-2/outputs/Forschungsupdate_9_September_Pruefung_und_Transfergrenzen.md,codex-rh-scha-2:outputs/Forschungsupdate_9_September_Pruefung_und_Transfergrenzen.md,DOCUMENTATION,OTHER,OPEN,NOT_APPLICABLE,INFRASTRUCTURE,true,0.4158
/Users/stefanhamann/Documents/Codex/2026-09-04/scha-2/outputs/RH_Arch_Formal_2026-09-05/README.md,/Users/stefanhamann/Documents/Codex/2026-09-04/scha-2/outputs/RH_Arch_Formal_2026-09-05/README.md,codex-rh-scha-2:outputs/RH_Arch_Formal_2026-09-05,DOCUMENTATION,OTHER,OPEN,NOT_APPLICABLE,INFRASTRUCTURE,true,0.4158
/Users/stefanhamann/Documents/Codex/2026-09-04/scha-2/outputs/RH_Arch_Interpolation_2026-09-05.lean,/Users/stefanhamann/Documents/Codex/2026-09-04/scha-2/outputs/RH_Arch_Interpolation_2026-09-05.lean,codex-rh-scha-2:outputs/RH_Arch_Interpolation_2026-09-05.lean,DOCUMENTATION,OTHER,OPEN,NOT_APPLICABLE,INFRASTRUCTURE,true,0.4158
/Users/stefanhamann/Documents/Codex/2026-09-04/scha-2/outputs/RH_Arch_Quadrature_Check_2026-09-05.py,/Users/stefanhamann/Documents/Codex/2026-09-04/scha-2/outputs/RH_Arch_Quadrature_Check_2026-09-05.py,codex-rh-scha-2:outputs/RH_Arch_Quadrature_Check_2026-09-05.py,DOCUMENTATION,OTHER,OPEN,NOT_APPLICABLE,INFRASTRUCTURE,true,0.4158
/Users/stefanhamann/Documents/Codex/2026-09-04/scha-2/outputs/RH_Arch_Regression_2026-09-05.json,/Users/stefanhamann/Documents/Codex/2026-09-04/scha-2/outputs/RH_Arch_Regression_2026-09-05.json,codex-rh-scha-2:outputs/RH_Arch_Regression_2026-09-05.json,DOCUMENTATION,OTHER,OPEN,NOT_APPLICABLE,INFRASTRUCTURE,true,0.4158
/Users/stefanhamann/Documents/Codex/2026-09-04/scha-2/outputs/RH_Archimedischer_Konvergenzbeweis_2026-09-05.md,/Users/stefanhamann/Documents/Codex/2026-09-04/scha-2/outputs/RH_Archimedischer_Konvergenzbeweis_2026-09-05.md,codex-rh-scha-2:outputs/RH_Archimedischer_Konvergenzbeweis_2026-09-05.md,DOCUMENTATION,OTHER,OPEN,NOT_APPLICABLE,INFRASTRUCTURE,true,0.4158
/Users/stefanhamann/Documents/Codex/2026-09-04/scha-2/outputs/RH_Arithmetischer_Grundzustandsvergleich_und_Faktorisierung_2026-09-07.md,/Users/stefanhamann/Documents/Codex/2026-09-04/scha-2/outputs/RH_Arithmetischer_Grundzustandsvergleich_und_Faktorisierung_2026-09-07.md,codex-rh-scha-2:outputs/RH_Arithmetischer_Grundzustandsvergleich_und_Faktorisierung_2026-09-07.md,DOCUMENTATION,OTHER,OPEN,NOT_APPLICABLE,INFRASTRUCTURE,true,0.4158
/Users/stefanhamann/Documents/Codex/2026-09-04/scha-2/outputs/RH_Arithmetischer_Relativvergleich_und_Korrektur_2026-09-09.md,/Users/stefanhamann/Documents/Codex/2026-09-04/scha-2/outputs/RH_Arithmetischer_Relativvergleich_und_Korrektur_2026-09-09.md,codex-rh-scha-2:outputs/RH_Arithmetischer_Relativvergleich_und_Korrektur_2026-09-09.md,DOCUMENTATION,OTHER,OPEN,NOT_APPLICABLE,INFRASTRUCTURE,true,0.4158
/Users/stefanhamann/Documents/Codex/2026-09-04/scha-2/outputs/RH_Autonome_Kandidatensuche_2026-09-07.md,/Users/stefanhamann/Documents/Codex/2026-09-04/scha-2/outputs/RH_Autonome_Kandidatensuche_2026-09-07.md,codex-rh-scha-2:outputs/RH_Autonome_Kandidatensuche_2026-09-07.md,DOCUMENTATION,OTHER,OPEN,NOT_APPLICABLE,INFRASTRUCTURE,true,0.4158
/Users/stefanhamann/Documents/Codex/2026-09-04/scha-2/outputs/RH_Beidseitige_Restpruefung_2026-09-08.md,/Users/stefanhamann/Documents/Codex/2026-09-04/scha-2/outputs/RH_Beidseitige_Restpruefung_2026-09-08.md,codex-rh-scha-2:outputs/RH_Beidseitige_Restpruefung_2026-09-08.md,DOCUMENTATION,OTHER,OPEN,NOT_APPLICABLE,INFRASTRUCTURE,true,0.4158
/Users/stefanhamann/Documents/Codex/2026-09-04/scha-2/outputs/RH_Bessel_Paarverschiebung_und_signierte_Suche_2026-09-08.md,/Users/stefanhamann/Documents/Codex/2026-09-04/scha-2/outputs/RH_Bessel_Paarverschiebung_und_signierte_Suche_2026-09-08.md,codex-rh-scha-2:outputs/RH_Bessel_Paarverschiebung_und_signierte_Suche_2026-09-08.md,DOCUMENTATION,OTHER,OPEN,NOT_APPLICABLE,INFRASTRUCTURE,true,0.4158
/Users/stefanhamann/Documents/Codex/2026-09-04/scha-2/outputs/RH_Compiler_Umsetzung_2026-09-06.md,/Users/stefanhamann/Documents/Codex/2026-09-04/scha-2/outputs/RH_Compiler_Umsetzung_2026-09-06.md,codex-rh-scha-2:outputs/RH_Compiler_Umsetzung_2026-09-06.md,DOCUMENTATION,OTHER,OPEN,NOT_APPLICABLE,INFRASTRUCTURE,true,0.4158
/Users/stefanhamann/Documents/Codex/2026-09-04/scha-2/outputs/RH_Compiler_und_fortlaufendes_Protokoll_2026-09-06.md,/Users/stefanhamann/Documents/Codex/2026-09-04/scha-2/outputs/RH_Compiler_und_fortlaufendes_Protokoll_2026-09-06.md,codex-rh-scha-2:outputs/RH_Compiler_und_fortlaufendes_Protokoll_2026-09-06.md,DOCUMENTATION,OTHER,OPEN,NOT_APPLICABLE,INFRASTRUCTURE,true,0.4158
/Users/stefanhamann/Documents/Codex/2026-09-04/scha-2/outputs/RH_Defektformel_und_Fourierbruecke_2026-09-05.md,/Users/stefanhamann/Documents/Codex/2026-09-04/scha-2/outputs/RH_Defektformel_und_Fourierbruecke_2026-09-05.md,codex-rh-scha-2:outputs/RH_Defektformel_und_Fourierbruecke_2026-09-05.md,DOCUMENTATION,OTHER,OPEN,NOT_APPLICABLE,INFRASTRUCTURE,true,0.4158
/Users/stefanhamann/Documents/Codex/2026-09-04/scha-2/outputs/RH_Differentialgeometrie_Sochi_Pruefung_2026-09-07.md,/Users/stefanhamann/Documents/Codex/2026-09-04/scha-2/outputs/RH_Differentialgeometrie_Sochi_Pruefung_2026-09-07.md,codex-rh-scha-2:outputs/RH_Differentialgeometrie_Sochi_Pruefung_2026-09-07.md,DOCUMENTATION,OTHER,OPEN,NOT_APPLICABLE,INFRASTRUCTURE,true,0.4158
/Users/stefanhamann/Documents/Codex/2026-09-04/scha-2/outputs/RH_Drei_gezielte_Reserven_lokaler_Nachweis_2026-09-08.md,/Users/stefanhamann/Documents/Codex/2026-09-04/scha-2/outputs/RH_Drei_gezielte_Reserven_lokaler_Nachweis_2026-09-08.md,codex-rh-scha-2:outputs/RH_Drei_gezielte_Reserven_lokaler_Nachweis_2026-09-08.md,DOCUMENTATION,OTHER,OPEN,NOT_APPLICABLE,INFRASTRUCTURE,true,0.4158
/Users/stefanhamann/Documents/Codex/2026-09-04/scha-2/outputs/RH_Ereignis9_Hochraumaufloesung_2026-09-08.md,/Users/stefanhamann/Documents/Codex/2026-09-04/scha-2/outputs/RH_Ereignis9_Hochraumaufloesung_2026-09-08.md,codex-rh-scha-2:outputs/RH_Ereignis9_Hochraumaufloesung_2026-09-08.md,DOCUMENTATION,OTHER,OPEN,NOT_APPLICABLE,INFRASTRUCTURE,true,0.4158
/Users/stefanhamann/Documents/Codex/2026-09-04/scha-2/outputs/RH_Ereignis9_Vergleichsgrenze_2026-09-08.md,/Users/stefanhamann/Documents/Codex/2026-09-04/scha-2/outputs/RH_Ereignis9_Vergleichsgrenze_2026-09-08.md,codex-rh-scha-2:outputs/RH_Ereignis9_Vergleichsgrenze_2026-09-08.md,DOCUMENTATION,OTHER,OPEN,NOT_APPLICABLE,INFRASTRUCTURE,true,0.4158
/Users/stefanhamann/Documents/Codex/2026-09-04/scha-2/outputs/RH_Exakte_Prolate_Moden_und_Skalierungsgrenze_2026-09-07.md,/Users/stefanhamann/Documents/Codex/2026-09-04/scha-2/outputs/RH_Exakte_Prolate_Moden_und_Skalierungsgrenze_2026-09-07.md,codex-rh-scha-2:outputs/RH_Exakte_Prolate_Moden_und_Skalierungsgrenze_2026-09-07.md,DOCUMENTATION,OTHER,OPEN,NOT_APPLICABLE,INFRASTRUCTURE,true,0.4158
/Users/stefanhamann/Documents/Codex/2026-09-04/scha-2/outputs/RH_Exakte_Wechselwirkende_Quotienten_2026-09-08.md,/Users/stefanhamann/Documents/Codex/2026-09-04/scha-2/outputs/RH_Exakte_Wechselwirkende_Quotienten_2026-09-08.md,codex-rh-scha-2:outputs/RH_Exakte_Wechselwirkende_Quotienten_2026-09-08.md,DOCUMENTATION,OTHER,OPEN,NOT_APPLICABLE,INFRASTRUCTURE,true,0.4158
/Users/stefanhamann/Documents/Codex/2026-09-04/scha-2/outputs/RH_Fermionischer_Ereigniscompiler_2026-09-08.md,/Users/stefanhamann/Documents/Codex/2026-09-04/scha-2/outputs/RH_Fermionischer_Ereigniscompiler_2026-09-08.md,codex-rh-scha-2:outputs/RH_Fermionischer_Ereigniscompiler_2026-09-08.md,DOCUMENTATION,OTHER,OPEN,NOT_APPLICABLE,INFRASTRUCTURE,true,0.4158
/Users/stefanhamann/Documents/Codex/2026-09-04/scha-2/outputs/RH_Fester_Zielkern_2026-09-05.md,/Users/stefanhamann/Documents/Codex/2026-09-04/scha-2/outputs/RH_Fester_Zielkern_2026-09-05.md,codex-rh-scha-2:outputs/RH_Fester_Zielkern_2026-09-05.md,DOCUMENTATION,OTHER,OPEN,NOT_APPLICABLE,INFRASTRUCTURE,true,0.4158
/Users/stefanhamann/Documents/Codex/2026-09-04/scha-2/outputs/RH_Forschungsfortschritt_2026-09-05.md,/Users/stefanhamann/Documents/Codex/2026-09-04/scha-2/outputs/RH_Forschungsfortschritt_2026-09-05.md,codex-rh-scha-2:outputs/RH_Forschungsfortschritt_2026-09-05.md,DOCUMENTATION,OTHER,OPEN,NOT_APPLICABLE,INFRASTRUCTURE,true,0.4158
/Users/stefanhamann/Documents/Codex/2026-09-04/scha-2/outputs/RH_Ganze_Versuchsfamilien_2026-09-08.md,/Users/stefanhamann/Documents/Codex/2026-09-04/scha-2/outputs/RH_Ganze_Versuchsfamilien_2026-09-08.md,codex-rh-scha-2:outputs/RH_Ganze_Versuchsfamilien_2026-09-08.md,DOCUMENTATION,OTHER,OPEN,NOT_APPLICABLE,INFRASTRUCTURE,true,0.4158
/Users/stefanhamann/Documents/Codex/2026-09-04/scha-2/outputs/RH_Genetische_Struktursuche_und_Primzahlprotokoll_2026-09-08.md,/Users/stefanhamann/Documents/Codex/2026-09-04/scha-2/outputs/RH_Genetische_Struktursuche_und_Primzahlprotokoll_2026-09-08.md,codex-rh-scha-2:outputs/RH_Genetische_Struktursuche_und_Primzahlprotokoll_2026-09-08.md,DOCUMENTATION,OTHER,OPEN,NOT_APPLICABLE,INFRASTRUCTURE,true,0.4158
/Users/stefanhamann/Documents/Codex/2026-09-04/scha-2/outputs/RH_Gesamte_ungerade_Koerzivitaet_und_Randanschluss_2026-09-09.md,/Users/stefanhamann/Documents/Codex/2026-09-04/scha-2/outputs/RH_Gesamte_ungerade_Koerzivitaet_und_Randanschluss_2026-09-09.md,codex-rh-scha-2:outputs/RH_Gesamte_ungerade_Koerzivitaet_und_Randanschluss_2026-09-09.md,DOCUMENTATION,OTHER,OPEN,NOT_APPLICABLE,INFRASTRUCTURE,true,0.4158
/Users/stefanhamann/Documents/Codex/2026-09-04/scha-2/outputs/RH_Gewichtete_Saettigung_ungerader_Weg_2026-09-08.md,/Users/stefanhamann/Documents/Codex/2026-09-04/scha-2/outputs/RH_Gewichtete_Saettigung_ungerader_Weg_2026-09-08.md,codex-rh-scha-2:outputs/RH_Gewichtete_Saettigung_ungerader_Weg_2026-09-08.md,DOCUMENTATION,OTHER,OPEN,NOT_APPLICABLE,INFRASTRUCTURE,true,0.4158
/Users/stefanhamann/Documents/Codex/2026-09-04/scha-2/outputs/RH_Gezielte_Reserve_und_Rekonstruktion_2026-09-08.md,/Users/stefanhamann/Documents/Codex/2026-09-04/scha-2/outputs/RH_Gezielte_Reserve_und_Rekonstruktion_2026-09-08.md,codex-rh-scha-2:outputs/RH_Gezielte_Reserve_und_Rekonstruktion_2026-09-08.md,DOCUMENTATION,OTHER,OPEN,NOT_APPLICABLE,INFRASTRUCTURE,true,0.4158
/Users/stefanhamann/Documents/Codex/2026-09-04/scha-2/outputs/RH_Globalbruecke_2026-09-05.md,/Users/stefanhamann/Documents/Codex/2026-09-04/scha-2/outputs/RH_Globalbruecke_2026-09-05.md,codex-rh-scha-2:outputs/RH_Globalbruecke_2026-09-05.md,DOCUMENTATION,OTHER,OPEN,NOT_APPLICABLE,INFRASTRUCTURE,true,0.4158
/Users/stefanhamann/Documents/Codex/2026-09-04/scha-2/outputs/RH_Globale_Basis_und_Relativer_Rest_2026-09-07.md,/Users/stefanhamann/Documents/Codex/2026-09-04/scha-2/outputs/RH_Globale_Basis_und_Relativer_Rest_2026-09-07.md,codex-rh-scha-2:outputs/RH_Globale_Basis_und_Relativer_Rest_2026-09-07.md,DOCUMENTATION,OTHER,OPEN,NOT_APPLICABLE,INFRASTRUCTURE,true,0.4158
/Users/stefanhamann/Documents/Codex/2026-09-04/scha-2/outputs/RH_Globale_Hilbertstruktur_2026-09-05.md,/Users/stefanhamann/Documents/Codex/2026-09-04/scha-2/outputs/RH_Globale_Hilbertstruktur_2026-09-05.md,codex-rh-scha-2:outputs/RH_Globale_Hilbertstruktur_2026-09-05.md,DOCUMENTATION,OTHER,OPEN,NOT_APPLICABLE,INFRASTRUCTURE,true,0.4158
/Users/stefanhamann/Documents/Codex/2026-09-04/scha-2/outputs/RH_Globaler_Stabilitaetsangriff_2026-09-07.md,/Users/stefanhamann/Documents/Codex/2026-09-04/scha-2/outputs/RH_Globaler_Stabilitaetsangriff_2026-09-07.md,codex-rh-scha-2:outputs/RH_Globaler_Stabilitaetsangriff_2026-09-07.md,DOCUMENTATION,OTHER,OPEN,NOT_APPLICABLE,INFRASTRUCTURE,true,0.4158
/Users/stefanhamann/Documents/Codex/2026-09-04/scha-2/outputs/RH_Graphrekonstruktion_und_Rangbarriere_2026-09-08.md,/Users/stefanhamann/Documents/Codex/2026-09-04/scha-2/outputs/RH_Graphrekonstruktion_und_Rangbarriere_2026-09-08.md,codex-rh-scha-2:outputs/RH_Graphrekonstruktion_und_Rangbarriere_2026-09-08.md,DOCUMENTATION,OTHER,OPEN,NOT_APPLICABLE,INFRASTRUCTURE,true,0.4158
/Users/stefanhamann/Documents/Codex/2026-09-04/scha-2/outputs/RH_Kompensierte_Uhr_und_Korrelationszeit_2026-09-08.md,/Users/stefanhamann/Documents/Codex/2026-09-04/scha-2/outputs/RH_Kompensierte_Uhr_und_Korrelationszeit_2026-09-08.md,codex-rh-scha-2:outputs/RH_Kompensierte_Uhr_und_Korrelationszeit_2026-09-08.md,DOCUMENTATION,OTHER,OPEN,NOT_APPLICABLE,INFRASTRUCTURE,true,0.4158
/Users/stefanhamann/Documents/Codex/2026-09-04/scha-2/outputs/RH_Kreativer_Neustart_Primcluster_Dualitaet_2026-09-08.md,/Users/stefanhamann/Documents/Codex/2026-09-04/scha-2/outputs/RH_Kreativer_Neustart_Primcluster_Dualitaet_2026-09-08.md,codex-rh-scha-2:outputs/RH_Kreativer_Neustart_Primcluster_Dualitaet_2026-09-08.md,DOCUMENTATION,OTHER,OPEN,NOT_APPLICABLE,INFRASTRUCTURE,true,0.4158
/Users/stefanhamann/Documents/Codex/2026-09-04/scha-2/outputs/RH_Lean_Graph_Audit_2026-09-09/README.md,/Users/stefanhamann/Documents/Codex/2026-09-04/scha-2/outputs/RH_Lean_Graph_Audit_2026-09-09/README.md,codex-rh-scha-2:outputs/RH_Lean_Graph_Audit_2026-09-09,DOCUMENTATION,OTHER,OPEN,NOT_APPLICABLE,INFRASTRUCTURE,true,0.4158
/Users/stefanhamann/Documents/Codex/2026-09-04/scha-2/outputs/RH_Mischmatrix_und_arithmetische_Reserve_2026-09-07.md,/Users/stefanhamann/Documents/Codex/2026-09-04/scha-2/outputs/RH_Mischmatrix_und_arithmetische_Reserve_2026-09-07.md,codex-rh-scha-2:outputs/RH_Mischmatrix_und_arithmetische_Reserve_2026-09-07.md,DOCUMENTATION,OTHER,OPEN,NOT_APPLICABLE,INFRASTRUCTURE,true,0.4158
/Users/stefanhamann/Documents/Codex/2026-09-04/scha-2/outputs/RH_Neubewertung_ohne_TFPT_und_neuester_Stand_2026-09-07.md,/Users/stefanhamann/Documents/Codex/2026-09-04/scha-2/outputs/RH_Neubewertung_ohne_TFPT_und_neuester_Stand_2026-09-07.md,codex-rh-scha-2:outputs/RH_Neubewertung_ohne_TFPT_und_neuester_Stand_2026-09-07.md,DOCUMENTATION,OTHER,OPEN,NOT_APPLICABLE,INFRASTRUCTURE,true,0.4158
/Users/stefanhamann/Documents/Codex/2026-09-04/scha-2/outputs/RH_Normvergleich_Radius1_und_Projektionsverluste_2026-09-07.md,/Users/stefanhamann/Documents/Codex/2026-09-04/scha-2/outputs/RH_Normvergleich_Radius1_und_Projektionsverluste_2026-09-07.md,codex-rh-scha-2:outputs/RH_Normvergleich_Radius1_und_Projektionsverluste_2026-09-07.md,DOCUMENTATION,OTHER,OPEN,NOT_APPLICABLE,INFRASTRUCTURE,true,0.4158
/Users/stefanhamann/Documents/Codex/2026-09-04/scha-2/outputs/RH_Nulltemperatur_und_Ereigniscompiler_2026-09-08.md,/Users/stefanhamann/Documents/Codex/2026-09-04/scha-2/outputs/RH_Nulltemperatur_und_Ereigniscompiler_2026-09-08.md,codex-rh-scha-2:outputs/RH_Nulltemperatur_und_Ereigniscompiler_2026-09-08.md,DOCUMENTATION,OTHER,OPEN,NOT_APPLICABLE,INFRASTRUCTURE,true,0.4158
/Users/stefanhamann/Documents/Codex/2026-09-04/scha-2/outputs/RH_Primereignisse_Randenergie_und_Operatorreserve_2026-09-07.md,/Users/stefanhamann/Documents/Codex/2026-09-04/scha-2/outputs/RH_Primereignisse_Randenergie_und_Operatorreserve_2026-09-07.md,codex-rh-scha-2:outputs/RH_Primereignisse_Randenergie_und_Operatorreserve_2026-09-07.md,DOCUMENTATION,OTHER,OPEN,NOT_APPLICABLE,INFRASTRUCTURE,true,0.4158
/Users/stefanhamann/Documents/Codex/2026-09-04/scha-2/outputs/RH_Primzahlpotenz8_Volltest_und_Quartische_Kandidaten_2026-09-07.md,/Users/stefanhamann/Documents/Codex/2026-09-04/scha-2/outputs/RH_Primzahlpotenz8_Volltest_und_Quartische_Kandidaten_2026-09-07.md,codex-rh-scha-2:outputs/RH_Primzahlpotenz8_Volltest_und_Quartische_Kandidaten_2026-09-07.md,DOCUMENTATION,OTHER,OPEN,NOT_APPLICABLE,INFRASTRUCTURE,true,0.4158
/Users/stefanhamann/Documents/Codex/2026-09-04/scha-2/outputs/RH_Projizierter_Polrest_und_Primereignis8_2026-09-07.md,/Users/stefanhamann/Documents/Codex/2026-09-04/scha-2/outputs/RH_Projizierter_Polrest_und_Primereignis8_2026-09-07.md,codex-rh-scha-2:outputs/RH_Projizierter_Polrest_und_Primereignis8_2026-09-07.md,DOCUMENTATION,OTHER,OPEN,NOT_APPLICABLE,INFRASTRUCTURE,true,0.4158
/Users/stefanhamann/Documents/Codex/2026-09-04/scha-2/outputs/RH_Quartischer_Vollnachweis_und_Radius3_Budget_2026-09-07.md,/Users/stefanhamann/Documents/Codex/2026-09-04/scha-2/outputs/RH_Quartischer_Vollnachweis_und_Radius3_Budget_2026-09-07.md,codex-rh-scha-2:outputs/RH_Quartischer_Vollnachweis_und_Radius3_Budget_2026-09-07.md,DOCUMENTATION,OTHER,OPEN,NOT_APPLICABLE,INFRASTRUCTURE,true,0.4158
/Users/stefanhamann/Documents/Codex/2026-09-04/scha-2/outputs/RH_Quelloperator_Resolvente_und_Rangzwei_2026-09-06.md,/Users/stefanhamann/Documents/Codex/2026-09-04/scha-2/outputs/RH_Quelloperator_Resolvente_und_Rangzwei_2026-09-06.md,codex-rh-scha-2:outputs/RH_Quelloperator_Resolvente_und_Rangzwei_2026-09-06.md,DOCUMENTATION,OTHER,OPEN,NOT_APPLICABLE,INFRASTRUCTURE,true,0.4158
/Users/stefanhamann/Documents/Codex/2026-09-04/scha-2/outputs/RH_Radius3_Volltest_und_Ereignisreserve_2026-09-07.md,/Users/stefanhamann/Documents/Codex/2026-09-04/scha-2/outputs/RH_Radius3_Volltest_und_Ereignisreserve_2026-09-07.md,codex-rh-scha-2:outputs/RH_Radius3_Volltest_und_Ereignisreserve_2026-09-07.md,DOCUMENTATION,OTHER,OPEN,NOT_APPLICABLE,INFRASTRUCTURE,true,0.4158
/Users/stefanhamann/Documents/Codex/2026-09-04/scha-2/outputs/RH_Randabschluss_und_Residuenlimit_2026-09-05.md,/Users/stefanhamann/Documents/Codex/2026-09-04/scha-2/outputs/RH_Randabschluss_und_Residuenlimit_2026-09-05.md,codex-rh-scha-2:outputs/RH_Randabschluss_und_Residuenlimit_2026-09-05.md,DOCUMENTATION,OTHER,OPEN,NOT_APPLICABLE,INFRASTRUCTURE,true,0.4158
/Users/stefanhamann/Documents/Codex/2026-09-04/scha-2/outputs/RH_Randenergie_Durchbruch_im_Zertifizierer_2026-09-07.md,/Users/stefanhamann/Documents/Codex/2026-09-04/scha-2/outputs/RH_Randenergie_Durchbruch_im_Zertifizierer_2026-09-07.md,codex-rh-scha-2:outputs/RH_Randenergie_Durchbruch_im_Zertifizierer_2026-09-07.md,DOCUMENTATION,OTHER,OPEN,NOT_APPLICABLE,INFRASTRUCTURE,true,0.4158
/Users/stefanhamann/Documents/Codex/2026-09-04/scha-2/outputs/RH_Randenergie_Primprotokoll_2026-09-07.md,/Users/stefanhamann/Documents/Codex/2026-09-04/scha-2/outputs/RH_Randenergie_Primprotokoll_2026-09-07.md,codex-rh-scha-2:outputs/RH_Randenergie_Primprotokoll_2026-09-07.md,DOCUMENTATION,OTHER,OPEN,NOT_APPLICABLE,INFRASTRUCTURE,true,0.4158
/Users/stefanhamann/Documents/Codex/2026-09-04/scha-2/outputs/RH_Recheck_2026-09-05.md,/Users/stefanhamann/Documents/Codex/2026-09-04/scha-2/outputs/RH_Recheck_2026-09-05.md,codex-rh-scha-2:outputs/RH_Recheck_2026-09-05.md,DOCUMENTATION,OTHER,OPEN,NOT_APPLICABLE,INFRASTRUCTURE,true,0.4158
/Users/stefanhamann/Documents/Codex/2026-09-04/scha-2/outputs/RH_Recheck_Lemmas_2026-09-05.lean,/Users/stefanhamann/Documents/Codex/2026-09-04/scha-2/outputs/RH_Recheck_Lemmas_2026-09-05.lean,codex-rh-scha-2:outputs/RH_Recheck_Lemmas_2026-09-05.lean,DOCUMENTATION,OTHER,OPEN,NOT_APPLICABLE,INFRASTRUCTURE,true,0.4158
/Users/stefanhamann/Documents/Codex/2026-09-04/scha-2/outputs/RH_Rekonstruktion_Zeitkorrelation_und_Eindeutigkeit_2026-09-07.md,/Users/stefanhamann/Documents/Codex/2026-09-04/scha-2/outputs/RH_Rekonstruktion_Zeitkorrelation_und_Eindeutigkeit_2026-09-07.md,codex-rh-scha-2:outputs/RH_Rekonstruktion_Zeitkorrelation_und_Eindeutigkeit_2026-09-07.md,DOCUMENTATION,OTHER,OPEN,NOT_APPLICABLE,INFRASTRUCTURE,true,0.4158
/Users/stefanhamann/Documents/Codex/2026-09-04/scha-2/outputs/RH_Schurrest_Momente_und_Nullraum_2026-09-07.md,/Users/stefanhamann/Documents/Codex/2026-09-04/scha-2/outputs/RH_Schurrest_Momente_und_Nullraum_2026-09-07.md,codex-rh-scha-2:outputs/RH_Schurrest_Momente_und_Nullraum_2026-09-07.md,DOCUMENTATION,OTHER,OPEN,NOT_APPLICABLE,INFRASTRUCTURE,true,0.4158
/Users/stefanhamann/Documents/Codex/2026-09-04/scha-2/outputs/RH_Seam_Korrekturraum_und_nichtlinearer_Abschluss_2026-09-09.md,/Users/stefanhamann/Documents/Codex/2026-09-04/scha-2/outputs/RH_Seam_Korrekturraum_und_nichtlinearer_Abschluss_2026-09-09.md,codex-rh-scha-2:outputs/RH_Seam_Korrekturraum_und_nichtlinearer_Abschluss_2026-09-09.md,DOCUMENTATION,OTHER,OPEN,NOT_APPLICABLE,INFRASTRUCTURE,true,0.4158
/Users/stefanhamann/Documents/Codex/2026-09-04/scha-2/outputs/RH_Sessionsabgleich_und_Spektralbruecke_2026-09-08.md,/Users/stefanhamann/Documents/Codex/2026-09-04/scha-2/outputs/RH_Sessionsabgleich_und_Spektralbruecke_2026-09-08.md,codex-rh-scha-2:outputs/RH_Sessionsabgleich_und_Spektralbruecke_2026-09-08.md,DOCUMENTATION,OTHER,OPEN,NOT_APPLICABLE,INFRASTRUCTURE,true,0.4158
/Users/stefanhamann/Documents/Codex/2026-09-04/scha-2/outputs/RH_Stationaere_Metrik_2026-09-05.md,/Users/stefanhamann/Documents/Codex/2026-09-04/scha-2/outputs/RH_Stationaere_Metrik_2026-09-05.md,codex-rh-scha-2:outputs/RH_Stationaere_Metrik_2026-09-05.md,DOCUMENTATION,OTHER,OPEN,NOT_APPLICABLE,INFRASTRUCTURE,true,0.4158
/Users/stefanhamann/Documents/Codex/2026-09-04/scha-2/outputs/RH_TFPT_Faktorisierung_Vogelperspektive_2026-09-07.md,/Users/stefanhamann/Documents/Codex/2026-09-04/scha-2/outputs/RH_TFPT_Faktorisierung_Vogelperspektive_2026-09-07.md,codex-rh-scha-2:outputs/RH_TFPT_Faktorisierung_Vogelperspektive_2026-09-07.md,DOCUMENTATION,OTHER,OPEN,NOT_APPLICABLE,INFRASTRUCTURE,true,0.4158
/Users/stefanhamann/Documents/Codex/2026-09-04/scha-2/outputs/RH_Theta_Stabilitaetscompiler_2026-09-08.md,/Users/stefanhamann/Documents/Codex/2026-09-04/scha-2/outputs/RH_Theta_Stabilitaetscompiler_2026-09-08.md,codex-rh-scha-2:outputs/RH_Theta_Stabilitaetscompiler_2026-09-08.md,DOCUMENTATION,OTHER,OPEN,NOT_APPLICABLE,INFRASTRUCTURE,true,0.4158
/Users/stefanhamann/Documents/Codex/2026-09-04/scha-2/outputs/RH_Unendliche_Polspiegelung_und_Operatorbereich_2026-09-05.md,/Users/stefanhamann/Documents/Codex/2026-09-04/scha-2/outputs/RH_Unendliche_Polspiegelung_und_Operatorbereich_2026-09-05.md,codex-rh-scha-2:outputs/RH_Unendliche_Polspiegelung_und_Operatorbereich_2026-09-05.md,DOCUMENTATION,OTHER,OPEN,NOT_APPLICABLE,INFRASTRUCTURE,true,0.4158
/Users/stefanhamann/Documents/Codex/2026-09-04/scha-2/outputs/RH_Ungerade_Arithmetikreserve_2026-09-08.md,/Users/stefanhamann/Documents/Codex/2026-09-04/scha-2/outputs/RH_Ungerade_Arithmetikreserve_2026-09-08.md,codex-rh-scha-2:outputs/RH_Ungerade_Arithmetikreserve_2026-09-08.md,DOCUMENTATION,OTHER,OPEN,NOT_APPLICABLE,INFRASTRUCTURE,true,0.4158
/Users/stefanhamann/Documents/Codex/2026-09-04/scha-2/outputs/RH_Vogelperspektive_Saettigung_und_ungerader_Weg_2026-09-08.md,/Users/stefanhamann/Documents/Codex/2026-09-04/scha-2/outputs/RH_Vogelperspektive_Saettigung_und_ungerader_Weg_2026-09-08.md,codex-rh-scha-2:outputs/RH_Vogelperspektive_Saettigung_und_ungerader_Weg_2026-09-08.md,DOCUMENTATION,OTHER,OPEN,NOT_APPLICABLE,INFRASTRUCTURE,true,0.4158
/Users/stefanhamann/Documents/Codex/2026-09-04/scha-2/outputs/RH_Vollstaendige_Kantenreserve_2026-09-08.md,/Users/stefanhamann/Documents/Codex/2026-09-04/scha-2/outputs/RH_Vollstaendige_Kantenreserve_2026-09-08.md,codex-rh-scha-2:outputs/RH_Vollstaendige_Kantenreserve_2026-09-08.md,DOCUMENTATION,OTHER,OPEN,NOT_APPLICABLE,INFRASTRUCTURE,true,0.4158
/Users/stefanhamann/Documents/Codex/2026-09-04/scha-2/outputs/RH_Vollstaendiger_Gewichteter_Defekt_2026-09-08.md,/Users/stefanhamann/Documents/Codex/2026-09-04/scha-2/outputs/RH_Vollstaendiger_Gewichteter_Defekt_2026-09-08.md,codex-rh-scha-2:outputs/RH_Vollstaendiger_Gewichteter_Defekt_2026-09-08.md,DOCUMENTATION,OTHER,OPEN,NOT_APPLICABLE,INFRASTRUCTURE,true,0.4158
/Users/stefanhamann/Documents/Codex/2026-09-04/scha-2/outputs/RH_Weiterforschung_2026-09-05.md,/Users/stefanhamann/Documents/Codex/2026-09-04/scha-2/outputs/RH_Weiterforschung_2026-09-05.md,codex-rh-scha-2:outputs/RH_Weiterforschung_2026-09-05.md,DOCUMENTATION,OTHER,OPEN,NOT_APPLICABLE,INFRASTRUCTURE,true,0.4158
/Users/stefanhamann/Documents/Codex/2026-09-04/scha-2/outputs/RH_Xi_Dynamik_und_Spektralhuerde_2026-09-07.md,/Users/stefanhamann/Documents/Codex/2026-09-04/scha-2/outputs/RH_Xi_Dynamik_und_Spektralhuerde_2026-09-07.md,codex-rh-scha-2:outputs/RH_Xi_Dynamik_und_Spektralhuerde_2026-09-07.md,DOCUMENTATION,OTHER,OPEN,NOT_APPLICABLE,INFRASTRUCTURE,true,0.4158
/Users/stefanhamann/Documents/Codex/2026-09-04/scha-2/outputs/RH_Zertifikatsuche_und_Lane_Abgleich_2026-09-07.md,/Users/stefanhamann/Documents/Codex/2026-09-04/scha-2/outputs/RH_Zertifikatsuche_und_Lane_Abgleich_2026-09-07.md,codex-rh-scha-2:outputs/RH_Zertifikatsuche_und_Lane_Abgleich_2026-09-07.md,DOCUMENTATION,OTHER,OPEN,NOT_APPLICABLE,INFRASTRUCTURE,true,0.4158
/Users/stefanhamann/Documents/Codex/2026-09-04/scha-2/outputs/RH_Zustandsauswahl_2026-09-05.md,/Users/stefanhamann/Documents/Codex/2026-09-04/scha-2/outputs/RH_Zustandsauswahl_2026-09-05.md,codex-rh-scha-2:outputs/RH_Zustandsauswahl_2026-09-05.md,DOCUMENTATION,OTHER,OPEN,NOT_APPLICABLE,INFRASTRUCTURE,true,0.4158
/Users/stefanhamann/Documents/Codex/2026-09-04/scha-2/outputs/TFPT_Additiver_Anschluss_und_exakte_Positivitaetsgrenze_2026-09-06.md,/Users/stefanhamann/Documents/Codex/2026-09-04/scha-2/outputs/TFPT_Additiver_Anschluss_und_exakte_Positivitaetsgrenze_2026-09-06.md,codex-rh-scha-2:outputs/TFPT_Additiver_Anschluss_und_exakte_Positivitaetsgrenze_2026-09-06.md,DOCUMENTATION,OTHER,OPEN,NOT_APPLICABLE,INFRASTRUCTURE,true,0.4158
/Users/stefanhamann/Documents/Codex/2026-09-04/scha-2/outputs/TFPT_Calabi_Yau_Pruefung_2026-09-06.md,/Users/stefanhamann/Documents/Codex/2026-09-04/scha-2/outputs/TFPT_Calabi_Yau_Pruefung_2026-09-06.md,codex-rh-scha-2:outputs/TFPT_Calabi_Yau_Pruefung_2026-09-06.md,DOCUMENTATION,OTHER,OPEN,NOT_APPLICABLE,INFRASTRUCTURE,true,0.4158
/Users/stefanhamann/Documents/Codex/2026-09-04/scha-2/outputs/TFPT_Direktversuch_Weil_aus_GNS_2026-09-06.md,/Users/stefanhamann/Documents/Codex/2026-09-04/scha-2/outputs/TFPT_Direktversuch_Weil_aus_GNS_2026-09-06.md,codex-rh-scha-2:outputs/TFPT_Direktversuch_Weil_aus_GNS_2026-09-06.md,DOCUMENTATION,OTHER,OPEN,NOT_APPLICABLE,INFRASTRUCTURE,true,0.4158
/Users/stefanhamann/Documents/Codex/2026-09-04/scha-2/outputs/TFPT_Ereignislog_Quelltest_und_Vorhersage_2026-09-07.md,/Users/stefanhamann/Documents/Codex/2026-09-04/scha-2/outputs/TFPT_Ereignislog_Quelltest_und_Vorhersage_2026-09-07.md,codex-rh-scha-2:outputs/TFPT_Ereignislog_Quelltest_und_Vorhersage_2026-09-07.md,DOCUMENTATION,OTHER,OPEN,NOT_APPLICABLE,INFRASTRUCTURE,true,0.4158
/Users/stefanhamann/Documents/Codex/2026-09-04/scha-2/outputs/TFPT_Genus2_Exakte_Seam_Bruecke_2026-09-06.md,/Users/stefanhamann/Documents/Codex/2026-09-04/scha-2/outputs/TFPT_Genus2_Exakte_Seam_Bruecke_2026-09-06.md,codex-rh-scha-2:outputs/TFPT_Genus2_Exakte_Seam_Bruecke_2026-09-06.md,DOCUMENTATION,OTHER,OPEN,NOT_APPLICABLE,INFRASTRUCTURE,true,0.4158
/Users/stefanhamann/Documents/Codex/2026-09-04/scha-2/outputs/TFPT_Halbgruppe_Zustand_und_Fixpunktspur_2026-09-06.md,/Users/stefanhamann/Documents/Codex/2026-09-04/scha-2/outputs/TFPT_Halbgruppe_Zustand_und_Fixpunktspur_2026-09-06.md,codex-rh-scha-2:outputs/TFPT_Halbgruppe_Zustand_und_Fixpunktspur_2026-09-06.md,DOCUMENTATION,OTHER,OPEN,NOT_APPLICABLE,INFRASTRUCTURE,true,0.4158
/Users/stefanhamann/Documents/Codex/2026-09-04/scha-2/outputs/TFPT_Modulare_Normzeit_und_kritischer_Protokollzustand_2026-09-06.md,/Users/stefanhamann/Documents/Codex/2026-09-04/scha-2/outputs/TFPT_Modulare_Normzeit_und_kritischer_Protokollzustand_2026-09-06.md,codex-rh-scha-2:outputs/TFPT_Modulare_Normzeit_und_kritischer_Protokollzustand_2026-09-06.md,DOCUMENTATION,OTHER,OPEN,NOT_APPLICABLE,INFRASTRUCTURE,true,0.4158
/Users/stefanhamann/Documents/Codex/2026-09-04/scha-2/outputs/TFPT_Neueste_Durchbrueche_und_markierte_E8_Reparatur_2026-09-06.md,/Users/stefanhamann/Documents/Codex/2026-09-04/scha-2/outputs/TFPT_Neueste_Durchbrueche_und_markierte_E8_Reparatur_2026-09-06.md,codex-rh-scha-2:outputs/TFPT_Neueste_Durchbrueche_und_markierte_E8_Reparatur_2026-09-06.md,DOCUMENTATION,OTHER,OPEN,NOT_APPLICABLE,INFRASTRUCTURE,true,0.4158
/Users/stefanhamann/Documents/Codex/2026-09-04/scha-2/outputs/TFPT_Prym_Normfluss_und_Bereichsauswahl_2026-09-06.md,/Users/stefanhamann/Documents/Codex/2026-09-04/scha-2/outputs/TFPT_Prym_Normfluss_und_Bereichsauswahl_2026-09-06.md,codex-rh-scha-2:outputs/TFPT_Prym_Normfluss_und_Bereichsauswahl_2026-09-06.md,DOCUMENTATION,OTHER,OPEN,NOT_APPLICABLE,INFRASTRUCTURE,true,0.4158
/Users/stefanhamann/Documents/Codex/2026-09-04/scha-2/outputs/TFPT_Prym_Zustandsabschluss_und_Weil_Grenze_2026-09-06.md,/Users/stefanhamann/Documents/Codex/2026-09-04/scha-2/outputs/TFPT_Prym_Zustandsabschluss_und_Weil_Grenze_2026-09-06.md,codex-rh-scha-2:outputs/TFPT_Prym_Zustandsabschluss_und_Weil_Grenze_2026-09-06.md,DOCUMENTATION,OTHER,OPEN,NOT_APPLICABLE,INFRASTRUCTURE,true,0.4158
/Users/stefanhamann/Documents/Codex/2026-09-04/scha-2/outputs/TFPT_RH_Fensterfortsetzung_2026-09-07.md,/Users/stefanhamann/Documents/Codex/2026-09-04/scha-2/outputs/TFPT_RH_Fensterfortsetzung_2026-09-07.md,codex-rh-scha-2:outputs/TFPT_RH_Fensterfortsetzung_2026-09-07.md,DOCUMENTATION,OTHER,OPEN,NOT_APPLICABLE,INFRASTRUCTURE,true,0.4158
/Users/stefanhamann/Documents/Codex/2026-09-04/scha-2/outputs/TFPT_RH_Gewichtserweiterung_2026-09-06.md,/Users/stefanhamann/Documents/Codex/2026-09-04/scha-2/outputs/TFPT_RH_Gewichtserweiterung_2026-09-06.md,codex-rh-scha-2:outputs/TFPT_RH_Gewichtserweiterung_2026-09-06.md,DOCUMENTATION,OTHER,OPEN,NOT_APPLICABLE,INFRASTRUCTURE,true,0.4158
/Users/stefanhamann/Documents/Codex/2026-09-04/scha-2/outputs/TFPT_RH_Globale_Stabilitaet_und_Zweipaketkriterium_2026-09-07.md,/Users/stefanhamann/Documents/Codex/2026-09-04/scha-2/outputs/TFPT_RH_Globale_Stabilitaet_und_Zweipaketkriterium_2026-09-07.md,codex-rh-scha-2:outputs/TFPT_RH_Globale_Stabilitaet_und_Zweipaketkriterium_2026-09-07.md,DOCUMENTATION,OTHER,OPEN,NOT_APPLICABLE,INFRASTRUCTURE,true,0.4158
/Users/stefanhamann/Documents/Codex/2026-09-04/scha-2/outputs/TFPT_RH_Grundzustand_und_Spektralkontrolle_2026-09-07.md,/Users/stefanhamann/Documents/Codex/2026-09-04/scha-2/outputs/TFPT_RH_Grundzustand_und_Spektralkontrolle_2026-09-07.md,codex-rh-scha-2:outputs/TFPT_RH_Grundzustand_und_Spektralkontrolle_2026-09-07.md,DOCUMENTATION,OTHER,OPEN,NOT_APPLICABLE,INFRASTRUCTURE,true,0.4158
/Users/stefanhamann/Documents/Codex/2026-09-04/scha-2/outputs/TFPT_RH_Legendre_Restbereich_2026-09-07.md,/Users/stefanhamann/Documents/Codex/2026-09-04/scha-2/outputs/TFPT_RH_Legendre_Restbereich_2026-09-07.md,codex-rh-scha-2:outputs/TFPT_RH_Legendre_Restbereich_2026-09-07.md,DOCUMENTATION,OTHER,OPEN,NOT_APPLICABLE,INFRASTRUCTURE,true,0.4158
/Users/stefanhamann/Documents/Codex/2026-09-04/scha-2/outputs/TFPT_RH_Positive_Halbgewichte_2026-09-06.md,/Users/stefanhamann/Documents/Codex/2026-09-04/scha-2/outputs/TFPT_RH_Positive_Halbgewichte_2026-09-06.md,codex-rh-scha-2:outputs/TFPT_RH_Positive_Halbgewichte_2026-09-06.md,DOCUMENTATION,OTHER,OPEN,NOT_APPLICABLE,INFRASTRUCTURE,true,0.4158
/Users/stefanhamann/Documents/Codex/2026-09-04/scha-2/outputs/TFPT_RH_Prim5_und_uniforme_Restkontrolle_2026-09-07.md,/Users/stefanhamann/Documents/Codex/2026-09-04/scha-2/outputs/TFPT_RH_Prim5_und_uniforme_Restkontrolle_2026-09-07.md,codex-rh-scha-2:outputs/TFPT_RH_Prim5_und_uniforme_Restkontrolle_2026-09-07.md,DOCUMENTATION,OTHER,OPEN,NOT_APPLICABLE,INFRASTRUCTURE,true,0.4158
/Users/stefanhamann/Documents/Codex/2026-09-04/scha-2/outputs/TFPT_RH_Primereignis_5_und_Fenster_085_2026-09-07.md,/Users/stefanhamann/Documents/Codex/2026-09-04/scha-2/outputs/TFPT_RH_Primereignis_5_und_Fenster_085_2026-09-07.md,codex-rh-scha-2:outputs/TFPT_RH_Primereignis_5_und_Fenster_085_2026-09-07.md,DOCUMENTATION,OTHER,OPEN,NOT_APPLICABLE,INFRASTRUCTURE,true,0.4158
/Users/stefanhamann/Documents/Codex/2026-09-04/scha-2/outputs/TFPT_RH_Primereignisse_ohne_Wiederholungen_2026-09-07.md,/Users/stefanhamann/Documents/Codex/2026-09-04/scha-2/outputs/TFPT_RH_Primereignisse_ohne_Wiederholungen_2026-09-07.md,codex-rh-scha-2:outputs/TFPT_RH_Primereignisse_ohne_Wiederholungen_2026-09-07.md,DOCUMENTATION,OTHER,OPEN,NOT_APPLICABLE,INFRASTRUCTURE,true,0.4158
/Users/stefanhamann/Documents/Codex/2026-09-04/scha-2/outputs/TFPT_RH_Primgewichte_und_neuester_Stand_2026-09-06.md,/Users/stefanhamann/Documents/Codex/2026-09-04/scha-2/outputs/TFPT_RH_Primgewichte_und_neuester_Stand_2026-09-06.md,codex-rh-scha-2:outputs/TFPT_RH_Primgewichte_und_neuester_Stand_2026-09-06.md,DOCUMENTATION,OTHER,OPEN,NOT_APPLICABLE,INFRASTRUCTURE,true,0.4158
/Users/stefanhamann/Documents/Codex/2026-09-04/scha-2/outputs/TFPT_RH_Primketten_und_Restkopplung_2026-09-07.md,/Users/stefanhamann/Documents/Codex/2026-09-04/scha-2/outputs/TFPT_RH_Primketten_und_Restkopplung_2026-09-07.md,codex-rh-scha-2:outputs/TFPT_RH_Primketten_und_Restkopplung_2026-09-07.md,DOCUMENTATION,OTHER,OPEN,NOT_APPLICABLE,INFRASTRUCTURE,true,0.4158
/Users/stefanhamann/Documents/Codex/2026-09-04/scha-2/outputs/TFPT_RH_Protokollkorrelationen_und_Randfehler_2026-09-07.md,/Users/stefanhamann/Documents/Codex/2026-09-04/scha-2/outputs/TFPT_RH_Protokollkorrelationen_und_Randfehler_2026-09-07.md,codex-rh-scha-2:outputs/TFPT_RH_Protokollkorrelationen_und_Randfehler_2026-09-07.md,DOCUMENTATION,OTHER,OPEN,NOT_APPLICABLE,INFRASTRUCTURE,true,0.4158
/Users/stefanhamann/Documents/Codex/2026-09-04/scha-2/outputs/TFPT_RH_Relativer_Fensterfluss_2026-09-07.md,/Users/stefanhamann/Documents/Codex/2026-09-04/scha-2/outputs/TFPT_RH_Relativer_Fensterfluss_2026-09-07.md,codex-rh-scha-2:outputs/TFPT_RH_Relativer_Fensterfluss_2026-09-07.md,DOCUMENTATION,OTHER,OPEN,NOT_APPLICABLE,INFRASTRUCTURE,true,0.4158
/Users/stefanhamann/Documents/Codex/2026-09-04/scha-2/outputs/TFPT_RH_Relativer_Primoperator_2026-09-07.md,/Users/stefanhamann/Documents/Codex/2026-09-04/scha-2/outputs/TFPT_RH_Relativer_Primoperator_2026-09-07.md,codex-rh-scha-2:outputs/TFPT_RH_Relativer_Primoperator_2026-09-07.md,DOCUMENTATION,OTHER,OPEN,NOT_APPLICABLE,INFRASTRUCTURE,true,0.4158
/Users/stefanhamann/Documents/Codex/2026-09-04/scha-2/outputs/TFPT_RH_Round26_und_korrigiertes_Protokoll_2026-09-07.md,/Users/stefanhamann/Documents/Codex/2026-09-04/scha-2/outputs/TFPT_RH_Round26_und_korrigiertes_Protokoll_2026-09-07.md,codex-rh-scha-2:outputs/TFPT_RH_Round26_und_korrigiertes_Protokoll_2026-09-07.md,DOCUMENTATION,OTHER,OPEN,NOT_APPLICABLE,INFRASTRUCTURE,true,0.4158
/Users/stefanhamann/Documents/Codex/2026-09-04/scha-2/outputs/TFPT_RH_Skalenbloecke_und_Round27_2026-09-07.md,/Users/stefanhamann/Documents/Codex/2026-09-04/scha-2/outputs/TFPT_RH_Skalenbloecke_und_Round27_2026-09-07.md,codex-rh-scha-2:outputs/TFPT_RH_Skalenbloecke_und_Round27_2026-09-07.md,DOCUMENTATION,OTHER,OPEN,NOT_APPLICABLE,INFRASTRUCTURE,true,0.4158
/Users/stefanhamann/Documents/Codex/2026-09-04/scha-2/outputs/TFPT_RH_Vollstaendiges_Fensterzertifikat_2026-09-07.md,/Users/stefanhamann/Documents/Codex/2026-09-04/scha-2/outputs/TFPT_RH_Vollstaendiges_Fensterzertifikat_2026-09-07.md,codex-rh-scha-2:outputs/TFPT_RH_Vollstaendiges_Fensterzertifikat_2026-09-07.md,DOCUMENTATION,OTHER,OPEN,NOT_APPLICABLE,INFRASTRUCTURE,true,0.4158
/Users/stefanhamann/Documents/Codex/2026-09-04/scha-2/outputs/TFPT_Vogelperspektive_Ereignislog_Zeit_Entropie_2026-09-07.md,/Users/stefanhamann/Documents/Codex/2026-09-04/scha-2/outputs/TFPT_Vogelperspektive_Ereignislog_Zeit_Entropie_2026-09-07.md,codex-rh-scha-2:outputs/TFPT_Vogelperspektive_Ereignislog_Zeit_Entropie_2026-09-07.md,DOCUMENTATION,OTHER,OPEN,NOT_APPLICABLE,INFRASTRUCTURE,true,0.4158
/Users/stefanhamann/Documents/Codex/2026-09-04/scha-2/outputs/compiler_affine_branch_grade_20260909/CONTRACT.md,/Users/stefanhamann/Documents/Codex/2026-09-04/scha-2/outputs/compiler_affine_branch_grade_20260909/CONTRACT.md,codex-rh-scha-2:outputs/compiler_affine_branch_grade_20260909,DOCUMENTATION,OTHER,OPEN,NOT_APPLICABLE,INFRASTRUCTURE,true,0.4158
/Users/stefanhamann/Documents/Codex/2026-09-04/scha-2/outputs/compiler_balanced_interferometer_20260910/CONTRACT.md,/Users/stefanhamann/Documents/Codex/2026-09-04/scha-2/outputs/compiler_balanced_interferometer_20260910/CONTRACT.md,codex-rh-scha-2:outputs/compiler_balanced_interferometer_20260910,DOCUMENTATION,OTHER,OPEN,NOT_APPLICABLE,INFRASTRUCTURE,true,0.4158
/Users/stefanhamann/Documents/Codex/2026-09-04/scha-2/outputs/compiler_character_halfdensity_20260909/CONTRACT.md,/Users/stefanhamann/Documents/Codex/2026-09-04/scha-2/outputs/compiler_character_halfdensity_20260909/CONTRACT.md,codex-rh-scha-2:outputs/compiler_character_halfdensity_20260909,DOCUMENTATION,OTHER,OPEN,NOT_APPLICABLE,INFRASTRUCTURE,true,0.4158
/Users/stefanhamann/Documents/Codex/2026-09-04/scha-2/outputs/compiler_dominant_word_decoder_20260909/CONTRACT.md,/Users/stefanhamann/Documents/Codex/2026-09-04/scha-2/outputs/compiler_dominant_word_decoder_20260909/CONTRACT.md,codex-rh-scha-2:outputs/compiler_dominant_word_decoder_20260909,DOCUMENTATION,OTHER,OPEN,NOT_APPLICABLE,INFRASTRUCTURE,true,0.4158
/Users/stefanhamann/Documents/Codex/2026-09-04/scha-2/outputs/compiler_forward_label_reader_20260909/CONTRACT.md,/Users/stefanhamann/Documents/Codex/2026-09-04/scha-2/outputs/compiler_forward_label_reader_20260909/CONTRACT.md,codex-rh-scha-2:outputs/compiler_forward_label_reader_20260909,DOCUMENTATION,OTHER,OPEN,NOT_APPLICABLE,INFRASTRUCTURE,true,0.4158
/Users/stefanhamann/Documents/Codex/2026-09-04/scha-2/outputs/compiler_frobenius_20260909/GRAPH_SCOPE.md,/Users/stefanhamann/Documents/Codex/2026-09-04/scha-2/outputs/compiler_frobenius_20260909/GRAPH_SCOPE.md,codex-rh-scha-2:outputs/compiler_frobenius_20260909,DOCUMENTATION,OTHER,OPEN,NOT_APPLICABLE,INFRASTRUCTURE,true,0.4158
/Users/stefanhamann/Documents/Codex/2026-09-04/scha-2/outputs/compiler_future_tomography_20260909/CONTRACT.md,/Users/stefanhamann/Documents/Codex/2026-09-04/scha-2/outputs/compiler_future_tomography_20260909/CONTRACT.md,codex-rh-scha-2:outputs/compiler_future_tomography_20260909,DOCUMENTATION,OTHER,OPEN,NOT_APPLICABLE,INFRASTRUCTURE,true,0.4158
/Users/stefanhamann/Documents/Codex/2026-09-04/scha-2/outputs/compiler_graded_return_20260909/CONTRACT.md,/Users/stefanhamann/Documents/Codex/2026-09-04/scha-2/outputs/compiler_graded_return_20260909/CONTRACT.md,codex-rh-scha-2:outputs/compiler_graded_return_20260909,DOCUMENTATION,OTHER,OPEN,NOT_APPLICABLE,INFRASTRUCTURE,true,0.4158
/Users/stefanhamann/Documents/Codex/2026-09-04/scha-2/outputs/compiler_integral_correspondence_20260909/CONTRACT.md,/Users/stefanhamann/Documents/Codex/2026-09-04/scha-2/outputs/compiler_integral_correspondence_20260909/CONTRACT.md,codex-rh-scha-2:outputs/compiler_integral_correspondence_20260909,DOCUMENTATION,OTHER,OPEN,NOT_APPLICABLE,INFRASTRUCTURE,true,0.4158
/Users/stefanhamann/Documents/Codex/2026-09-04/scha-2/outputs/compiler_morita_audit_20260909/AUDIT.md,/Users/stefanhamann/Documents/Codex/2026-09-04/scha-2/outputs/compiler_morita_audit_20260909/AUDIT.md,codex-rh-scha-2:outputs/compiler_morita_audit_20260909,DOCUMENTATION,OTHER,OPEN,NOT_APPLICABLE,INFRASTRUCTURE,true,0.4158
/Users/stefanhamann/Documents/Codex/2026-09-04/scha-2/outputs/compiler_morita_multiplicity_20260909/REPORT.md,/Users/stefanhamann/Documents/Codex/2026-09-04/scha-2/outputs/compiler_morita_multiplicity_20260909/REPORT.md,codex-rh-scha-2:outputs/compiler_morita_multiplicity_20260909,DOCUMENTATION,OTHER,OPEN,NOT_APPLICABLE,INFRASTRUCTURE,true,0.4158
/Users/stefanhamann/Documents/Codex/2026-09-04/scha-2/outputs/compiler_multinorm_reference_20260909/CONTRACT.md,/Users/stefanhamann/Documents/Codex/2026-09-04/scha-2/outputs/compiler_multinorm_reference_20260909/CONTRACT.md,codex-rh-scha-2:outputs/compiler_multinorm_reference_20260909,DOCUMENTATION,OTHER,OPEN,NOT_APPLICABLE,INFRASTRUCTURE,true,0.4158
/Users/stefanhamann/Documents/Codex/2026-09-04/scha-2/outputs/compiler_norm_character_20260909/REPORT.md,/Users/stefanhamann/Documents/Codex/2026-09-04/scha-2/outputs/compiler_norm_character_20260909/REPORT.md,codex-rh-scha-2:outputs/compiler_norm_character_20260909,DOCUMENTATION,OTHER,OPEN,NOT_APPLICABLE,INFRASTRUCTURE,true,0.4158
/Users/stefanhamann/Documents/Codex/2026-09-04/scha-2/outputs/compiler_padic_tower_20260909/REPORT.md,/Users/stefanhamann/Documents/Codex/2026-09-04/scha-2/outputs/compiler_padic_tower_20260909/REPORT.md,codex-rh-scha-2:outputs/compiler_padic_tower_20260909,DOCUMENTATION,OTHER,OPEN,NOT_APPLICABLE,INFRASTRUCTURE,true,0.4158
/Users/stefanhamann/Documents/Codex/2026-09-04/scha-2/outputs/compiler_rational_quotient_audit_20260909/REPORT.md,/Users/stefanhamann/Documents/Codex/2026-09-04/scha-2/outputs/compiler_rational_quotient_audit_20260909/REPORT.md,codex-rh-scha-2:outputs/compiler_rational_quotient_audit_20260909,DOCUMENTATION,OTHER,OPEN,NOT_APPLICABLE,INFRASTRUCTURE,true,0.4158
/Users/stefanhamann/Documents/Codex/2026-09-04/scha-2/outputs/compiler_relative_fock_interface_20260909/REPORT.md,/Users/stefanhamann/Documents/Codex/2026-09-04/scha-2/outputs/compiler_relative_fock_interface_20260909/REPORT.md,codex-rh-scha-2:outputs/compiler_relative_fock_interface_20260909,DOCUMENTATION,OTHER,OPEN,NOT_APPLICABLE,INFRASTRUCTURE,true,0.4158
/Users/stefanhamann/Documents/Codex/2026-09-04/scha-2/outputs/compiler_selfcalibrated_precision_20260909/CONTRACT.md,/Users/stefanhamann/Documents/Codex/2026-09-04/scha-2/outputs/compiler_selfcalibrated_precision_20260909/CONTRACT.md,codex-rh-scha-2:outputs/compiler_selfcalibrated_precision_20260909,DOCUMENTATION,OTHER,OPEN,NOT_APPLICABLE,INFRASTRUCTURE,true,0.4158
/Users/stefanhamann/Documents/Codex/2026-09-04/scha-2/outputs/compiler_solenoid_20260909/GRAPH_SCOPE.md,/Users/stefanhamann/Documents/Codex/2026-09-04/scha-2/outputs/compiler_solenoid_20260909/GRAPH_SCOPE.md,codex-rh-scha-2:outputs/compiler_solenoid_20260909,DOCUMENTATION,OTHER,OPEN,NOT_APPLICABLE,INFRASTRUCTURE,true,0.4158
/Users/stefanhamann/Documents/Codex/2026-09-04/scha-2/outputs/compiler_thermal_interference_20260909/CONTRACT.md,/Users/stefanhamann/Documents/Codex/2026-09-04/scha-2/outputs/compiler_thermal_interference_20260909/CONTRACT.md,codex-rh-scha-2:outputs/compiler_thermal_interference_20260909,DOCUMENTATION,OTHER,OPEN,NOT_APPLICABLE,INFRASTRUCTURE,true,0.4158
/Users/stefanhamann/Documents/Codex/2026-09-04/scha-2/outputs/compiler_transported_fock_bundle_20260909/REPORT.md,/Users/stefanhamann/Documents/Codex/2026-09-04/scha-2/outputs/compiler_transported_fock_bundle_20260909/REPORT.md,codex-rh-scha-2:outputs/compiler_transported_fock_bundle_20260909,DOCUMENTATION,OTHER,OPEN,NOT_APPLICABLE,INFRASTRUCTURE,true,0.4158
/Users/stefanhamann/Documents/Codex/2026-09-04/scha-2/outputs/compiler_word_only_fock_20260909/CONTRACT.md,/Users/stefanhamann/Documents/Codex/2026-09-04/scha-2/outputs/compiler_word_only_fock_20260909/CONTRACT.md,codex-rh-scha-2:outputs/compiler_word_only_fock_20260909,DOCUMENTATION,OTHER,OPEN,NOT_APPLICABLE,INFRASTRUCTURE,true,0.4158
/Users/stefanhamann/Documents/Codex/2026-09-04/scha-2/outputs/cross_graph_cone_frontier_20260909/DELTA_RESOURCE.md,/Users/stefanhamann/Documents/Codex/2026-09-04/scha-2/outputs/cross_graph_cone_frontier_20260909/DELTA_RESOURCE.md,codex-rh-scha-2:outputs/cross_graph_cone_frontier_20260909,DOCUMENTATION,OTHER,OPEN,NOT_APPLICABLE,INFRASTRUCTURE,true,0.4158
/Users/stefanhamann/Documents/Codex/2026-09-04/scha-2/outputs/crossfront_delta_20260909/READ_ONLY_DELTA.md,/Users/stefanhamann/Documents/Codex/2026-09-04/scha-2/outputs/crossfront_delta_20260909/READ_ONLY_DELTA.md,codex-rh-scha-2:outputs/crossfront_delta_20260909,DOCUMENTATION,OTHER,OPEN,NOT_APPLICABLE,INFRASTRUCTURE,true,0.4158
/Users/stefanhamann/Documents/Codex/2026-09-04/scha-2/research/rh_adaptive_reserve_20260908/ADAPTIVE_PROOF.md,/Users/stefanhamann/Documents/Codex/2026-09-04/scha-2/research/rh_adaptive_reserve_20260908/ADAPTIVE_PROOF.md,codex-rh-scha-2:research/rh_adaptive_reserve_20260908,DOCUMENTATION,OTHER,OPEN,NOT_APPLICABLE,INFRASTRUCTURE,true,0.4158
/Users/stefanhamann/Documents/Codex/2026-09-04/scha-2/research/rh_bessel_pair_swap_20260908/README.md,/Users/stefanhamann/Documents/Codex/2026-09-04/scha-2/research/rh_bessel_pair_swap_20260908/README.md,codex-rh-scha-2:research/rh_bessel_pair_swap_20260908,DOCUMENTATION,OTHER,OPEN,NOT_APPLICABLE,INFRASTRUCTURE,true,0.4158
/Users/stefanhamann/Documents/Codex/2026-09-04/scha-2/research/rh_boundary_resolvent_20260907/README.md,/Users/stefanhamann/Documents/Codex/2026-09-04/scha-2/research/rh_boundary_resolvent_20260907/README.md,codex-rh-scha-2:research/rh_boundary_resolvent_20260907,DOCUMENTATION,OTHER,OPEN,NOT_APPLICABLE,INFRASTRUCTURE,true,0.4158
/Users/stefanhamann/Documents/Codex/2026-09-04/scha-2/research/rh_cauchy_radius3_20260907/README.md,/Users/stefanhamann/Documents/Codex/2026-09-04/scha-2/research/rh_cauchy_radius3_20260907/README.md,codex-rh-scha-2:research/rh_cauchy_radius3_20260907,DOCUMENTATION,OTHER,OPEN,NOT_APPLICABLE,INFRASTRUCTURE,true,0.4158
/Users/stefanhamann/Documents/Codex/2026-09-04/scha-2/research/rh_certificate_search_20260907/README.md,/Users/stefanhamann/Documents/Codex/2026-09-04/scha-2/research/rh_certificate_search_20260907/README.md,codex-rh-scha-2:research/rh_certificate_search_20260907,DOCUMENTATION,OTHER,OPEN,NOT_APPLICABLE,INFRASTRUCTURE,true,0.4158
/Users/stefanhamann/Documents/Codex/2026-09-04/scha-2/research/rh_comparison_bracket_20260908/BRACKET_PROOF.md,/Users/stefanhamann/Documents/Codex/2026-09-04/scha-2/research/rh_comparison_bracket_20260908/BRACKET_PROOF.md,codex-rh-scha-2:research/rh_comparison_bracket_20260908,DOCUMENTATION,OTHER,OPEN,NOT_APPLICABLE,INFRASTRUCTURE,true,0.4158
/Users/stefanhamann/Documents/Codex/2026-09-04/scha-2/research/rh_compensated_clock_20260908/PROOF.md,/Users/stefanhamann/Documents/Codex/2026-09-04/scha-2/research/rh_compensated_clock_20260908/PROOF.md,codex-rh-scha-2:research/rh_compensated_clock_20260908,DOCUMENTATION,OTHER,OPEN,NOT_APPLICABLE,INFRASTRUCTURE,true,0.4158
/Users/stefanhamann/Documents/Codex/2026-09-04/scha-2/research/rh_cross_structure_20260908/STABLE_QUOTIENT_NEXT.md,/Users/stefanhamann/Documents/Codex/2026-09-04/scha-2/research/rh_cross_structure_20260908/STABLE_QUOTIENT_NEXT.md,codex-rh-scha-2:research/rh_cross_structure_20260908,DOCUMENTATION,OTHER,OPEN,NOT_APPLICABLE,INFRASTRUCTURE,true,0.4158
/Users/stefanhamann/Documents/Codex/2026-09-04/scha-2/research/rh_direct_defect_20260908/README.md,/Users/stefanhamann/Documents/Codex/2026-09-04/scha-2/research/rh_direct_defect_20260908/README.md,codex-rh-scha-2:research/rh_direct_defect_20260908,DOCUMENTATION,OTHER,OPEN,NOT_APPLICABLE,INFRASTRUCTURE,true,0.4158
/Users/stefanhamann/Documents/Codex/2026-09-04/scha-2/research/rh_edge_reserve_20260908/README.md,/Users/stefanhamann/Documents/Codex/2026-09-04/scha-2/research/rh_edge_reserve_20260908/README.md,codex-rh-scha-2:research/rh_edge_reserve_20260908,DOCUMENTATION,OTHER,OPEN,NOT_APPLICABLE,INFRASTRUCTURE,true,0.4158
/Users/stefanhamann/Documents/Codex/2026-09-04/scha-2/research/rh_even_response_20260908/EVEN_PROOF.md,/Users/stefanhamann/Documents/Codex/2026-09-04/scha-2/research/rh_even_response_20260908/EVEN_PROOF.md,codex-rh-scha-2:research/rh_even_response_20260908,DOCUMENTATION,OTHER,OPEN,NOT_APPLICABLE,INFRASTRUCTURE,true,0.4158
/Users/stefanhamann/Documents/Codex/2026-09-04/scha-2/research/rh_event9_20260908/COLUMN_PROOF.md,/Users/stefanhamann/Documents/Codex/2026-09-04/scha-2/research/rh_event9_20260908/COLUMN_PROOF.md,codex-rh-scha-2:research/rh_event9_20260908,DOCUMENTATION,OTHER,OPEN,NOT_APPLICABLE,INFRASTRUCTURE,true,0.4158
/Users/stefanhamann/Documents/Codex/2026-09-04/scha-2/research/rh_event_onset_20260907/EVENT_ONSET.md,/Users/stefanhamann/Documents/Codex/2026-09-04/scha-2/research/rh_event_onset_20260907/EVENT_ONSET.md,codex-rh-scha-2:research/rh_event_onset_20260907,DOCUMENTATION,OTHER,OPEN,NOT_APPLICABLE,INFRASTRUCTURE,true,0.4158
/Users/stefanhamann/Documents/Codex/2026-09-04/scha-2/research/rh_extended_window_20260907/README.md,/Users/stefanhamann/Documents/Codex/2026-09-04/scha-2/research/rh_extended_window_20260907/README.md,codex-rh-scha-2:research/rh_extended_window_20260907,DOCUMENTATION,OTHER,OPEN,NOT_APPLICABLE,INFRASTRUCTURE,true,0.4158
/Users/stefanhamann/Documents/Codex/2026-09-04/scha-2/research/rh_global_stability_20260907/README.md,/Users/stefanhamann/Documents/Codex/2026-09-04/scha-2/research/rh_global_stability_20260907/README.md,codex-rh-scha-2:research/rh_global_stability_20260907,DOCUMENTATION,OTHER,OPEN,NOT_APPLICABLE,INFRASTRUCTURE,true,0.4158
/Users/stefanhamann/Documents/Codex/2026-09-04/scha-2/research/rh_graph_lift_20260908/INERTIA_REPAIR.md,/Users/stefanhamann/Documents/Codex/2026-09-04/scha-2/research/rh_graph_lift_20260908/INERTIA_REPAIR.md,codex-rh-scha-2:research/rh_graph_lift_20260908,DOCUMENTATION,OTHER,OPEN,NOT_APPLICABLE,INFRASTRUCTURE,true,0.4158
/Users/stefanhamann/Documents/Codex/2026-09-04/scha-2/research/rh_interacting_quotient_20260908/PROOF.md,/Users/stefanhamann/Documents/Codex/2026-09-04/scha-2/research/rh_interacting_quotient_20260908/PROOF.md,codex-rh-scha-2:research/rh_interacting_quotient_20260908,DOCUMENTATION,OTHER,OPEN,NOT_APPLICABLE,INFRASTRUCTURE,true,0.4158
/Users/stefanhamann/Documents/Codex/2026-09-04/scha-2/research/rh_inverse_moments_20260907/README.md,/Users/stefanhamann/Documents/Codex/2026-09-04/scha-2/research/rh_inverse_moments_20260907/README.md,codex-rh-scha-2:research/rh_inverse_moments_20260907,DOCUMENTATION,OTHER,OPEN,NOT_APPLICABLE,INFRASTRUCTURE,true,0.4158
/Users/stefanhamann/Documents/Codex/2026-09-04/scha-2/research/rh_limit_family_20260908/FAMILY_PROOF.md,/Users/stefanhamann/Documents/Codex/2026-09-04/scha-2/research/rh_limit_family_20260908/FAMILY_PROOF.md,codex-rh-scha-2:research/rh_limit_family_20260908,DOCUMENTATION,OTHER,OPEN,NOT_APPLICABLE,INFRASTRUCTURE,true,0.4158
/Users/stefanhamann/Documents/Codex/2026-09-04/scha-2/research/rh_mixed_gram_20260907/README.md,/Users/stefanhamann/Documents/Codex/2026-09-04/scha-2/research/rh_mixed_gram_20260907/README.md,codex-rh-scha-2:research/rh_mixed_gram_20260907,DOCUMENTATION,OTHER,OPEN,NOT_APPLICABLE,INFRASTRUCTURE,true,0.4158
/Users/stefanhamann/Documents/Codex/2026-09-04/scha-2/research/rh_norm_ablation_20260907/README.md,/Users/stefanhamann/Documents/Codex/2026-09-04/scha-2/research/rh_norm_ablation_20260907/README.md,codex-rh-scha-2:research/rh_norm_ablation_20260907,DOCUMENTATION,OTHER,OPEN,NOT_APPLICABLE,INFRASTRUCTURE,true,0.4158
/Users/stefanhamann/Documents/Codex/2026-09-04/scha-2/research/rh_odd_minimizer_transport_20260910/PROOF.md,/Users/stefanhamann/Documents/Codex/2026-09-04/scha-2/research/rh_odd_minimizer_transport_20260910/PROOF.md,codex-rh-scha-2:research/rh_odd_minimizer_transport_20260910,DOCUMENTATION,OTHER,OPEN,NOT_APPLICABLE,INFRASTRUCTURE,true,0.4158
/Users/stefanhamann/Documents/Codex/2026-09-04/scha-2/research/rh_odd_reserve_20260908/NEXT_GATE.md,/Users/stefanhamann/Documents/Codex/2026-09-04/scha-2/research/rh_odd_reserve_20260908/NEXT_GATE.md,codex-rh-scha-2:research/rh_odd_reserve_20260908,DOCUMENTATION,OTHER,OPEN,NOT_APPLICABLE,INFRASTRUCTURE,true,0.4158
/Users/stefanhamann/Documents/Codex/2026-09-04/scha-2/research/rh_odd_saturation_20260908/ASSEMBLY_PROOF.md,/Users/stefanhamann/Documents/Codex/2026-09-04/scha-2/research/rh_odd_saturation_20260908/ASSEMBLY_PROOF.md,codex-rh-scha-2:research/rh_odd_saturation_20260908,DOCUMENTATION,OTHER,OPEN,NOT_APPLICABLE,INFRASTRUCTURE,true,0.4158
/Users/stefanhamann/Documents/Codex/2026-09-04/scha-2/research/rh_output_resolution_20260908/AUXILIARY_REFRESH_REPAIR.md,/Users/stefanhamann/Documents/Codex/2026-09-04/scha-2/research/rh_output_resolution_20260908/AUXILIARY_REFRESH_REPAIR.md,codex-rh-scha-2:research/rh_output_resolution_20260908,DOCUMENTATION,OTHER,OPEN,NOT_APPLICABLE,INFRASTRUCTURE,true,0.4158
/Users/stefanhamann/Documents/Codex/2026-09-04/scha-2/research/rh_prime8_full_20260907/README.md,/Users/stefanhamann/Documents/Codex/2026-09-04/scha-2/research/rh_prime8_full_20260907/README.md,codex-rh-scha-2:research/rh_prime8_full_20260907,DOCUMENTATION,OTHER,OPEN,NOT_APPLICABLE,INFRASTRUCTURE,true,0.4158
/Users/stefanhamann/Documents/Codex/2026-09-04/scha-2/research/rh_projected_pole_20260907/README.md,/Users/stefanhamann/Documents/Codex/2026-09-04/scha-2/research/rh_projected_pole_20260907/README.md,codex-rh-scha-2:research/rh_projected_pole_20260907,DOCUMENTATION,OTHER,OPEN,NOT_APPLICABLE,INFRASTRUCTURE,true,0.4158
/Users/stefanhamann/Documents/Codex/2026-09-04/scha-2/research/rh_quartic_full_20260907/README.md,/Users/stefanhamann/Documents/Codex/2026-09-04/scha-2/research/rh_quartic_full_20260907/README.md,codex-rh-scha-2:research/rh_quartic_full_20260907,DOCUMENTATION,OTHER,OPEN,NOT_APPLICABLE,INFRASTRUCTURE,true,0.4158
/Users/stefanhamann/Documents/Codex/2026-09-04/scha-2/research/rh_radius3_full_20260907/README.md,/Users/stefanhamann/Documents/Codex/2026-09-04/scha-2/research/rh_radius3_full_20260907/README.md,codex-rh-scha-2:research/rh_radius3_full_20260907,DOCUMENTATION,OTHER,OPEN,NOT_APPLICABLE,INFRASTRUCTURE,true,0.4158
/Users/stefanhamann/Documents/Codex/2026-09-04/scha-2/research/rh_saturation_response_20260908/ODD_ROUTE.md,/Users/stefanhamann/Documents/Codex/2026-09-04/scha-2/research/rh_saturation_response_20260908/ODD_ROUTE.md,codex-rh-scha-2:research/rh_saturation_response_20260908,DOCUMENTATION,OTHER,OPEN,NOT_APPLICABLE,INFRASTRUCTURE,true,0.4158
/Users/stefanhamann/Documents/Codex/2026-09-04/scha-2/research/rh_session_bridge_20260908/README.md,/Users/stefanhamann/Documents/Codex/2026-09-04/scha-2/research/rh_session_bridge_20260908/README.md,codex-rh-scha-2:research/rh_session_bridge_20260908,DOCUMENTATION,OTHER,OPEN,NOT_APPLICABLE,INFRASTRUCTURE,true,0.4158
/Users/stefanhamann/Documents/Codex/2026-09-04/scha-2/research/rh_shell_attachment_20260910/PROOF.md,/Users/stefanhamann/Documents/Codex/2026-09-04/scha-2/research/rh_shell_attachment_20260910/PROOF.md,codex-rh-scha-2:research/rh_shell_attachment_20260910,DOCUMENTATION,OTHER,OPEN,NOT_APPLICABLE,INFRASTRUCTURE,true,0.4158
/Users/stefanhamann/Documents/Codex/2026-09-04/scha-2/research/rh_shell_coupling_certificate_20260910/PROOF.md,/Users/stefanhamann/Documents/Codex/2026-09-04/scha-2/research/rh_shell_coupling_certificate_20260910/PROOF.md,codex-rh-scha-2:research/rh_shell_coupling_certificate_20260910,DOCUMENTATION,OTHER,OPEN,NOT_APPLICABLE,INFRASTRUCTURE,true,0.4158
/Users/stefanhamann/Documents/Codex/2026-09-04/scha-2/research/rh_theta_stability_compiler_20260908/README.md,/Users/stefanhamann/Documents/Codex/2026-09-04/scha-2/research/rh_theta_stability_compiler_20260908/README.md,codex-rh-scha-2:research/rh_theta_stability_compiler_20260908,DOCUMENTATION,OTHER,OPEN,NOT_APPLICABLE,INFRASTRUCTURE,true,0.4158
/Users/stefanhamann/Documents/Codex/2026-09-04/scha-2/research/rh_threshold_transport_20260910/PROOF.md,/Users/stefanhamann/Documents/Codex/2026-09-04/scha-2/research/rh_threshold_transport_20260910/PROOF.md,codex-rh-scha-2:research/rh_threshold_transport_20260910,DOCUMENTATION,OTHER,OPEN,NOT_APPLICABLE,INFRASTRUCTURE,true,0.4158
/Users/stefanhamann/Documents/Codex/2026-09-04/scha-2/research/rh_xi_dynamics_20260907/README.md,/Users/stefanhamann/Documents/Codex/2026-09-04/scha-2/research/rh_xi_dynamics_20260907/README.md,codex-rh-scha-2:research/rh_xi_dynamics_20260907,DOCUMENTATION,OTHER,OPEN,NOT_APPLICABLE,INFRASTRUCTURE,true,0.4158
/Users/stefanhamann/Documents/Codex/2026-09-04/scha-2/research/tfpt_event_log_20260907/README.md,/Users/stefanhamann/Documents/Codex/2026-09-04/scha-2/research/tfpt_event_log_20260907/README.md,codex-rh-scha-2:research/tfpt_event_log_20260907,DOCUMENTATION,OTHER,OPEN,NOT_APPLICABLE,INFRASTRUCTURE,true,0.4158
/Users/stefanhamann/Documents/Codex/2026-09-04/scha-2/work/arch_attack10/README.md,/Users/stefanhamann/Documents/Codex/2026-09-04/scha-2/work/arch_attack10/README.md,codex-rh-scha-2:work/arch_attack10,DOCUMENTATION,OTHER,OPEN,NOT_APPLICABLE,INFRASTRUCTURE,true,0.4158
/Users/stefanhamann/Documents/Codex/2026-09-04/scha-2/work/arch_attack3/Native_Weil_Fourier_Density.md,/Users/stefanhamann/Documents/Codex/2026-09-04/scha-2/work/arch_attack3/Native_Weil_Fourier_Density.md,codex-rh-scha-2:work/arch_attack3,DOCUMENTATION,OTHER,OPEN,NOT_APPLICABLE,INFRASTRUCTURE,true,0.4158
/Users/stefanhamann/Documents/Codex/2026-09-04/scha-2/work/arch_attack4/README.md,/Users/stefanhamann/Documents/Codex/2026-09-04/scha-2/work/arch_attack4/README.md,codex-rh-scha-2:work/arch_attack4,DOCUMENTATION,OTHER,OPEN,NOT_APPLICABLE,INFRASTRUCTURE,true,0.4158
/Users/stefanhamann/Documents/Codex/2026-09-04/scha-2/work/arch_attack5/README.md,/Users/stefanhamann/Documents/Codex/2026-09-04/scha-2/work/arch_attack5/README.md,codex-rh-scha-2:work/arch_attack5,DOCUMENTATION,OTHER,OPEN,NOT_APPLICABLE,INFRASTRUCTURE,true,0.4158
/Users/stefanhamann/Documents/Codex/2026-09-04/scha-2/work/arch_attack6/README.md,/Users/stefanhamann/Documents/Codex/2026-09-04/scha-2/work/arch_attack6/README.md,codex-rh-scha-2:work/arch_attack6,DOCUMENTATION,OTHER,OPEN,NOT_APPLICABLE,INFRASTRUCTURE,true,0.4158
/Users/stefanhamann/Documents/Codex/2026-09-04/scha-2/work/arch_attack7/README.md,/Users/stefanhamann/Documents/Codex/2026-09-04/scha-2/work/arch_attack7/README.md,codex-rh-scha-2:work/arch_attack7,DOCUMENTATION,OTHER,OPEN,NOT_APPLICABLE,INFRASTRUCTURE,true,0.4158
/Users/stefanhamann/Documents/Codex/2026-09-04/scha-2/work/arch_attack8/README.md,/Users/stefanhamann/Documents/Codex/2026-09-04/scha-2/work/arch_attack8/README.md,codex-rh-scha-2:work/arch_attack8,DOCUMENTATION,OTHER,OPEN,NOT_APPLICABLE,INFRASTRUCTURE,true,0.4158
/Users/stefanhamann/Documents/Codex/2026-09-04/scha-2/work/arch_attack9/README.md,/Users/stefanhamann/Documents/Codex/2026-09-04/scha-2/work/arch_attack9/README.md,codex-rh-scha-2:work/arch_attack9,DOCUMENTATION,OTHER,OPEN,NOT_APPLICABLE,INFRASTRUCTURE,true,0.4158
/Users/stefanhamann/Documents/Codex/2026-09-04/scha-2/work/arch_transcription2/ArchLagTranscription.lean,/Users/stefanhamann/Documents/Codex/2026-09-04/scha-2/work/arch_transcription2/ArchLagTranscription.lean,codex-rh-scha-2:work/arch_transcription2,DOCUMENTATION,OTHER,OPEN,NOT_APPLICABLE,INFRASTRUCTURE,true,0.4158
/Users/stefanhamann/Documents/Codex/2026-09-04/scha-2/work/arch_weighted2/ArchRateClosure.lean,/Users/stefanhamann/Documents/Codex/2026-09-04/scha-2/work/arch_weighted2/ArchRateClosure.lean,codex-rh-scha-2:work/arch_weighted2,DOCUMENTATION,OTHER,OPEN,NOT_APPLICABLE,INFRASTRUCTURE,true,0.4158
/Users/stefanhamann/Documents/Codex/2026-09-04/scha-2/work/arithmetic_candidate_20260907/preregistration.md,/Users/stefanhamann/Documents/Codex/2026-09-04/scha-2/work/arithmetic_candidate_20260907/preregistration.md,codex-rh-scha-2:work/arithmetic_candidate_20260907,DOCUMENTATION,OTHER,OPEN,NOT_APPLICABLE,INFRASTRUCTURE,true,0.4158
/Users/stefanhamann/Documents/Codex/2026-09-04/scha-2/work/big_picture_audit_20260907/audit.py,/Users/stefanhamann/Documents/Codex/2026-09-04/scha-2/work/big_picture_audit_20260907/audit.py,codex-rh-scha-2:work/big_picture_audit_20260907,DOCUMENTATION,OTHER,OPEN,NOT_APPLICABLE,INFRASTRUCTURE,true,0.4158
/Users/stefanhamann/Documents/Codex/2026-09-04/scha-2/work/budget_attack11/cayley_review.md,/Users/stefanhamann/Documents/Codex/2026-09-04/scha-2/work/budget_attack11/cayley_review.md,codex-rh-scha-2:work/budget_attack11,DOCUMENTATION,OTHER,OPEN,NOT_APPLICABLE,INFRASTRUCTURE,true,0.4158
/Users/stefanhamann/Documents/Codex/2026-09-04/scha-2/work/calabi_yau_review_20260906/check_algebra.py,/Users/stefanhamann/Documents/Codex/2026-09-04/scha-2/work/calabi_yau_review_20260906/check_algebra.py,codex-rh-scha-2:work/calabi_yau_review_20260906,DOCUMENTATION,OTHER,OPEN,NOT_APPLICABLE,INFRASTRUCTURE,true,0.4158
/Users/stefanhamann/Documents/Codex/2026-09-04/scha-2/work/cauchy_attack8/contract.md,/Users/stefanhamann/Documents/Codex/2026-09-04/scha-2/work/cauchy_attack8/contract.md,codex-rh-scha-2:work/cauchy_attack8,DOCUMENTATION,OTHER,OPEN,NOT_APPLICABLE,INFRASTRUCTURE,true,0.4158
/Users/stefanhamann/Documents/Codex/2026-09-04/scha-2/work/compiler_attack12/cohomology_candidates.md,/Users/stefanhamann/Documents/Codex/2026-09-04/scha-2/work/compiler_attack12/cohomology_candidates.md,codex-rh-scha-2:work/compiler_attack12,DOCUMENTATION,OTHER,OPEN,NOT_APPLICABLE,INFRASTRUCTURE,true,0.4158
/Users/stefanhamann/Documents/Codex/2026-09-04/scha-2/work/compiler_attack13/README.md,/Users/stefanhamann/Documents/Codex/2026-09-04/scha-2/work/compiler_attack13/README.md,codex-rh-scha-2:work/compiler_attack13,DOCUMENTATION,OTHER,OPEN,NOT_APPLICABLE,INFRASTRUCTURE,true,0.4158
/Users/stefanhamann/Documents/Codex/2026-09-04/scha-2/work/domain_attack11/bounded_rank_two_defect.md,/Users/stefanhamann/Documents/Codex/2026-09-04/scha-2/work/domain_attack11/bounded_rank_two_defect.md,codex-rh-scha-2:work/domain_attack11,DOCUMENTATION,OTHER,OPEN,NOT_APPLICABLE,INFRASTRUCTURE,true,0.4158
/Users/stefanhamann/Documents/Codex/2026-09-04/scha-2/work/dyadic_protocol_20260907/block_proof.md,/Users/stefanhamann/Documents/Codex/2026-09-04/scha-2/work/dyadic_protocol_20260907/block_proof.md,codex-rh-scha-2:work/dyadic_protocol_20260907,DOCUMENTATION,OTHER,OPEN,NOT_APPLICABLE,INFRASTRUCTURE,true,0.4158
/Users/stefanhamann/Documents/Codex/2026-09-04/scha-2/work/e8_full_carrier_dirac_20260906/full_carrier_dirac_audit.md,/Users/stefanhamann/Documents/Codex/2026-09-04/scha-2/work/e8_full_carrier_dirac_20260906/full_carrier_dirac_audit.md,codex-rh-scha-2:work/e8_full_carrier_dirac_20260906,DOCUMENTATION,OTHER,OPEN,NOT_APPLICABLE,INFRASTRUCTURE,true,0.4158
/Users/stefanhamann/Documents/Codex/2026-09-04/scha-2/work/e8_modular_weight_20260906/concrete_weight_audit.md,/Users/stefanhamann/Documents/Codex/2026-09-04/scha-2/work/e8_modular_weight_20260906/concrete_weight_audit.md,codex-rh-scha-2:work/e8_modular_weight_20260906,DOCUMENTATION,OTHER,OPEN,NOT_APPLICABLE,INFRASTRUCTURE,true,0.4158
/Users/stefanhamann/Documents/Codex/2026-09-04/scha-2/work/e8_relative_generator_20260907/channel_audit.md,/Users/stefanhamann/Documents/Codex/2026-09-04/scha-2/work/e8_relative_generator_20260907/channel_audit.md,codex-rh-scha-2:work/e8_relative_generator_20260907,DOCUMENTATION,OTHER,OPEN,NOT_APPLICABLE,INFRASTRUCTURE,true,0.4158
/Users/stefanhamann/Documents/Codex/2026-09-04/scha-2/work/e8_relative_trace_20260906/archimedean_proof.md,/Users/stefanhamann/Documents/Codex/2026-09-04/scha-2/work/e8_relative_trace_20260906/archimedean_proof.md,codex-rh-scha-2:work/e8_relative_trace_20260906,DOCUMENTATION,OTHER,OPEN,NOT_APPLICABLE,INFRASTRUCTURE,true,0.4158
/Users/stefanhamann/Documents/Codex/2026-09-04/scha-2/work/e8_semigroup_completion_20260906/affine_state_proof.md,/Users/stefanhamann/Documents/Codex/2026-09-04/scha-2/work/e8_semigroup_completion_20260906/affine_state_proof.md,codex-rh-scha-2:work/e8_semigroup_completion_20260906,DOCUMENTATION,OTHER,OPEN,NOT_APPLICABLE,INFRASTRUCTURE,true,0.4158
/Users/stefanhamann/Documents/Codex/2026-09-04/scha-2/work/e8_weight_escape_20260906/debug_record.md,/Users/stefanhamann/Documents/Codex/2026-09-04/scha-2/work/e8_weight_escape_20260906/debug_record.md,codex-rh-scha-2:work/e8_weight_escape_20260906,DOCUMENTATION,OTHER,OPEN,NOT_APPLICABLE,INFRASTRUCTURE,true,0.4158
/Users/stefanhamann/Documents/Codex/2026-09-04/scha-2/work/freq_attack/separated_tail_analysis.md,/Users/stefanhamann/Documents/Codex/2026-09-04/scha-2/work/freq_attack/separated_tail_analysis.md,codex-rh-scha-2:work/freq_attack,DOCUMENTATION,OTHER,OPEN,NOT_APPLICABLE,INFRASTRUCTURE,true,0.4158
/Users/stefanhamann/Documents/Codex/2026-09-04/scha-2/work/full_residual_20260907/full_window_proof.md,/Users/stefanhamann/Documents/Codex/2026-09-04/scha-2/work/full_residual_20260907/full_window_proof.md,codex-rh-scha-2:work/full_residual_20260907,DOCUMENTATION,OTHER,OPEN,NOT_APPLICABLE,INFRASTRUCTURE,true,0.4158
/Users/stefanhamann/Documents/Codex/2026-09-04/scha-2/work/genus2_domain_selection_20260906/README.md,/Users/stefanhamann/Documents/Codex/2026-09-04/scha-2/work/genus2_domain_selection_20260906/README.md,codex-rh-scha-2:work/genus2_domain_selection_20260906,DOCUMENTATION,OTHER,OPEN,NOT_APPLICABLE,INFRASTRUCTURE,true,0.4158
/Users/stefanhamann/Documents/Codex/2026-09-04/scha-2/work/genus2_marked_bridge_20260906/README.md,/Users/stefanhamann/Documents/Codex/2026-09-04/scha-2/work/genus2_marked_bridge_20260906/README.md,codex-rh-scha-2:work/genus2_marked_bridge_20260906,DOCUMENTATION,OTHER,OPEN,NOT_APPLICABLE,INFRASTRUCTURE,true,0.4158
/Users/stefanhamann/Documents/Codex/2026-09-04/scha-2/work/global_attack3/ground_state_contract.md,/Users/stefanhamann/Documents/Codex/2026-09-04/scha-2/work/global_attack3/ground_state_contract.md,codex-rh-scha-2:work/global_attack3,DOCUMENTATION,OTHER,OPEN,NOT_APPLICABLE,INFRASTRUCTURE,true,0.4158
/Users/stefanhamann/Documents/Codex/2026-09-04/scha-2/work/global_attack4/contract.md,/Users/stefanhamann/Documents/Codex/2026-09-04/scha-2/work/global_attack4/contract.md,codex-rh-scha-2:work/global_attack4,DOCUMENTATION,OTHER,OPEN,NOT_APPLICABLE,INFRASTRUCTURE,true,0.4158
/Users/stefanhamann/Documents/Codex/2026-09-04/scha-2/work/global_stability_20260907/preregistration.md,/Users/stefanhamann/Documents/Codex/2026-09-04/scha-2/work/global_stability_20260907/preregistration.md,codex-rh-scha-2:work/global_stability_20260907,DOCUMENTATION,OTHER,OPEN,NOT_APPLICABLE,INFRASTRUCTURE,true,0.4158
/Users/stefanhamann/Documents/Codex/2026-09-04/scha-2/work/ground_state_control_20260907/debug_record.md,/Users/stefanhamann/Documents/Codex/2026-09-04/scha-2/work/ground_state_control_20260907/debug_record.md,codex-rh-scha-2:work/ground_state_control_20260907,DOCUMENTATION,OTHER,OPEN,NOT_APPLICABLE,INFRASTRUCTURE,true,0.4158
/Users/stefanhamann/Documents/Codex/2026-09-04/scha-2/work/ideal_attack7/arithmetic_filter_cost.md,/Users/stefanhamann/Documents/Codex/2026-09-04/scha-2/work/ideal_attack7/arithmetic_filter_cost.md,codex-rh-scha-2:work/ideal_attack7,DOCUMENTATION,OTHER,OPEN,NOT_APPLICABLE,INFRASTRUCTURE,true,0.4158
/Users/stefanhamann/Documents/Codex/2026-09-04/scha-2/work/legendre_complement_20260907/complement_proof.md,/Users/stefanhamann/Documents/Codex/2026-09-04/scha-2/work/legendre_complement_20260907/complement_proof.md,codex-rh-scha-2:work/legendre_complement_20260907,DOCUMENTATION,OTHER,OPEN,NOT_APPLICABLE,INFRASTRUCTURE,true,0.4158
/Users/stefanhamann/Documents/Codex/2026-09-04/scha-2/work/legendre_residual_20260907/preregistration.md,/Users/stefanhamann/Documents/Codex/2026-09-04/scha-2/work/legendre_residual_20260907/preregistration.md,codex-rh-scha-2:work/legendre_residual_20260907,DOCUMENTATION,OTHER,OPEN,NOT_APPLICABLE,INFRASTRUCTURE,true,0.4158
/Users/stefanhamann/Documents/Codex/2026-09-04/scha-2/work/legendre_uniform_cross_20260907/preregistration.md,/Users/stefanhamann/Documents/Codex/2026-09-04/scha-2/work/legendre_uniform_cross_20260907/preregistration.md,codex-rh-scha-2:work/legendre_uniform_cross_20260907,DOCUMENTATION,OTHER,OPEN,NOT_APPLICABLE,INFRASTRUCTURE,true,0.4158
/Users/stefanhamann/Documents/Codex/2026-09-04/scha-2/work/markov_attack6/contract.md,/Users/stefanhamann/Documents/Codex/2026-09-04/scha-2/work/markov_attack6/contract.md,codex-rh-scha-2:work/markov_attack6,DOCUMENTATION,OTHER,OPEN,NOT_APPLICABLE,INFRASTRUCTURE,true,0.4158
/Users/stefanhamann/Documents/Codex/2026-09-04/scha-2/work/nb_attack/dyadic_annihilator.md,/Users/stefanhamann/Documents/Codex/2026-09-04/scha-2/work/nb_attack/dyadic_annihilator.md,codex-rh-scha-2:work/nb_attack,DOCUMENTATION,OTHER,OPEN,NOT_APPLICABLE,INFRASTRUCTURE,true,0.4158
/Users/stefanhamann/Documents/Codex/2026-09-04/scha-2/work/nb_attack2/two_scale_constructive_closure.md,/Users/stefanhamann/Documents/Codex/2026-09-04/scha-2/work/nb_attack2/two_scale_constructive_closure.md,codex-rh-scha-2:work/nb_attack2,DOCUMENTATION,OTHER,OPEN,NOT_APPLICABLE,INFRASTRUCTURE,true,0.4158
/Users/stefanhamann/Documents/Codex/2026-09-04/scha-2/work/nb_attack3/historical_lemma_warning.md,/Users/stefanhamann/Documents/Codex/2026-09-04/scha-2/work/nb_attack3/historical_lemma_warning.md,codex-rh-scha-2:work/nb_attack3,DOCUMENTATION,OTHER,OPEN,NOT_APPLICABLE,INFRASTRUCTURE,true,0.4158
/Users/stefanhamann/Documents/Codex/2026-09-04/scha-2/work/nb_attack4/dilation_lift_obstruction.md,/Users/stefanhamann/Documents/Codex/2026-09-04/scha-2/work/nb_attack4/dilation_lift_obstruction.md,codex-rh-scha-2:work/nb_attack4,DOCUMENTATION,OTHER,OPEN,NOT_APPLICABLE,INFRASTRUCTURE,true,0.4158
/Users/stefanhamann/Documents/Codex/2026-09-04/scha-2/work/nb_attack5/preregistration.md,/Users/stefanhamann/Documents/Codex/2026-09-04/scha-2/work/nb_attack5/preregistration.md,codex-rh-scha-2:work/nb_attack5,DOCUMENTATION,OTHER,OPEN,NOT_APPLICABLE,INFRASTRUCTURE,true,0.4158
/Users/stefanhamann/Documents/Codex/2026-09-04/scha-2/work/nb_attack6/log_uniform_continuity_exclusion.md,/Users/stefanhamann/Documents/Codex/2026-09-04/scha-2/work/nb_attack6/log_uniform_continuity_exclusion.md,codex-rh-scha-2:work/nb_attack6,DOCUMENTATION,OTHER,OPEN,NOT_APPLICABLE,INFRASTRUCTURE,true,0.4158
/Users/stefanhamann/Documents/Codex/2026-09-04/scha-2/work/nb_attack7/actual_mellin_regularization_failure.md,/Users/stefanhamann/Documents/Codex/2026-09-04/scha-2/work/nb_attack7/actual_mellin_regularization_failure.md,codex-rh-scha-2:work/nb_attack7,DOCUMENTATION,OTHER,OPEN,NOT_APPLICABLE,INFRASTRUCTURE,true,0.4158
/Users/stefanhamann/Documents/Codex/2026-09-04/scha-2/work/nb_attack8/cauchy_boundary_domain_review.md,/Users/stefanhamann/Documents/Codex/2026-09-04/scha-2/work/nb_attack8/cauchy_boundary_domain_review.md,codex-rh-scha-2:work/nb_attack8,DOCUMENTATION,OTHER,OPEN,NOT_APPLICABLE,INFRASTRUCTURE,true,0.4158
/Users/stefanhamann/Documents/Codex/2026-09-04/scha-2/work/nb_attack9/finite_native_residue_interpolation.md,/Users/stefanhamann/Documents/Codex/2026-09-04/scha-2/work/nb_attack9/finite_native_residue_interpolation.md,codex-rh-scha-2:work/nb_attack9,DOCUMENTATION,OTHER,OPEN,NOT_APPLICABLE,INFRASTRUCTURE,true,0.4158
/Users/stefanhamann/Documents/Codex/2026-09-04/scha-2/work/newest_tfpt_bridge_20260906/charged_dilation_proof.md,/Users/stefanhamann/Documents/Codex/2026-09-04/scha-2/work/newest_tfpt_bridge_20260906/charged_dilation_proof.md,codex-rh-scha-2:work/newest_tfpt_bridge_20260906,DOCUMENTATION,OTHER,OPEN,NOT_APPLICABLE,INFRASTRUCTURE,true,0.4158
/Users/stefanhamann/Documents/Codex/2026-09-04/scha-2/work/pole_attack10/contract.md,/Users/stefanhamann/Documents/Codex/2026-09-04/scha-2/work/pole_attack10/contract.md,codex-rh-scha-2:work/pole_attack10,DOCUMENTATION,OTHER,OPEN,NOT_APPLICABLE,INFRASTRUCTURE,true,0.4158
/Users/stefanhamann/Documents/Codex/2026-09-04/scha-2/work/pole_attack9/contract.md,/Users/stefanhamann/Documents/Codex/2026-09-04/scha-2/work/pole_attack9/contract.md,codex-rh-scha-2:work/pole_attack9,DOCUMENTATION,OTHER,OPEN,NOT_APPLICABLE,INFRASTRUCTURE,true,0.4158
/Users/stefanhamann/Documents/Codex/2026-09-04/scha-2/work/prime5_window_20260907/preregistration.md,/Users/stefanhamann/Documents/Codex/2026-09-04/scha-2/work/prime5_window_20260907/preregistration.md,codex-rh-scha-2:work/prime5_window_20260907,DOCUMENTATION,OTHER,OPEN,NOT_APPLICABLE,INFRASTRUCTURE,true,0.4158
/Users/stefanhamann/Documents/Codex/2026-09-04/scha-2/work/primitive_pair_split_20260907/debug_record.md,/Users/stefanhamann/Documents/Codex/2026-09-04/scha-2/work/primitive_pair_split_20260907/debug_record.md,codex-rh-scha-2:work/primitive_pair_split_20260907,DOCUMENTATION,OTHER,OPEN,NOT_APPLICABLE,INFRASTRUCTURE,true,0.4158
/Users/stefanhamann/Documents/Codex/2026-09-04/scha-2/work/prolate_scaling_20260907/PROOF.md,/Users/stefanhamann/Documents/Codex/2026-09-04/scha-2/work/prolate_scaling_20260907/PROOF.md,codex-rh-scha-2:work/prolate_scaling_20260907,DOCUMENTATION,OTHER,OPEN,NOT_APPLICABLE,INFRASTRUCTURE,true,0.4158
/Users/stefanhamann/Documents/Codex/2026-09-04/scha-2/work/protocol_pair_energy_20260907/debug_record.md,/Users/stefanhamann/Documents/Codex/2026-09-04/scha-2/work/protocol_pair_energy_20260907/debug_record.md,codex-rh-scha-2:work/protocol_pair_energy_20260907,DOCUMENTATION,OTHER,OPEN,NOT_APPLICABLE,INFRASTRUCTURE,true,0.4158
/Users/stefanhamann/Documents/Codex/2026-09-04/scha-2/work/prym_additive_boundary_20260906/README.md,/Users/stefanhamann/Documents/Codex/2026-09-04/scha-2/work/prym_additive_boundary_20260906/README.md,codex-rh-scha-2:work/prym_additive_boundary_20260906,DOCUMENTATION,OTHER,OPEN,NOT_APPLICABLE,INFRASTRUCTURE,true,0.4158
/Users/stefanhamann/Documents/Codex/2026-09-04/scha-2/work/prym_ratio_completion_20260906/README.md,/Users/stefanhamann/Documents/Codex/2026-09-04/scha-2/work/prym_ratio_completion_20260906/README.md,codex-rh-scha-2:work/prym_ratio_completion_20260906,DOCUMENTATION,OTHER,OPEN,NOT_APPLICABLE,INFRASTRUCTURE,true,0.4158
/Users/stefanhamann/Documents/Codex/2026-09-04/scha-2/work/prym_weil_completion_20260906/README.md,/Users/stefanhamann/Documents/Codex/2026-09-04/scha-2/work/prym_weil_completion_20260906/README.md,codex-rh-scha-2:work/prym_weil_completion_20260906,DOCUMENTATION,OTHER,OPEN,NOT_APPLICABLE,INFRASTRUCTURE,true,0.4158
/Users/stefanhamann/Documents/Codex/2026-09-04/scha-2/work/prym_weil_transduction_20260906/README.md,/Users/stefanhamann/Documents/Codex/2026-09-04/scha-2/work/prym_weil_transduction_20260906/README.md,codex-rh-scha-2:work/prym_weil_transduction_20260906,DOCUMENTATION,OTHER,OPEN,NOT_APPLICABLE,INFRASTRUCTURE,true,0.4158
/Users/stefanhamann/Documents/Codex/2026-09-04/scha-2/work/renormalized_protocol_20260907/preregistration.md,/Users/stefanhamann/Documents/Codex/2026-09-04/scha-2/work/renormalized_protocol_20260907/preregistration.md,codex-rh-scha-2:work/renormalized_protocol_20260907,DOCUMENTATION,OTHER,OPEN,NOT_APPLICABLE,INFRASTRUCTURE,true,0.4158
/Users/stefanhamann/Documents/Codex/2026-09-04/scha-2/work/rh_boundary_compensation_20260907/audit.py,/Users/stefanhamann/Documents/Codex/2026-09-04/scha-2/work/rh_boundary_compensation_20260907/audit.py,codex-rh-scha-2:work/rh_boundary_compensation_20260907,DOCUMENTATION,OTHER,OPEN,NOT_APPLICABLE,INFRASTRUCTURE,true,0.4158
/Users/stefanhamann/Documents/Codex/2026-09-04/scha-2/work/rh_relative_reference_20260907/basis_checks.json,/Users/stefanhamann/Documents/Codex/2026-09-04/scha-2/work/rh_relative_reference_20260907/basis_checks.json,codex-rh-scha-2:work/rh_relative_reference_20260907,DOCUMENTATION,OTHER,OPEN,NOT_APPLICABLE,INFRASTRUCTURE,true,0.4158
/Users/stefanhamann/Documents/Codex/2026-09-04/scha-2/work/rh_schur_structure_20260907/probe.py,/Users/stefanhamann/Documents/Codex/2026-09-04/scha-2/work/rh_schur_structure_20260907/probe.py,codex-rh-scha-2:work/rh_schur_structure_20260907,DOCUMENTATION,OTHER,OPEN,NOT_APPLICABLE,INFRASTRUCTURE,true,0.4158
/Users/stefanhamann/Documents/Codex/2026-09-04/scha-2/work/sochi_geometry_20260907/sources/sochi_differential_geometry.pdf,/Users/stefanhamann/Documents/Codex/2026-09-04/scha-2/work/sochi_geometry_20260907/sources/sochi_differential_geometry.pdf,codex-rh-scha-2:work/sochi_geometry_20260907,DOCUMENTATION,OTHER,OPEN,NOT_APPLICABLE,INFRASTRUCTURE,true,0.4158
/Users/stefanhamann/Documents/Codex/2026-09-04/scha-2/work/state_attack5/contract.md,/Users/stefanhamann/Documents/Codex/2026-09-04/scha-2/work/state_attack5/contract.md,codex-rh-scha-2:work/state_attack5,DOCUMENTATION,OTHER,OPEN,NOT_APPLICABLE,INFRASTRUCTURE,true,0.4158
/Users/stefanhamann/Documents/Codex/2026-09-04/scha-2/work/strategy_reset_20260907/analytic_gates.md,/Users/stefanhamann/Documents/Codex/2026-09-04/scha-2/work/strategy_reset_20260907/analytic_gates.md,codex-rh-scha-2:work/strategy_reset_20260907,DOCUMENTATION,OTHER,OPEN,NOT_APPLICABLE,INFRASTRUCTURE,true,0.4158
/Users/stefanhamann/Documents/Codex/2026-09-04/scha-2/work/tate_attack/abel_torsion_two_point_test.md,/Users/stefanhamann/Documents/Codex/2026-09-04/scha-2/work/tate_attack/abel_torsion_two_point_test.md,codex-rh-scha-2:work/tate_attack,DOCUMENTATION,OTHER,OPEN,NOT_APPLICABLE,INFRASTRUCTURE,true,0.4158
/Users/stefanhamann/Documents/Codex/2026-09-04/scha-2/work/tate_attack10/contract.md,/Users/stefanhamann/Documents/Codex/2026-09-04/scha-2/work/tate_attack10/contract.md,codex-rh-scha-2:work/tate_attack10,DOCUMENTATION,OTHER,OPEN,NOT_APPLICABLE,INFRASTRUCTURE,true,0.4158
/Users/stefanhamann/Documents/Codex/2026-09-04/scha-2/work/tate_attack11/contract.md,/Users/stefanhamann/Documents/Codex/2026-09-04/scha-2/work/tate_attack11/contract.md,codex-rh-scha-2:work/tate_attack11,DOCUMENTATION,OTHER,OPEN,NOT_APPLICABLE,INFRASTRUCTURE,true,0.4158
/Users/stefanhamann/Documents/Codex/2026-09-04/scha-2/work/tate_attack2/common_ambient_construction.md,/Users/stefanhamann/Documents/Codex/2026-09-04/scha-2/work/tate_attack2/common_ambient_construction.md,codex-rh-scha-2:work/tate_attack2,DOCUMENTATION,OTHER,OPEN,NOT_APPLICABLE,INFRASTRUCTURE,true,0.4158
/Users/stefanhamann/Documents/Codex/2026-09-04/scha-2/work/tate_attack3/compression_relative_pairing.md,/Users/stefanhamann/Documents/Codex/2026-09-04/scha-2/work/tate_attack3/compression_relative_pairing.md,codex-rh-scha-2:work/tate_attack3,DOCUMENTATION,OTHER,OPEN,NOT_APPLICABLE,INFRASTRUCTURE,true,0.4158
/Users/stefanhamann/Documents/Codex/2026-09-04/scha-2/work/tate_attack4/preregistered_folner_attempt.md,/Users/stefanhamann/Documents/Codex/2026-09-04/scha-2/work/tate_attack4/preregistered_folner_attempt.md,codex-rh-scha-2:work/tate_attack4,DOCUMENTATION,OTHER,OPEN,NOT_APPLICABLE,INFRASTRUCTURE,true,0.4158
/Users/stefanhamann/Documents/Codex/2026-09-04/scha-2/work/tate_attack5/gamma_folner_limit.md,/Users/stefanhamann/Documents/Codex/2026-09-04/scha-2/work/tate_attack5/gamma_folner_limit.md,codex-rh-scha-2:work/tate_attack5,DOCUMENTATION,OTHER,OPEN,NOT_APPLICABLE,INFRASTRUCTURE,true,0.4158
/Users/stefanhamann/Documents/Codex/2026-09-04/scha-2/work/tate_attack6/contract.md,/Users/stefanhamann/Documents/Codex/2026-09-04/scha-2/work/tate_attack6/contract.md,codex-rh-scha-2:work/tate_attack6,DOCUMENTATION,OTHER,OPEN,NOT_APPLICABLE,INFRASTRUCTURE,true,0.4158
/Users/stefanhamann/Documents/Codex/2026-09-04/scha-2/work/tate_attack7/contract.md,/Users/stefanhamann/Documents/Codex/2026-09-04/scha-2/work/tate_attack7/contract.md,codex-rh-scha-2:work/tate_attack7,DOCUMENTATION,OTHER,OPEN,NOT_APPLICABLE,INFRASTRUCTURE,true,0.4158
/Users/stefanhamann/Documents/Codex/2026-09-04/scha-2/work/tate_attack8/cauchy_gram_defect.md,/Users/stefanhamann/Documents/Codex/2026-09-04/scha-2/work/tate_attack8/cauchy_gram_defect.md,codex-rh-scha-2:work/tate_attack8,DOCUMENTATION,OTHER,OPEN,NOT_APPLICABLE,INFRASTRUCTURE,true,0.4158
/Users/stefanhamann/Documents/Codex/2026-09-04/scha-2/work/tate_attack9/contract.md,/Users/stefanhamann/Documents/Codex/2026-09-04/scha-2/work/tate_attack9/contract.md,codex-rh-scha-2:work/tate_attack9,DOCUMENTATION,OTHER,OPEN,NOT_APPLICABLE,INFRASTRUCTURE,true,0.4158
/Users/stefanhamann/Documents/Codex/2026-09-04/scha-2/work/window_extension_20260907/independent_window_audit.md,/Users/stefanhamann/Documents/Codex/2026-09-04/scha-2/work/window_extension_20260907/independent_window_audit.md,codex-rh-scha-2:work/window_extension_20260907,DOCUMENTATION,OTHER,OPEN,NOT_APPLICABLE,INFRASTRUCTURE,true,0.4158
big_picture_2026-08-02_de.tex,big_picture_2026-08-02_de.tex,doc-sweep,DOCUMENTATION,WEIL_POSITIVITY_WINDOWS,RESTATED,NOT_APPLICABLE,INFRASTRUCTURE,false,0.3025
experiments/lean4-carrier-rigidity/TfptCarrier/DenseWeilCore.lean,experiments/lean4-carrier-rigidity/TfptCarrier/DenseWeilCore.lean,doc-sweep,FORMALIZATION,WEIL_POSITIVITY_WINDOWS,PROVED,NOT_APPLICABLE,FINITE_FRAGMENT,false,2.75
experiments/lean4-carrier-rigidity/TfptCarrier/WeilDictionary.lean,experiments/lean4-carrier-rigidity/TfptCarrier/WeilDictionary.lean,doc-sweep,FORMALIZATION,WEIL_POSITIVITY_WINDOWS,PROVED,NOT_APPLICABLE,FINITE_FRAGMENT,false,2.75
notes/arxiv_w1_note/note_w1_suzuki_identification.tex,notes/arxiv_w1_note/note_w1_suzuki_identification.tex,doc-sweep,DOCUMENTATION,OPERATOR_SPECTRAL,RESTATED,NOT_APPLICABLE,INFRASTRUCTURE,false,0.3025
notes/arxiv_w3_note/note_w3_detector_structure.tex,notes/arxiv_w3_note/note_w3_detector_structure.tex,doc-sweep,DOCUMENTATION,WEIL_POSITIVITY_WINDOWS,RESTATED,NOT_APPLICABLE,INFRASTRUCTURE,false,0.3025
tfpt_prime_front.tex#sec:balance,tfpt_prime_front.tex#sec:balance,doc-sweep,DOCUMENTATION,WEIL_POSITIVITY_WINDOWS,RESTATED,NOT_APPLICABLE,INFRASTRUCTURE,false,0.3025
tfpt_prime_front.tex#sec:bigpicture,tfpt_prime_front.tex#sec:bigpicture,doc-sweep,DOCUMENTATION,LATTICE_E8_HECKE,RESTATED,NOT_APPLICABLE,INFRASTRUCTURE,false,0.3025
tfpt_prime_front.tex#sec:certification,tfpt_prime_front.tex#sec:certification,doc-sweep,DOCUMENTATION,WEIL_POSITIVITY_WINDOWS,RESTATED,NOT_APPLICABLE,INFRASTRUCTURE,false,0.3025
tfpt_prime_front.tex#sec:frontier,tfpt_prime_front.tex#sec:frontier,doc-sweep,DOCUMENTATION,OPERATOR_SPECTRAL,RESTATED,NOT_APPLICABLE,INFRASTRUCTURE,false,0.3025
tfpt_prime_front.tex#sec:handover,tfpt_prime_front.tex#sec:handover,doc-sweep,DOCUMENTATION,WEIL_POSITIVITY_WINDOWS,RESTATED,NOT_APPLICABLE,INFRASTRUCTURE,false,0.3025
tfpt_prime_front.tex#sec:i5,tfpt_prime_front.tex#sec:i5,doc-sweep,DOCUMENTATION,WEIL_POSITIVITY_WINDOWS,RESTATED,NOT_APPLICABLE,INFRASTRUCTURE,false,0.3025
tfpt_prime_front.tex#sec:kills,tfpt_prime_front.tex#sec:kills,doc-sweep,DOCUMENTATION,WEIL_POSITIVITY_WINDOWS,RESTATED,NOT_APPLICABLE,INFRASTRUCTURE,false,0.3025
tfpt_prime_front.tex#sec:motivation,tfpt_prime_front.tex#sec:motivation,doc-sweep,DOCUMENTATION,LATTICE_E8_HECKE,RESTATED,NOT_APPLICABLE,INFRASTRUCTURE,false,0.3025
tfpt_prime_front.tex#sec:phase2,tfpt_prime_front.tex#sec:phase2,doc-sweep,DOCUMENTATION,WEIL_POSITIVITY_WINDOWS,RESTATED,NOT_APPLICABLE,INFRASTRUCTURE,false,0.3025
tfpt_prime_front.tex#sec:status,tfpt_prime_front.tex#sec:status,doc-sweep,DOCUMENTATION,WEIL_POSITIVITY_WINDOWS,RESTATED,NOT_APPLICABLE,INFRASTRUCTURE,false,0.3025
tfpt_prime_front.tex#sec:theory,tfpt_prime_front.tex#sec:theory,doc-sweep,DOCUMENTATION,WEIL_POSITIVITY_WINDOWS,RESTATED,NOT_APPLICABLE,INFRASTRUCTURE,false,0.3025
tfpt_prime_front.tex#sec:verified,tfpt_prime_front.tex#sec:verified,doc-sweep,DOCUMENTATION,WEIL_POSITIVITY_WINDOWS,RESTATED,NOT_APPLICABLE,INFRASTRUCTURE,false,0.3025
website/app/prime-front/page.tsx,website/app/prime-front/page.tsx,doc-sweep,DOCUMENTATION,WEIL_POSITIVITY_WINDOWS,RESTATED,NOT_APPLICABLE,INFRASTRUCTURE,false,0.3025
website/components/CodePrimesBand.tsx,website/components/CodePrimesBand.tsx,doc-sweep,DOCUMENTATION,WEIL_POSITIVITY_WINDOWS,RESTATED,NOT_APPLICABLE,INFRASTRUCTURE,false,0.3025
website/components/primefront/CenterAtlas.tsx,website/components/primefront/CenterAtlas.tsx,doc-sweep,DOCUMENTATION,SCREW_SUBORDINATION_LSTAR,RESTATED,NOT_APPLICABLE,INFRASTRUCTURE,false,0.3025
website/components/primefront/HonestyBanner.tsx,website/components/primefront/HonestyBanner.tsx,doc-sweep,DOCUMENTATION,WEIL_POSITIVITY_WINDOWS,RESTATED,NOT_APPLICABLE,INFRASTRUCTURE,false,0.3025
website/components/primefront/ModuleLadder.tsx,website/components/primefront/ModuleLadder.tsx,doc-sweep,DOCUMENTATION,WEIL_POSITIVITY_WINDOWS,RESTATED,NOT_APPLICABLE,INFRASTRUCTURE,false,0.3025
website/components/primefront/StorySixty.tsx,website/components/primefront/StorySixty.tsx,doc-sweep,DOCUMENTATION,WEIL_POSITIVITY_WINDOWS,RESTATED,NOT_APPLICABLE,INFRASTRUCTURE,false,0.3025
website/components/primefront/WeilArcMap.tsx,website/components/primefront/WeilArcMap.tsx,doc-sweep,DOCUMENTATION,WEIL_POSITIVITY_WINDOWS,RESTATED,NOT_APPLICABLE,INFRASTRUCTURE,false,0.3025
website/components/primefront/WhereWeAre.tsx,website/components/primefront/WhereWeAre.tsx,doc-sweep,DOCUMENTATION,WEIL_POSITIVITY_WINDOWS,RESTATED,NOT_APPLICABLE,INFRASTRUCTURE,false,0.3025
website/lib/primeFront.ts,website/lib/primeFront.ts,doc-sweep,DOCUMENTATION,WEIL_POSITIVITY_WINDOWS,RESTATED,NOT_APPLICABLE,INFRASTRUCTURE,false,0.3025
website/lib/primeFrontArchive.ts,website/lib/primeFrontArchive.ts,doc-sweep,DOCUMENTATION,WEIL_POSITIVITY_WINDOWS,RESTATED,NOT_APPLICABLE,INFRASTRUCTURE,false,0.3025
/Users/stefanhamann/Documents/Codex/2026-09-04/scha-2/outputs/RH_Arch_Formal_2026-09-05/ArchLagTranscription.lean,/Users/stefanhamann/Documents/Codex/2026-09-04/scha-2/outputs/RH_Arch_Formal_2026-09-05/ArchLagTranscription.lean,lean-source-discovery,FORMALIZATION,LEAN_FORMALIZATION,OPEN,NOT_APPLICABLE,INFRASTRUCTURE,true,0.945
/Users/stefanhamann/Documents/Codex/2026-09-04/scha-2/outputs/RH_Arch_Formal_2026-09-05/KinkIntegral.lean,/Users/stefanhamann/Documents/Codex/2026-09-04/scha-2/outputs/RH_Arch_Formal_2026-09-05/KinkIntegral.lean,lean-source-discovery,FORMALIZATION,LEAN_FORMALIZATION,OPEN,NOT_APPLICABLE,INFRASTRUCTURE,true,0.945
/Users/stefanhamann/Documents/Codex/2026-09-04/scha-2/outputs/RH_Arch_Formal_2026-09-05/NativeHinges.lean,/Users/stefanhamann/Documents/Codex/2026-09-04/scha-2/outputs/RH_Arch_Formal_2026-09-05/NativeHinges.lean,lean-source-discovery,FORMALIZATION,LEAN_FORMALIZATION,OPEN,NOT_APPLICABLE,INFRASTRUCTURE,true,0.945
/Users/stefanhamann/Documents/Codex/2026-09-04/scha-2/outputs/RH_Arch_Formal_2026-09-05/SeparatedTail.lean,/Users/stefanhamann/Documents/Codex/2026-09-04/scha-2/outputs/RH_Arch_Formal_2026-09-05/SeparatedTail.lean,lean-source-discovery,FORMALIZATION,LEAN_FORMALIZATION,OPEN,NOT_APPLICABLE,INFRASTRUCTURE,true,0.945
/Users/stefanhamann/Documents/Codex/2026-09-04/scha-2/outputs/RH_Arch_Formal_2026-09-05/WeightedKink.lean,/Users/stefanhamann/Documents/Codex/2026-09-04/scha-2/outputs/RH_Arch_Formal_2026-09-05/WeightedKink.lean,lean-source-discovery,FORMALIZATION,LEAN_FORMALIZATION,OPEN,NOT_APPLICABLE,INFRASTRUCTURE,true,0.945
/Users/stefanhamann/Documents/Codex/2026-09-04/scha-2/work/arch_attack10/NativeArchEndpoint.lean,/Users/stefanhamann/Documents/Codex/2026-09-04/scha-2/work/arch_attack10/NativeArchEndpoint.lean,lean-source-discovery,FORMALIZATION,LEAN_FORMALIZATION,OPEN,NOT_APPLICABLE,INFRASTRUCTURE,true,0.945
/Users/stefanhamann/Documents/Codex/2026-09-04/scha-2/work/arch_attack10/NativeFullFrequency.lean,/Users/stefanhamann/Documents/Codex/2026-09-04/scha-2/work/arch_attack10/NativeFullFrequency.lean,lean-source-discovery,FORMALIZATION,LEAN_FORMALIZATION,OPEN,NOT_APPLICABLE,INFRASTRUCTURE,true,0.945
/Users/stefanhamann/Documents/Codex/2026-09-04/scha-2/work/arch_attack10/QuarterGaussBase.lean,/Users/stefanhamann/Documents/Codex/2026-09-04/scha-2/work/arch_attack10/QuarterGaussBase.lean,lean-source-discovery,FORMALIZATION,LEAN_FORMALIZATION,OPEN,NOT_APPLICABLE,INFRASTRUCTURE,true,0.945
/Users/stefanhamann/Documents/Codex/2026-09-04/scha-2/work/arch_attack3/QuarterValue.lean,/Users/stefanhamann/Documents/Codex/2026-09-04/scha-2/work/arch_attack3/QuarterValue.lean,lean-source-discovery,FORMALIZATION,LEAN_FORMALIZATION,OPEN,NOT_APPLICABLE,INFRASTRUCTURE,true,0.945
/Users/stefanhamann/Documents/Codex/2026-09-04/scha-2/work/arch_attack4/GammaRatioMonotone.lean,/Users/stefanhamann/Documents/Codex/2026-09-04/scha-2/work/arch_attack4/GammaRatioMonotone.lean,lean-source-discovery,FORMALIZATION,LEAN_FORMALIZATION,OPEN,NOT_APPLICABLE,INFRASTRUCTURE,true,0.945
/Users/stefanhamann/Documents/Codex/2026-09-04/scha-2/work/arch_attack5/DigammaSeries.lean,/Users/stefanhamann/Documents/Codex/2026-09-04/scha-2/work/arch_attack5/DigammaSeries.lean,lean-source-discovery,FORMALIZATION,LEAN_FORMALIZATION,OPEN,NOT_APPLICABLE,INFRASTRUCTURE,true,0.945
/Users/stefanhamann/Documents/Codex/2026-09-04/scha-2/work/arch_attack5/GaussIntegral.lean,/Users/stefanhamann/Documents/Codex/2026-09-04/scha-2/work/arch_attack5/GaussIntegral.lean,lean-source-discovery,FORMALIZATION,LEAN_FORMALIZATION,OPEN,NOT_APPLICABLE,INFRASTRUCTURE,true,0.945
/Users/stefanhamann/Documents/Codex/2026-09-04/scha-2/work/arch_attack6/ComplexGauss.lean,/Users/stefanhamann/Documents/Codex/2026-09-04/scha-2/work/arch_attack6/ComplexGauss.lean,lean-source-discovery,FORMALIZATION,LEAN_FORMALIZATION,OPEN,NOT_APPLICABLE,INFRASTRUCTURE,true,0.945
/Users/stefanhamann/Documents/Codex/2026-09-04/scha-2/work/arch_attack6/ComplexLaplace.lean,/Users/stefanhamann/Documents/Codex/2026-09-04/scha-2/work/arch_attack6/ComplexLaplace.lean,lean-source-discovery,FORMALIZATION,LEAN_FORMALIZATION,OPEN,NOT_APPLICABLE,INFRASTRUCTURE,true,0.945
/Users/stefanhamann/Documents/Codex/2026-09-04/scha-2/work/arch_attack6/ComplexLogSeries.lean,/Users/stefanhamann/Documents/Codex/2026-09-04/scha-2/work/arch_attack6/ComplexLogSeries.lean,lean-source-discovery,FORMALIZATION,LEAN_FORMALIZATION,OPEN,NOT_APPLICABLE,INFRASTRUCTURE,true,0.945
/Users/stefanhamann/Documents/Codex/2026-09-04/scha-2/work/arch_attack6/GammaLogIdentification.lean,/Users/stefanhamann/Documents/Codex/2026-09-04/scha-2/work/arch_attack6/GammaLogIdentification.lean,lean-source-discovery,FORMALIZATION,LEAN_FORMALIZATION,OPEN,NOT_APPLICABLE,INFRASTRUCTURE,true,0.945
/Users/stefanhamann/Documents/Codex/2026-09-04/scha-2/work/arch_attack6/KorpusGauss.lean,/Users/stefanhamann/Documents/Codex/2026-09-04/scha-2/work/arch_attack6/KorpusGauss.lean,lean-source-discovery,FORMALIZATION,LEAN_FORMALIZATION,OPEN,NOT_APPLICABLE,INFRASTRUCTURE,true,0.945
/Users/stefanhamann/Documents/Codex/2026-09-04/scha-2/work/arch_attack7/NativeAutocorrelation.lean,/Users/stefanhamann/Documents/Codex/2026-09-04/scha-2/work/arch_attack7/NativeAutocorrelation.lean,lean-source-discovery,FORMALIZATION,LEAN_FORMALIZATION,OPEN,NOT_APPLICABLE,INFRASTRUCTURE,true,0.945
/Users/stefanhamann/Documents/Codex/2026-09-04/scha-2/work/arch_attack8/NativeFourier.lean,/Users/stefanhamann/Documents/Codex/2026-09-04/scha-2/work/arch_attack8/NativeFourier.lean,lean-source-discovery,FORMALIZATION,LEAN_FORMALIZATION,OPEN,NOT_APPLICABLE,INFRASTRUCTURE,true,0.945
/Users/stefanhamann/Documents/Codex/2026-09-04/scha-2/work/arch_attack8/NativeFourierDecay.lean,/Users/stefanhamann/Documents/Codex/2026-09-04/scha-2/work/arch_attack8/NativeFourierDecay.lean,lean-source-discovery,FORMALIZATION,LEAN_FORMALIZATION,OPEN,NOT_APPLICABLE,INFRASTRUCTURE,true,0.945
/Users/stefanhamann/Documents/Codex/2026-09-04/scha-2/work/arch_attack8/NativeParseval.lean,/Users/stefanhamann/Documents/Codex/2026-09-04/scha-2/work/arch_attack8/NativeParseval.lean,lean-source-discovery,FORMALIZATION,LEAN_FORMALIZATION,OPEN,NOT_APPLICABLE,INFRASTRUCTURE,true,0.945
/Users/stefanhamann/Documents/Codex/2026-09-04/scha-2/work/arch_attack8/NativePhysicalFrequency.lean,/Users/stefanhamann/Documents/Codex/2026-09-04/scha-2/work/arch_attack8/NativePhysicalFrequency.lean,lean-source-discovery,FORMALIZATION,LEAN_FORMALIZATION,OPEN,NOT_APPLICABLE,INFRASTRUCTURE,true,0.945
/Users/stefanhamann/Documents/Codex/2026-09-04/scha-2/work/arch_attack9/NativeWeightedIntegrability.lean,/Users/stefanhamann/Documents/Codex/2026-09-04/scha-2/work/arch_attack9/NativeWeightedIntegrability.lean,lean-source-discovery,FORMALIZATION,LEAN_FORMALIZATION,OPEN,NOT_APPLICABLE,INFRASTRUCTURE,true,0.945
/Users/stefanhamann/Documents/Codex/2026-09-04/scha-2/work/arch_attack9/NativeWeightedTonelli.lean,/Users/stefanhamann/Documents/Codex/2026-09-04/scha-2/work/arch_attack9/NativeWeightedTonelli.lean,lean-source-discovery,FORMALIZATION,LEAN_FORMALIZATION,OPEN,NOT_APPLICABLE,INFRASTRUCTURE,true,0.945
/Users/stefanhamann/Documents/Codex/2026-09-04/scha-2/work/arch_weighted2/KinkIntegral.lean,/Users/stefanhamann/Documents/Codex/2026-09-04/scha-2/work/arch_weighted2/KinkIntegral.lean,lean-source-discovery,FORMALIZATION,LEAN_FORMALIZATION,OPEN,NOT_APPLICABLE,INFRASTRUCTURE,true,0.945
/Users/stefanhamann/Documents/Codex/2026-09-04/scha-2/work/arch_weighted2/NativeHinges.lean,/Users/stefanhamann/Documents/Codex/2026-09-04/scha-2/work/arch_weighted2/NativeHinges.lean,lean-source-discovery,FORMALIZATION,LEAN_FORMALIZATION,OPEN,NOT_APPLICABLE,INFRASTRUCTURE,true,0.945
/Users/stefanhamann/Documents/Codex/2026-09-04/scha-2/work/arch_weighted2/WeightedKink.lean,/Users/stefanhamann/Documents/Codex/2026-09-04/scha-2/work/arch_weighted2/WeightedKink.lean,lean-source-discovery,FORMALIZATION,LEAN_FORMALIZATION,OPEN,NOT_APPLICABLE,INFRASTRUCTURE,true,0.945
/Users/stefanhamann/Documents/Codex/2026-09-04/scha-2/work/freq_attack/SeparatedTail.lean,/Users/stefanhamann/Documents/Codex/2026-09-04/scha-2/work/freq_attack/SeparatedTail.lean,lean-source-discovery,FORMALIZATION,LEAN_FORMALIZATION,OPEN,NOT_APPLICABLE,INFRASTRUCTURE,true,0.945
/Users/stefanhamann/Documents/Codex/2026-09-04/scha-2/work/global_attack3/GroundStateCertificate.lean,/Users/stefanhamann/Documents/Codex/2026-09-04/scha-2/work/global_attack3/GroundStateCertificate.lean,lean-source-discovery,FORMALIZATION,LEAN_FORMALIZATION,OPEN,NOT_APPLICABLE,INFRASTRUCTURE,true,0.945
experiments/lean4-carrier-rigidity/TfptCarrier.lean,experiments/lean4-carrier-rigidity/TfptCarrier.lean,lean-source-discovery,FORMALIZATION,LEAN_FORMALIZATION,OPEN,NOT_APPLICABLE,INFRASTRUCTURE,true,0.945
experiments/lean4-carrier-rigidity/TfptCarrier/AnchorLadder.lean,experiments/lean4-carrier-rigidity/TfptCarrier/AnchorLadder.lean,lean-source-discovery,FORMALIZATION,LEAN_FORMALIZATION,OPEN,NOT_APPLICABLE,INFRASTRUCTURE,true,0.945
experiments/lean4-carrier-rigidity/TfptCarrier/AntiAliasExact.lean,experiments/lean4-carrier-rigidity/TfptCarrier/AntiAliasExact.lean,lean-source-discovery,FORMALIZATION,LEAN_FORMALIZATION,OPEN,NOT_APPLICABLE,INFRASTRUCTURE,true,0.945
experiments/lean4-carrier-rigidity/TfptCarrier/ArfSpinorCompiler.lean,experiments/lean4-carrier-rigidity/TfptCarrier/ArfSpinorCompiler.lean,lean-source-discovery,FORMALIZATION,LEAN_FORMALIZATION,OPEN,NOT_APPLICABLE,INFRASTRUCTURE,true,0.945
experiments/lean4-carrier-rigidity/TfptCarrier/AuditCheck.lean,experiments/lean4-carrier-rigidity/TfptCarrier/AuditCheck.lean,lean-source-discovery,FORMALIZATION,LEAN_FORMALIZATION,OPEN,NOT_APPLICABLE,INFRASTRUCTURE,true,0.945
experiments/lean4-carrier-rigidity/TfptCarrier/AuditContract.lean,experiments/lean4-carrier-rigidity/TfptCarrier/AuditContract.lean,lean-source-discovery,FORMALIZATION,LEAN_FORMALIZATION,OPEN,NOT_APPLICABLE,INFRASTRUCTURE,true,0.945
experiments/lean4-carrier-rigidity/TfptCarrier/AxiomCheck.lean,experiments/lean4-carrier-rigidity/TfptCarrier/AxiomCheck.lean,lean-source-discovery,FORMALIZATION,LEAN_FORMALIZATION,OPEN,NOT_APPLICABLE,INFRASTRUCTURE,true,0.945
experiments/lean4-carrier-rigidity/TfptCarrier/BWKeystone.lean,experiments/lean4-carrier-rigidity/TfptCarrier/BWKeystone.lean,lean-source-discovery,FORMALIZATION,LEAN_FORMALIZATION,OPEN,NOT_APPLICABLE,INFRASTRUCTURE,true,0.945
experiments/lean4-carrier-rigidity/TfptCarrier/BoundaryPolarization.lean,experiments/lean4-carrier-rigidity/TfptCarrier/BoundaryPolarization.lean,lean-source-discovery,FORMALIZATION,LEAN_FORMALIZATION,OPEN,NOT_APPLICABLE,INFRASTRUCTURE,true,0.945
experiments/lean4-carrier-rigidity/TfptCarrier/BoundaryYukawaKernelInterface.lean,experiments/lean4-carrier-rigidity/TfptCarrier/BoundaryYukawaKernelInterface.lean,lean-source-discovery,FORMALIZATION,LEAN_FORMALIZATION,OPEN,NOT_APPLICABLE,INFRASTRUCTURE,true,0.945
experiments/lean4-carrier-rigidity/TfptCarrier/CIRoot.lean,experiments/lean4-carrier-rigidity/TfptCarrier/CIRoot.lean,lean-source-discovery,FORMALIZATION,LEAN_FORMALIZATION,OPEN,NOT_APPLICABLE,INFRASTRUCTURE,true,0.945
experiments/lean4-carrier-rigidity/TfptCarrier/CalderonInterface.lean,experiments/lean4-carrier-rigidity/TfptCarrier/CalderonInterface.lean,lean-source-discovery,FORMALIZATION,LEAN_FORMALIZATION,OPEN,NOT_APPLICABLE,INFRASTRUCTURE,true,0.945
experiments/lean4-carrier-rigidity/TfptCarrier/CalderonProjector.lean,experiments/lean4-carrier-rigidity/TfptCarrier/CalderonProjector.lean,lean-source-discovery,FORMALIZATION,LEAN_FORMALIZATION,OPEN,NOT_APPLICABLE,INFRASTRUCTURE,true,0.945
experiments/lean4-carrier-rigidity/TfptCarrier/CarrierData.lean,experiments/lean4-carrier-rigidity/TfptCarrier/CarrierData.lean,lean-source-discovery,FORMALIZATION,LEAN_FORMALIZATION,OPEN,NOT_APPLICABLE,INFRASTRUCTURE,true,0.945
experiments/lean4-carrier-rigidity/TfptCarrier/CarrierRankUniqueness.lean,experiments/lean4-carrier-rigidity/TfptCarrier/CarrierRankUniqueness.lean,lean-source-discovery,FORMALIZATION,LEAN_FORMALIZATION,OPEN,NOT_APPLICABLE,INFRASTRUCTURE,true,0.945
experiments/lean4-carrier-rigidity/TfptCarrier/CartanDeterminants.lean,experiments/lean4-carrier-rigidity/TfptCarrier/CartanDeterminants.lean,lean-source-discovery,FORMALIZATION,LEAN_FORMALIZATION,OPEN,NOT_APPLICABLE,INFRASTRUCTURE,true,0.945
experiments/lean4-carrier-rigidity/TfptCarrier/CellCocycle.lean,experiments/lean4-carrier-rigidity/TfptCarrier/CellCocycle.lean,lean-source-discovery,FORMALIZATION,LEAN_FORMALIZATION,OPEN,NOT_APPLICABLE,INFRASTRUCTURE,true,0.945
experiments/lean4-carrier-rigidity/TfptCarrier/Check32.lean,experiments/lean4-carrier-rigidity/TfptCarrier/Check32.lean,lean-source-discovery,FORMALIZATION,LEAN_FORMALIZATION,OPEN,NOT_APPLICABLE,INFRASTRUCTURE,true,0.945
experiments/lean4-carrier-rigidity/TfptCarrier/CofinalCurrent.lean,experiments/lean4-carrier-rigidity/TfptCarrier/CofinalCurrent.lean,lean-source-discovery,FORMALIZATION,LEAN_FORMALIZATION,OPEN,NOT_APPLICABLE,INFRASTRUCTURE,true,0.945
experiments/lean4-carrier-rigidity/TfptCarrier/CofinalEnvelope.lean,experiments/lean4-carrier-rigidity/TfptCarrier/CofinalEnvelope.lean,lean-source-discovery,FORMALIZATION,LEAN_FORMALIZATION,OPEN,NOT_APPLICABLE,INFRASTRUCTURE,true,0.945
experiments/lean4-carrier-rigidity/TfptCarrier/CofinalPredefinition.lean,experiments/lean4-carrier-rigidity/TfptCarrier/CofinalPredefinition.lean,lean-source-discovery,FORMALIZATION,LEAN_FORMALIZATION,OPEN,NOT_APPLICABLE,INFRASTRUCTURE,true,0.945
experiments/lean4-carrier-rigidity/TfptCarrier/CofinalWeil.lean,experiments/lean4-carrier-rigidity/TfptCarrier/CofinalWeil.lean,lean-source-discovery,FORMALIZATION,LEAN_FORMALIZATION,OPEN,NOT_APPLICABLE,INFRASTRUCTURE,true,0.945
experiments/lean4-carrier-rigidity/TfptCarrier/CohomologyGrading.lean,experiments/lean4-carrier-rigidity/TfptCarrier/CohomologyGrading.lean,lean-source-discovery,FORMALIZATION,LEAN_FORMALIZATION,OPEN,NOT_APPLICABLE,INFRASTRUCTURE,true,0.945
experiments/lean4-carrier-rigidity/TfptCarrier/CoverEmbedding.lean,experiments/lean4-carrier-rigidity/TfptCarrier/CoverEmbedding.lean,lean-source-discovery,FORMALIZATION,LEAN_FORMALIZATION,OPEN,NOT_APPLICABLE,INFRASTRUCTURE,true,0.945
experiments/lean4-carrier-rigidity/TfptCarrier/CoxeterPrime2.lean,experiments/lean4-carrier-rigidity/TfptCarrier/CoxeterPrime2.lean,lean-source-discovery,FORMALIZATION,LEAN_FORMALIZATION,OPEN,NOT_APPLICABLE,INFRASTRUCTURE,true,0.945
experiments/lean4-carrier-rigidity/TfptCarrier/DeltaOneNoGo.lean,experiments/lean4-carrier-rigidity/TfptCarrier/DeltaOneNoGo.lean,lean-source-discovery,FORMALIZATION,LEAN_FORMALIZATION,OPEN,NOT_APPLICABLE,INFRASTRUCTURE,true,0.945
experiments/lean4-carrier-rigidity/TfptCarrier/DeterminantCharacter.lean,experiments/lean4-carrier-rigidity/TfptCarrier/DeterminantCharacter.lean,lean-source-discovery,FORMALIZATION,LEAN_FORMALIZATION,OPEN,NOT_APPLICABLE,INFRASTRUCTURE,true,0.945
experiments/lean4-carrier-rigidity/TfptCarrier/EulerPick.lean,experiments/lean4-carrier-rigidity/TfptCarrier/EulerPick.lean,lean-source-discovery,FORMALIZATION,LEAN_FORMALIZATION,OPEN,NOT_APPLICABLE,INFRASTRUCTURE,true,0.945
experiments/lean4-carrier-rigidity/TfptCarrier/ExcessSkeleton.lean,experiments/lean4-carrier-rigidity/TfptCarrier/ExcessSkeleton.lean,lean-source-discovery,FORMALIZATION,LEAN_FORMALIZATION,OPEN,NOT_APPLICABLE,INFRASTRUCTURE,true,0.945
experiments/lean4-carrier-rigidity/TfptCarrier/FlavorFeedback.lean,experiments/lean4-carrier-rigidity/TfptCarrier/FlavorFeedback.lean,lean-source-discovery,FORMALIZATION,LEAN_FORMALIZATION,OPEN,NOT_APPLICABLE,INFRASTRUCTURE,true,0.945
experiments/lean4-carrier-rigidity/TfptCarrier/G31Orders.lean,experiments/lean4-carrier-rigidity/TfptCarrier/G31Orders.lean,lean-source-discovery,FORMALIZATION,LEAN_FORMALIZATION,OPEN,NOT_APPLICABLE,INFRASTRUCTURE,true,0.945
experiments/lean4-carrier-rigidity/TfptCarrier/G31WordOrders.lean,experiments/lean4-carrier-rigidity/TfptCarrier/G31WordOrders.lean,lean-source-discovery,FORMALIZATION,LEAN_FORMALIZATION,OPEN,NOT_APPLICABLE,INFRASTRUCTURE,true,0.945
experiments/lean4-carrier-rigidity/TfptCarrier/GaussianCodeBridge.lean,experiments/lean4-carrier-rigidity/TfptCarrier/GaussianCodeBridge.lean,lean-source-discovery,FORMALIZATION,LEAN_FORMALIZATION,OPEN,NOT_APPLICABLE,INFRASTRUCTURE,true,0.945
experiments/lean4-carrier-rigidity/TfptCarrier/GaussianShells.lean,experiments/lean4-carrier-rigidity/TfptCarrier/GaussianShells.lean,lean-source-discovery,FORMALIZATION,LEAN_FORMALIZATION,OPEN,NOT_APPLICABLE,INFRASTRUCTURE,true,0.945
experiments/lean4-carrier-rigidity/TfptCarrier/GlueUniqueness.lean,experiments/lean4-carrier-rigidity/TfptCarrier/GlueUniqueness.lean,lean-source-discovery,FORMALIZATION,LEAN_FORMALIZATION,OPEN,NOT_APPLICABLE,INFRASTRUCTURE,true,0.945
experiments/lean4-carrier-rigidity/TfptCarrier/GradeNoGo.lean,experiments/lean4-carrier-rigidity/TfptCarrier/GradeNoGo.lean,lean-source-discovery,FORMALIZATION,LEAN_FORMALIZATION,OPEN,NOT_APPLICABLE,INFRASTRUCTURE,true,0.945
experiments/lean4-carrier-rigidity/TfptCarrier/GramCompactness.lean,experiments/lean4-carrier-rigidity/TfptCarrier/GramCompactness.lean,lean-source-discovery,FORMALIZATION,LEAN_FORMALIZATION,OPEN,NOT_APPLICABLE,INFRASTRUCTURE,true,0.945
experiments/lean4-carrier-rigidity/TfptCarrier/HammingCode.lean,experiments/lean4-carrier-rigidity/TfptCarrier/HammingCode.lean,lean-source-discovery,FORMALIZATION,LEAN_FORMALIZATION,OPEN,NOT_APPLICABLE,INFRASTRUCTURE,true,0.945
experiments/lean4-carrier-rigidity/TfptCarrier/HiggsIndexShadow.lean,experiments/lean4-carrier-rigidity/TfptCarrier/HiggsIndexShadow.lean,lean-source-discovery,FORMALIZATION,LEAN_FORMALIZATION,OPEN,NOT_APPLICABLE,INFRASTRUCTURE,true,0.945
experiments/lean4-carrier-rigidity/TfptCarrier/HiggsSchemeCohomologyShadow.lean,experiments/lean4-carrier-rigidity/TfptCarrier/HiggsSchemeCohomologyShadow.lean,lean-source-discovery,FORMALIZATION,LEAN_FORMALIZATION,OPEN,NOT_APPLICABLE,INFRASTRUCTURE,true,0.945
experiments/lean4-carrier-rigidity/TfptCarrier/HiggsTopForm.lean,experiments/lean4-carrier-rigidity/TfptCarrier/HiggsTopForm.lean,lean-source-discovery,FORMALIZATION,LEAN_FORMALIZATION,OPEN,NOT_APPLICABLE,INFRASTRUCTURE,true,0.945
experiments/lean4-carrier-rigidity/TfptCarrier/Hypercharge.lean,experiments/lean4-carrier-rigidity/TfptCarrier/Hypercharge.lean,lean-source-discovery,FORMALIZATION,LEAN_FORMALIZATION,OPEN,NOT_APPLICABLE,INFRASTRUCTURE,true,0.945
experiments/lean4-carrier-rigidity/TfptCarrier/InvolutionProjectors.lean,experiments/lean4-carrier-rigidity/TfptCarrier/InvolutionProjectors.lean,lean-source-discovery,FORMALIZATION,LEAN_FORMALIZATION,OPEN,NOT_APPLICABLE,INFRASTRUCTURE,true,0.945
experiments/lean4-carrier-rigidity/TfptCarrier/JetSumRules.lean,experiments/lean4-carrier-rigidity/TfptCarrier/JetSumRules.lean,lean-source-discovery,FORMALIZATION,LEAN_FORMALIZATION,OPEN,NOT_APPLICABLE,INFRASTRUCTURE,true,0.945
experiments/lean4-carrier-rigidity/TfptCarrier/KreinDefect.lean,experiments/lean4-carrier-rigidity/TfptCarrier/KreinDefect.lean,lean-source-discovery,FORMALIZATION,LEAN_FORMALIZATION,OPEN,NOT_APPLICABLE,INFRASTRUCTURE,true,0.945
experiments/lean4-carrier-rigidity/TfptCarrier/KronheimerMarks.lean,experiments/lean4-carrier-rigidity/TfptCarrier/KronheimerMarks.lean,lean-source-discovery,FORMALIZATION,LEAN_FORMALIZATION,OPEN,NOT_APPLICABLE,INFRASTRUCTURE,true,0.945
experiments/lean4-carrier-rigidity/TfptCarrier/LatticeRigidityGeneral.lean,experiments/lean4-carrier-rigidity/TfptCarrier/LatticeRigidityGeneral.lean,lean-source-discovery,FORMALIZATION,LEAN_FORMALIZATION,OPEN,NOT_APPLICABLE,INFRASTRUCTURE,true,0.945
experiments/lean4-carrier-rigidity/TfptCarrier/LorentzCongruence.lean,experiments/lean4-carrier-rigidity/TfptCarrier/LorentzCongruence.lean,lean-source-discovery,FORMALIZATION,LEAN_FORMALIZATION,OPEN,NOT_APPLICABLE,INFRASTRUCTURE,true,0.945
experiments/lean4-carrier-rigidity/TfptCarrier/MatchedPin.lean,experiments/lean4-carrier-rigidity/TfptCarrier/MatchedPin.lean,lean-source-discovery,FORMALIZATION,LEAN_FORMALIZATION,OPEN,NOT_APPLICABLE,INFRASTRUCTURE,true,0.945
experiments/lean4-carrier-rigidity/TfptCarrier/MathlibBridge.lean,experiments/lean4-carrier-rigidity/TfptCarrier/MathlibBridge.lean,lean-source-discovery,FORMALIZATION,LEAN_FORMALIZATION,OPEN,NOT_APPLICABLE,INFRASTRUCTURE,true,0.945
experiments/lean4-carrier-rigidity/TfptCarrier/MobiusUniformisation.lean,experiments/lean4-carrier-rigidity/TfptCarrier/MobiusUniformisation.lean,lean-source-discovery,FORMALIZATION,LEAN_FORMALIZATION,OPEN,NOT_APPLICABLE,INFRASTRUCTURE,true,0.945
experiments/lean4-carrier-rigidity/TfptCarrier/MomentLaurent.lean,experiments/lean4-carrier-rigidity/TfptCarrier/MomentLaurent.lean,lean-source-discovery,FORMALIZATION,LEAN_FORMALIZATION,OPEN,NOT_APPLICABLE,INFRASTRUCTURE,true,0.945
experiments/lean4-carrier-rigidity/TfptCarrier/Mu4Commutation.lean,experiments/lean4-carrier-rigidity/TfptCarrier/Mu4Commutation.lean,lean-source-discovery,FORMALIZATION,LEAN_FORMALIZATION,OPEN,NOT_APPLICABLE,INFRASTRUCTURE,true,0.945
experiments/lean4-carrier-rigidity/TfptCarrier/NFClosure.lean,experiments/lean4-carrier-rigidity/TfptCarrier/NFClosure.lean,lean-source-discovery,FORMALIZATION,LEAN_FORMALIZATION,OPEN,NOT_APPLICABLE,INFRASTRUCTURE,true,0.945
experiments/lean4-carrier-rigidity/TfptCarrier/OrbitPacket.lean,experiments/lean4-carrier-rigidity/TfptCarrier/OrbitPacket.lean,lean-source-discovery,FORMALIZATION,LEAN_FORMALIZATION,OPEN,NOT_APPLICABLE,INFRASTRUCTURE,true,0.945
experiments/lean4-carrier-rigidity/TfptCarrier/OrientedDeterminantCarrier.lean,experiments/lean4-carrier-rigidity/TfptCarrier/OrientedDeterminantCarrier.lean,lean-source-discovery,FORMALIZATION,LEAN_FORMALIZATION,OPEN,NOT_APPLICABLE,INFRASTRUCTURE,true,0.945
experiments/lean4-carrier-rigidity/TfptCarrier/PacketRM14.lean,experiments/lean4-carrier-rigidity/TfptCarrier/PacketRM14.lean,lean-source-discovery,FORMALIZATION,LEAN_FORMALIZATION,OPEN,NOT_APPLICABLE,INFRASTRUCTURE,true,0.945
experiments/lean4-carrier-rigidity/TfptCarrier/ParityLemma.lean,experiments/lean4-carrier-rigidity/TfptCarrier/ParityLemma.lean,lean-source-discovery,FORMALIZATION,LEAN_FORMALIZATION,OPEN,NOT_APPLICABLE,INFRASTRUCTURE,true,0.945
experiments/lean4-carrier-rigidity/TfptCarrier/ParityWeightLaws.lean,experiments/lean4-carrier-rigidity/TfptCarrier/ParityWeightLaws.lean,lean-source-discovery,FORMALIZATION,LEAN_FORMALIZATION,OPEN,NOT_APPLICABLE,INFRASTRUCTURE,true,0.945
experiments/lean4-carrier-rigidity/TfptCarrier/PascalLadder.lean,experiments/lean4-carrier-rigidity/TfptCarrier/PascalLadder.lean,lean-source-discovery,FORMALIZATION,LEAN_FORMALIZATION,OPEN,NOT_APPLICABLE,INFRASTRUCTURE,true,0.945
experiments/lean4-carrier-rigidity/TfptCarrier/PinchIdentity.lean,experiments/lean4-carrier-rigidity/TfptCarrier/PinchIdentity.lean,lean-source-discovery,FORMALIZATION,LEAN_FORMALIZATION,OPEN,NOT_APPLICABLE,INFRASTRUCTURE,true,0.945
experiments/lean4-carrier-rigidity/TfptCarrier/PinningLemma.lean,experiments/lean4-carrier-rigidity/TfptCarrier/PinningLemma.lean,lean-source-discovery,FORMALIZATION,LEAN_FORMALIZATION,OPEN,NOT_APPLICABLE,INFRASTRUCTURE,true,0.945
experiments/lean4-carrier-rigidity/TfptCarrier/Polarization.lean,experiments/lean4-carrier-rigidity/TfptCarrier/Polarization.lean,lean-source-discovery,FORMALIZATION,LEAN_FORMALIZATION,OPEN,NOT_APPLICABLE,INFRASTRUCTURE,true,0.945
experiments/lean4-carrier-rigidity/TfptCarrier/PositiveC2Lift.lean,experiments/lean4-carrier-rigidity/TfptCarrier/PositiveC2Lift.lean,lean-source-discovery,FORMALIZATION,LEAN_FORMALIZATION,OPEN,NOT_APPLICABLE,INFRASTRUCTURE,true,0.945
experiments/lean4-carrier-rigidity/TfptCarrier/PositiveDescentMaster.lean,experiments/lean4-carrier-rigidity/TfptCarrier/PositiveDescentMaster.lean,lean-source-discovery,FORMALIZATION,LEAN_FORMALIZATION,OPEN,NOT_APPLICABLE,INFRASTRUCTURE,true,0.945
experiments/lean4-carrier-rigidity/TfptCarrier/ProjectiveHamming.lean,experiments/lean4-carrier-rigidity/TfptCarrier/ProjectiveHamming.lean,lean-source-discovery,FORMALIZATION,LEAN_FORMALIZATION,OPEN,NOT_APPLICABLE,INFRASTRUCTURE,true,0.945
experiments/lean4-carrier-rigidity/TfptCarrier/QuarticHalf.lean,experiments/lean4-carrier-rigidity/TfptCarrier/QuarticHalf.lean,lean-source-discovery,FORMALIZATION,LEAN_FORMALIZATION,OPEN,NOT_APPLICABLE,INFRASTRUCTURE,true,0.945
experiments/lean4-carrier-rigidity/TfptCarrier/Radius4Algebra.lean,experiments/lean4-carrier-rigidity/TfptCarrier/Radius4Algebra.lean,lean-source-discovery,FORMALIZATION,LEAN_FORMALIZATION,OPEN,NOT_APPLICABLE,INFRASTRUCTURE,true,0.945
experiments/lean4-carrier-rigidity/TfptCarrier/Rigidity.lean,experiments/lean4-carrier-rigidity/TfptCarrier/Rigidity.lean,lean-source-discovery,FORMALIZATION,LEAN_FORMALIZATION,OPEN,NOT_APPLICABLE,INFRASTRUCTURE,true,0.945
experiments/lean4-carrier-rigidity/TfptCarrier/SVSkeleton.lean,experiments/lean4-carrier-rigidity/TfptCarrier/SVSkeleton.lean,lean-source-discovery,FORMALIZATION,LEAN_FORMALIZATION,OPEN,NOT_APPLICABLE,INFRASTRUCTURE,true,0.945
experiments/lean4-carrier-rigidity/TfptCarrier/Sanity.lean,experiments/lean4-carrier-rigidity/TfptCarrier/Sanity.lean,lean-source-discovery,FORMALIZATION,LEAN_FORMALIZATION,OPEN,NOT_APPLICABLE,INFRASTRUCTURE,true,0.945
experiments/lean4-carrier-rigidity/TfptCarrier/SeamApplicabilityLedger.lean,experiments/lean4-carrier-rigidity/TfptCarrier/SeamApplicabilityLedger.lean,lean-source-discovery,FORMALIZATION,LEAN_FORMALIZATION,OPEN,NOT_APPLICABLE,INFRASTRUCTURE,true,0.945
experiments/lean4-carrier-rigidity/TfptCarrier/SeamDeckClosure.lean,experiments/lean4-carrier-rigidity/TfptCarrier/SeamDeckClosure.lean,lean-source-discovery,FORMALIZATION,LEAN_FORMALIZATION,OPEN,NOT_APPLICABLE,INFRASTRUCTURE,true,0.945
experiments/lean4-carrier-rigidity/TfptCarrier/SeamEdgeChern.lean,experiments/lean4-carrier-rigidity/TfptCarrier/SeamEdgeChern.lean,lean-source-discovery,FORMALIZATION,LEAN_FORMALIZATION,OPEN,NOT_APPLICABLE,INFRASTRUCTURE,true,0.945
experiments/lean4-carrier-rigidity/TfptCarrier/SeamEquivChain.lean,experiments/lean4-carrier-rigidity/TfptCarrier/SeamEquivChain.lean,lean-source-discovery,FORMALIZATION,LEAN_FORMALIZATION,OPEN,NOT_APPLICABLE,INFRASTRUCTURE,true,0.945
experiments/lean4-carrier-rigidity/TfptCarrier/SeamResidualAxiom.lean,experiments/lean4-carrier-rigidity/TfptCarrier/SeamResidualAxiom.lean,lean-source-discovery,FORMALIZATION,LEAN_FORMALIZATION,OPEN,NOT_APPLICABLE,INFRASTRUCTURE,true,0.945
experiments/lean4-carrier-rigidity/TfptCarrier/SeamRigidityForcing.lean,experiments/lean4-carrier-rigidity/TfptCarrier/SeamRigidityForcing.lean,lean-source-discovery,FORMALIZATION,LEAN_FORMALIZATION,OPEN,NOT_APPLICABLE,INFRASTRUCTURE,true,0.945
experiments/lean4-carrier-rigidity/TfptCarrier/SeamScalingLimit.lean,experiments/lean4-carrier-rigidity/TfptCarrier/SeamScalingLimit.lean,lean-source-discovery,FORMALIZATION,LEAN_FORMALIZATION,OPEN,NOT_APPLICABLE,INFRASTRUCTURE,true,0.945
experiments/lean4-carrier-rigidity/TfptCarrier/SeamStandardPair.lean,experiments/lean4-carrier-rigidity/TfptCarrier/SeamStandardPair.lean,lean-source-discovery,FORMALIZATION,LEAN_FORMALIZATION,OPEN,NOT_APPLICABLE,INFRASTRUCTURE,true,0.945
experiments/lean4-carrier-rigidity/TfptCarrier/SeamWindingInterface.lean,experiments/lean4-carrier-rigidity/TfptCarrier/SeamWindingInterface.lean,lean-source-discovery,FORMALIZATION,LEAN_FORMALIZATION,OPEN,NOT_APPLICABLE,INFRASTRUCTURE,true,0.945
experiments/lean4-carrier-rigidity/TfptCarrier/SectorPositiveDescent.lean,experiments/lean4-carrier-rigidity/TfptCarrier/SectorPositiveDescent.lean,lean-source-discovery,FORMALIZATION,LEAN_FORMALIZATION,OPEN,NOT_APPLICABLE,INFRASTRUCTURE,true,0.945
experiments/lean4-carrier-rigidity/TfptCarrier/SineGramKeystone.lean,experiments/lean4-carrier-rigidity/TfptCarrier/SineGramKeystone.lean,lean-source-discovery,FORMALIZATION,LEAN_FORMALIZATION,OPEN,NOT_APPLICABLE,INFRASTRUCTURE,true,0.945
experiments/lean4-carrier-rigidity/TfptCarrier/SpacingProduct.lean,experiments/lean4-carrier-rigidity/TfptCarrier/SpacingProduct.lean,lean-source-discovery,FORMALIZATION,LEAN_FORMALIZATION,OPEN,NOT_APPLICABLE,INFRASTRUCTURE,true,0.945
experiments/lean4-carrier-rigidity/TfptCarrier/SpectralBalance.lean,experiments/lean4-carrier-rigidity/TfptCarrier/SpectralBalance.lean,lean-source-discovery,FORMALIZATION,LEAN_FORMALIZATION,OPEN,NOT_APPLICABLE,INFRASTRUCTURE,true,0.945
experiments/lean4-carrier-rigidity/TfptCarrier/SpectralGapAttractor.lean,experiments/lean4-carrier-rigidity/TfptCarrier/SpectralGapAttractor.lean,lean-source-discovery,FORMALIZATION,LEAN_FORMALIZATION,OPEN,NOT_APPLICABLE,INFRASTRUCTURE,true,0.945
experiments/lean4-carrier-rigidity/TfptCarrier/SquareParity.lean,experiments/lean4-carrier-rigidity/TfptCarrier/SquareParity.lean,lean-source-discovery,FORMALIZATION,LEAN_FORMALIZATION,OPEN,NOT_APPLICABLE,INFRASTRUCTURE,true,0.945
experiments/lean4-carrier-rigidity/TfptCarrier/TraceLedger.lean,experiments/lean4-carrier-rigidity/TfptCarrier/TraceLedger.lean,lean-source-discovery,FORMALIZATION,LEAN_FORMALIZATION,OPEN,NOT_APPLICABLE,INFRASTRUCTURE,true,0.945
experiments/lean4-carrier-rigidity/TfptCarrier/TraceProjection.lean,experiments/lean4-carrier-rigidity/TfptCarrier/TraceProjection.lean,lean-source-discovery,FORMALIZATION,LEAN_FORMALIZATION,OPEN,NOT_APPLICABLE,INFRASTRUCTURE,true,0.945
experiments/lean4-carrier-rigidity/TfptCarrier/WallCertifiedHead.lean,experiments/lean4-carrier-rigidity/TfptCarrier/WallCertifiedHead.lean,lean-source-discovery,FORMALIZATION,LEAN_FORMALIZATION,OPEN,NOT_APPLICABLE,INFRASTRUCTURE,true,0.945
experiments/lean4-carrier-rigidity/TfptCarrier/WallCofinalComposition.lean,experiments/lean4-carrier-rigidity/TfptCarrier/WallCofinalComposition.lean,lean-source-discovery,FORMALIZATION,LEAN_FORMALIZATION,OPEN,NOT_APPLICABLE,INFRASTRUCTURE,true,0.945
experiments/lean4-carrier-rigidity/TfptCarrier/WallLadder/RungKz12.lean,experiments/lean4-carrier-rigidity/TfptCarrier/WallLadder/RungKz12.lean,lean-source-discovery,FORMALIZATION,LEAN_FORMALIZATION,OPEN,NOT_APPLICABLE,INFRASTRUCTURE,true,0.945
experiments/lean4-carrier-rigidity/TfptCarrier/WallLadder/RungKz13.lean,experiments/lean4-carrier-rigidity/TfptCarrier/WallLadder/RungKz13.lean,lean-source-discovery,FORMALIZATION,LEAN_FORMALIZATION,OPEN,NOT_APPLICABLE,INFRASTRUCTURE,true,0.945
experiments/lean4-carrier-rigidity/TfptCarrier/WallLadder/RungKz14.lean,experiments/lean4-carrier-rigidity/TfptCarrier/WallLadder/RungKz14.lean,lean-source-discovery,FORMALIZATION,LEAN_FORMALIZATION,OPEN,NOT_APPLICABLE,INFRASTRUCTURE,true,0.945
experiments/lean4-carrier-rigidity/TfptCarrier/WallLadder/RungKz15.lean,experiments/lean4-carrier-rigidity/TfptCarrier/WallLadder/RungKz15.lean,lean-source-discovery,FORMALIZATION,LEAN_FORMALIZATION,OPEN,NOT_APPLICABLE,INFRASTRUCTURE,true,0.945
experiments/lean4-carrier-rigidity/TfptCarrier/WallLadder/RungKz18.lean,experiments/lean4-carrier-rigidity/TfptCarrier/WallLadder/RungKz18.lean,lean-source-discovery,FORMALIZATION,LEAN_FORMALIZATION,OPEN,NOT_APPLICABLE,INFRASTRUCTURE,true,0.945
experiments/lean4-carrier-rigidity/TfptCarrier/WallLadder/RungKz19.lean,experiments/lean4-carrier-rigidity/TfptCarrier/WallLadder/RungKz19.lean,lean-source-discovery,FORMALIZATION,LEAN_FORMALIZATION,OPEN,NOT_APPLICABLE,INFRASTRUCTURE,true,0.945
experiments/lean4-carrier-rigidity/TfptCarrier/WallLadder/RungKz20.lean,experiments/lean4-carrier-rigidity/TfptCarrier/WallLadder/RungKz20.lean,lean-source-discovery,FORMALIZATION,LEAN_FORMALIZATION,OPEN,NOT_APPLICABLE,INFRASTRUCTURE,true,0.945
experiments/lean4-carrier-rigidity/TfptCarrier/WallLadder/RungKz22.lean,experiments/lean4-carrier-rigidity/TfptCarrier/WallLadder/RungKz22.lean,lean-source-discovery,FORMALIZATION,LEAN_FORMALIZATION,OPEN,NOT_APPLICABLE,INFRASTRUCTURE,true,0.945
experiments/lean4-carrier-rigidity/TfptCarrier/WallLadder/RungKz23.lean,experiments/lean4-carrier-rigidity/TfptCarrier/WallLadder/RungKz23.lean,lean-source-discovery,FORMALIZATION,LEAN_FORMALIZATION,OPEN,NOT_APPLICABLE,INFRASTRUCTURE,true,0.945
experiments/lean4-carrier-rigidity/TfptCarrier/WallLadder/RungKz25.lean,experiments/lean4-carrier-rigidity/TfptCarrier/WallLadder/RungKz25.lean,lean-source-discovery,FORMALIZATION,LEAN_FORMALIZATION,OPEN,NOT_APPLICABLE,INFRASTRUCTURE,true,0.945
experiments/lean4-carrier-rigidity/TfptCarrier/WallLadder/RungKz27.lean,experiments/lean4-carrier-rigidity/TfptCarrier/WallLadder/RungKz27.lean,lean-source-discovery,FORMALIZATION,LEAN_FORMALIZATION,OPEN,NOT_APPLICABLE,INFRASTRUCTURE,true,0.945
experiments/lean4-carrier-rigidity/TfptCarrier/WallLadder/RungKz29.lean,experiments/lean4-carrier-rigidity/TfptCarrier/WallLadder/RungKz29.lean,lean-source-discovery,FORMALIZATION,LEAN_FORMALIZATION,OPEN,NOT_APPLICABLE,INFRASTRUCTURE,true,0.945
experiments/lean4-carrier-rigidity/TfptCarrier/WallLadder/RungKz32.lean,experiments/lean4-carrier-rigidity/TfptCarrier/WallLadder/RungKz32.lean,lean-source-discovery,FORMALIZATION,LEAN_FORMALIZATION,OPEN,NOT_APPLICABLE,INFRASTRUCTURE,true,0.945
experiments/lean4-carrier-rigidity/TfptCarrier/WallLadder/RungKz33.lean,experiments/lean4-carrier-rigidity/TfptCarrier/WallLadder/RungKz33.lean,lean-source-discovery,FORMALIZATION,LEAN_FORMALIZATION,OPEN,NOT_APPLICABLE,INFRASTRUCTURE,true,0.945
experiments/lean4-carrier-rigidity/TfptCarrier/WallLadder/RungKz39.lean,experiments/lean4-carrier-rigidity/TfptCarrier/WallLadder/RungKz39.lean,lean-source-discovery,FORMALIZATION,LEAN_FORMALIZATION,OPEN,NOT_APPLICABLE,INFRASTRUCTURE,true,0.945
experiments/lean4-carrier-rigidity/TfptCarrier/WallLadder/RungKz46.lean,experiments/lean4-carrier-rigidity/TfptCarrier/WallLadder/RungKz46.lean,lean-source-discovery,FORMALIZATION,LEAN_FORMALIZATION,OPEN,NOT_APPLICABLE,INFRASTRUCTURE,true,0.945
experiments/lean4-carrier-rigidity/TfptCarrier/WallLadder/RungKz59.lean,experiments/lean4-carrier-rigidity/TfptCarrier/WallLadder/RungKz59.lean,lean-source-discovery,FORMALIZATION,LEAN_FORMALIZATION,OPEN,NOT_APPLICABLE,INFRASTRUCTURE,true,0.945
experiments/lean4-carrier-rigidity/TfptCarrier/WallLadder/RungKz9.lean,experiments/lean4-carrier-rigidity/TfptCarrier/WallLadder/RungKz9.lean,lean-source-discovery,FORMALIZATION,LEAN_FORMALIZATION,OPEN,NOT_APPLICABLE,INFRASTRUCTURE,true,0.945
experiments/lean4-carrier-rigidity/TfptCarrier/WallLadderAudit.lean,experiments/lean4-carrier-rigidity/TfptCarrier/WallLadderAudit.lean,lean-source-discovery,FORMALIZATION,LEAN_FORMALIZATION,OPEN,NOT_APPLICABLE,INFRASTRUCTURE,true,0.945
experiments/lean4-carrier-rigidity/TfptCarrier/WallLadderChecker.lean,experiments/lean4-carrier-rigidity/TfptCarrier/WallLadderChecker.lean,lean-source-discovery,FORMALIZATION,LEAN_FORMALIZATION,OPEN,NOT_APPLICABLE,INFRASTRUCTURE,true,0.945
experiments/lean4-carrier-rigidity/TfptCarrier/WallReducedMinuscule.lean,experiments/lean4-carrier-rigidity/TfptCarrier/WallReducedMinuscule.lean,lean-source-discovery,FORMALIZATION,LEAN_FORMALIZATION,OPEN,NOT_APPLICABLE,INFRASTRUCTURE,true,0.945
experiments/lean4-carrier-rigidity/TfptCarrier/WallRegularSemisimple.lean,experiments/lean4-carrier-rigidity/TfptCarrier/WallRegularSemisimple.lean,lean-source-discovery,FORMALIZATION,LEAN_FORMALIZATION,OPEN,NOT_APPLICABLE,INFRASTRUCTURE,true,0.945
experiments/lean4-carrier-rigidity/TfptCarrier/WatataniIndexFour.lean,experiments/lean4-carrier-rigidity/TfptCarrier/WatataniIndexFour.lean,lean-source-discovery,FORMALIZATION,LEAN_FORMALIZATION,OPEN,NOT_APPLICABLE,INFRASTRUCTURE,true,0.945
experiments/lean4-carrier-rigidity/TfptCarrier/YukawaPrimitive.lean,experiments/lean4-carrier-rigidity/TfptCarrier/YukawaPrimitive.lean,lean-source-discovery,FORMALIZATION,LEAN_FORMALIZATION,OPEN,NOT_APPLICABLE,INFRASTRUCTURE,true,0.945
experiments/lean4-carrier-rigidity/TfptCarrier/YukawaRank.lean,experiments/lean4-carrier-rigidity/TfptCarrier/YukawaRank.lean,lean-source-discovery,FORMALIZATION,LEAN_FORMALIZATION,OPEN,NOT_APPLICABLE,INFRASTRUCTURE,true,0.945
experiments/lean4-carrier-rigidity/TfptCarrier/YukawaStageDExistence.lean,experiments/lean4-carrier-rigidity/TfptCarrier/YukawaStageDExistence.lean,lean-source-discovery,FORMALIZATION,LEAN_FORMALIZATION,OPEN,NOT_APPLICABLE,INFRASTRUCTURE,true,0.945
experiments/lean4-carrier-rigidity/TfptCarrier/YukawaTopForm.lean,experiments/lean4-carrier-rigidity/TfptCarrier/YukawaTopForm.lean,lean-source-discovery,FORMALIZATION,LEAN_FORMALIZATION,OPEN,NOT_APPLICABLE,INFRASTRUCTURE,true,0.945
experiments/lean4-carrier-rigidity/TfptCarrier/YukawaTrilinearForm.lean,experiments/lean4-carrier-rigidity/TfptCarrier/YukawaTrilinearForm.lean,lean-source-discovery,FORMALIZATION,LEAN_FORMALIZATION,OPEN,NOT_APPLICABLE,INFRASTRUCTURE,true,0.945
verification/v32_rh_splitting.py,verification/v32_rh_splitting.py,ledger:CONTRACT.U.01,OTHER,OTHER,MEASURED,NOT_APPLICABLE,UNRELATED,false,0.48
verification/v1019_coxeter_euler_completion.py,verification/v1019_coxeter_euler_completion.py,ledger:E8.COXETER.EULER.COMPLETION.01,CONTROL,LATTICE_E8_HECKE,KILLED,NO_BRIDGE,FINITE_FRAGMENT,false,1.52
verification/v1018_e8_directed_readout.py,verification/v1018_e8_directed_readout.py,ledger:E8.DIRECTED.READOUT.01,FOUNDATION,LATTICE_E8_HECKE,CERTIFIED,NOT_APPLICABLE,IDENTITY_SIDE,false,2.2
verification/v787_hecke_arrow_broadcast.py,verification/v787_hecke_arrow_broadcast.py,ledger:HECKE.ARROW_MESSAGE.01,CONTROL,LATTICE_E8_HECKE,KILLED,STRUCTURAL_MISMATCH,FINITE_FRAGMENT,false,1.52
verification/v785_hecke_check32.py,verification/v785_hecke_check32.py,ledger:HECKE.CARRIER_CHECK32.01,FORMALIZATION,LATTICE_E8_HECKE,PROVED,NOT_APPLICABLE,FINITE_FRAGMENT,false,2.75
verification/v535_hecke_from_geometry.py,verification/v535_hecke_from_geometry.py,ledger:HECKE.GEOM.01,FORMALIZATION,LATTICE_E8_HECKE,PROVED,NOT_APPLICABLE,FINITE_FRAGMENT,false,2.75
verification/v536_eichler_trace_layer.py,verification/v536_eichler_trace_layer.py,ledger:HECKE.GEOM.EICHLER.01,FOUNDATION,LATTICE_E8_HECKE,CERTIFIED,NOT_APPLICABLE,IDENTITY_SIDE,false,2.2
verification/v537_halfintegral_bridge.py,verification/v537_halfintegral_bridge.py,ledger:HECKE.GEOM.HALFINT.01,FOUNDATION,LATTICE_E8_HECKE,CERTIFIED,NOT_APPLICABLE,IDENTITY_SIDE,false,2.2
verification/v538_relative_trace_identity.py,verification/v538_relative_trace_identity.py,ledger:HECKE.GEOM.RTF.01,FOUNDATION,WEIL_POSITIVITY_WINDOWS,CERTIFIED,NOT_APPLICABLE,IDENTITY_SIDE,false,2.2
verification/v795_halving_tails_k5.py,verification/v795_halving_tails_k5.py,ledger:HECKE.HALVINGTAILS.01,FORMALIZATION,LATTICE_E8_HECKE,PROVED,NOT_APPLICABLE,FINITE_FRAGMENT,false,2.75
verification/v806_hecke_local_clifford.py,verification/v806_hecke_local_clifford.py,ledger:HECKE.LOCAL.CLIFFORD.01,CONTROL,WEIL_POSITIVITY_WINDOWS,KILLED,LOSSY_CONSTANT,FINITE_FRAGMENT,false,1.52
verification/v789_multirate_constdepth.py,verification/v789_multirate_constdepth.py,ledger:HECKE.MULTIRATE2ADIC.01,FORMALIZATION,WEIL_POSITIVITY_WINDOWS,PROVED,NOT_APPLICABLE,FINITE_FRAGMENT,false,2.75
verification/v788_positive_c2_lift.py,verification/v788_positive_c2_lift.py,ledger:HECKE.POSITIVE_C2_LIFT.01,FORMALIZATION,LATTICE_E8_HECKE,PROVED,NOT_APPLICABLE,FINITE_FRAGMENT,false,2.75
verification/v797_r_microstate_identification.py,verification/v797_r_microstate_identification.py,ledger:HECKE.R_MICROSTATE.01,CONTROL,LATTICE_E8_HECKE,KILLED,STRUCTURAL_MISMATCH,FINITE_FRAGMENT,false,1.52
verification/v790_snf_mu4_theta.py,verification/v790_snf_mu4_theta.py,ledger:HECKE.SNF_THETA.01,FOUNDATION,LATTICE_E8_HECKE,CERTIFIED,NOT_APPLICABLE,IDENTITY_SIDE,false,2.2
verification/v761_atom_pole_abel.py,verification/v761_atom_pole_abel.py,ledger:PRIME.ABELPAIR.01,FORMALIZATION,WEIL_POSITIVITY_WINDOWS,PROVED,NOT_APPLICABLE,FINITE_FRAGMENT,false,2.75
verification/v941_alignment_law_factorization.py,verification/v941_alignment_law_factorization.py,ledger:PRIME.ALIGNMENT.LAW.01,CONTROL,LATTICE_E8_HECKE,KILLED,WORLD_BLIND,FINITE_FRAGMENT,false,1.52
verification/v552_angle_instruments.py,verification/v552_angle_instruments.py,ledger:PRIME.ANGLE.INSTR.01,CONTROL,WEIL_POSITIVITY_WINDOWS,KILLED,LOSSY_CONSTANT,FINITE_FRAGMENT,false,1.52
verification/v760_antialias_exact.py,verification/v760_antialias_exact.py,ledger:PRIME.ANTIALIAS.01,FORMALIZATION,TOEPLITZ_MOMENT_POSITIVITY,PROVED,NOT_APPLICABLE,FINITE_FRAGMENT,false,2.75
verification/v815_kraus_spread_commutant.py,verification/v815_kraus_spread_commutant.py,ledger:PRIME.AORB.REFINEMENT.01,FOUNDATION,WEIL_POSITIVITY_WINDOWS,MEASURED,NOT_APPLICABLE,FINITE_FRAGMENT,false,1.32
verification/v904_healthcode12_diagnostic.py,verification/v904_healthcode12_diagnostic.py,ledger:PRIME.ARITH.HEALTHCODE12.01,CONTROL,WEIL_POSITIVITY_WINDOWS,KILLED,NO_BRIDGE,FINITE_FRAGMENT,false,1.52
verification/v667_baez_duarte.py,verification/v667_baez_duarte.py,ledger:PRIME.BAEZDUARTE.01,FORMALIZATION,TOEPLITZ_MOMENT_POSITIVITY,PROVED,NOT_APPLICABLE,FINITE_FRAGMENT,false,2.75
verification/v558_bilinear_rank_identities.py,verification/v558_bilinear_rank_identities.py,ledger:PRIME.BILINEAR.RANK.01,CONTROL,WEIL_POSITIVITY_WINDOWS,KILLED,NO_BRIDGE,FINITE_FRAGMENT,false,1.52
verification/v927_blockaverage_substrate_theorems.py,verification/v927_blockaverage_substrate_theorems.py,ledger:PRIME.BLOCKAVERAGE.SUBSTRATE.01,CONTROL,WEIL_POSITIVITY_WINDOWS,KILLED,LOSSY_CONSTANT,FINITE_FRAGMENT,false,1.52
verification/v670_w3_block_deflation.py,verification/v670_w3_block_deflation.py,ledger:PRIME.BLOCKDEFL.01,FOUNDATION,WEIL_POSITIVITY_WINDOWS,CERTIFIED,NOT_APPLICABLE,IDENTITY_SIDE,false,2.2
verification/v676_c1_mechanism.py,verification/v676_c1_mechanism.py,ledger:PRIME.C1MECH.01,CONTROL,WEIL_POSITIVITY_WINDOWS,KILLED,NO_BRIDGE,FINITE_FRAGMENT,false,1.52
verification/v951_cancellation_functional.py,verification/v951_cancellation_functional.py,ledger:PRIME.CANCELLATION.FUNCTIONAL.01,FORMALIZATION,WEIL_POSITIVITY_WINDOWS,PROVED,NOT_APPLICABLE,FINITE_FRAGMENT,false,2.75
verification/v546_capacity_chain_identities.py,verification/v546_capacity_chain_identities.py,ledger:PRIME.CAPCHAIN.IDENT.01,FOUNDATION,WEIL_POSITIVITY_WINDOWS,CERTIFIED,NOT_APPLICABLE,IDENTITY_SIDE,false,2.2
verification/v804_prime_carrier_gray.py,verification/v804_prime_carrier_gray.py,ledger:PRIME.CARRIER.GRAY.01,CONTROL,WEIL_POSITIVITY_WINDOWS,KILLED,NO_BRIDGE,FINITE_FRAGMENT,false,1.52
verification/v557_cascade_vector_identities.py,verification/v557_cascade_vector_identities.py,ledger:PRIME.CASCADE.VECT.01,CONTROL,WEIL_POSITIVITY_WINDOWS,KILLED,NO_BRIDGE,FINITE_FRAGMENT,false,1.52
verification/v902_wall_relocation_map.py,verification/v902_wall_relocation_map.py,ledger:PRIME.CASE.EDGE.CHRISTOFFEL.01,CONTROL,WEIL_POSITIVITY_WINDOWS,MEASURED,NOT_APPLICABLE,FINITE_FRAGMENT,false,1.14
verification/v939_cbj_frame_adjudication.py,verification/v939_cbj_frame_adjudication.py,ledger:PRIME.CBJ.CONFLUENT.FRAME.01,CONTROL,WEIL_POSITIVITY_WINDOWS,KILLED,WORLD_BLIND,FINITE_FRAGMENT,false,1.52
verification/v940_cbj_subdof_blockfloor.py,verification/v940_cbj_subdof_blockfloor.py,ledger:PRIME.CBJ.SUBDOF.BLOCKFLOOR.01,CONTROL,WEIL_POSITIVITY_WINDOWS,KILLED,WORLD_BLIND,FINITE_FRAGMENT,false,1.52
verification/v872_damping_compensation.py,verification/v872_damping_compensation.py,ledger:PRIME.CD.DAMPING.COMPENSATION.01,CONTROL,RHP_IIKS_TAU,MEASURED,NOT_APPLICABLE,FINITE_FRAGMENT,false,1.14
verification/v851_cluster_kernel_field.py,verification/v851_cluster_kernel_field.py,ledger:PRIME.CELLCONE.KERNELFIELD.01,FORMALIZATION,WEIL_POSITIVITY_WINDOWS,PROVED,NOT_APPLICABLE,FINITE_FRAGMENT,false,2.75
verification/v946_census_krein_pencil.py,verification/v946_census_krein_pencil.py,ledger:PRIME.CENSUS.SPECTRAL.LIFT.01,FORMALIZATION,LATTICE_E8_HECKE,PROVED,NOT_APPLICABLE,FINITE_FRAGMENT,false,2.75
verification/v758_simpler_certificate.py,verification/v758_simpler_certificate.py,ledger:PRIME.CERTROOT.01,FOUNDATION,TOEPLITZ_MOMENT_POSITIVITY,CERTIFIED,NOT_APPLICABLE,IDENTITY_SIDE,false,2.2
verification/v704_chain_mass_law.py,verification/v704_chain_mass_law.py,ledger:PRIME.CHAINMASS.01,CONTROL,WEIL_POSITIVITY_WINDOWS,MEASURED,NOT_APPLICABLE,FINITE_FRAGMENT,false,1.14
verification/v703_chain_tolerance_scaling.py,verification/v703_chain_tolerance_scaling.py,ledger:PRIME.CHAINTOL.01,CONTROL,WEIL_POSITIVITY_WINDOWS,KILLED,CIRCULAR,FINITE_FRAGMENT,false,1.52
verification/v742_channel_interference.py,verification/v742_channel_interference.py,ledger:PRIME.CHANNELINT.01,FOUNDATION,WEIL_POSITIVITY_WINDOWS,CERTIFIED,NOT_APPLICABLE,IDENTITY_SIDE,false,2.2
verification/v744_hecke_channel_columns.py,verification/v744_hecke_channel_columns.py,ledger:PRIME.CHANNELSOS.01,CONTROL,WEIL_POSITIVITY_WINDOWS,MEASURED,NOT_APPLICABLE,FINITE_FRAGMENT,false,1.14
verification/v576_cheb_loewner_edge.py,verification/v576_cheb_loewner_edge.py,ledger:PRIME.CHEBLOEWNER.01,FOUNDATION,WEIL_POSITIVITY_WINDOWS,CERTIFIED,NOT_APPLICABLE,IDENTITY_SIDE,false,2.2
verification/v588_closed_delta.py,verification/v588_closed_delta.py,ledger:PRIME.CLOSEDDELTA.01,FOUNDATION,WEIL_POSITIVITY_WINDOWS,CERTIFIED,NOT_APPLICABLE,IDENTITY_SIDE,false,2.2
verification/v949_commensurability_mechanism.py,verification/v949_commensurability_mechanism.py,ledger:PRIME.COMMENSURABILITY.MECHANISM.01,CONTROL,RHP_IIKS_TAU,KILLED,WORLD_BLIND,FINITE_FRAGMENT,false,1.52
verification/v836_commutant_sos_closure.py,verification/v836_commutant_sos_closure.py,ledger:PRIME.COMMUTANT.SOS.01,FORMALIZATION,RHP_IIKS_TAU,PROVED,NOT_APPLICABLE,FINITE_FRAGMENT,false,2.75
verification/v822_prime_vacuum_dilation.py,verification/v822_prime_vacuum_dilation.py,ledger:PRIME.CONTINUUM.UNSHORTEN.01,CONTROL,WEIL_POSITIVITY_WINDOWS,KILLED,LOSSY_CONSTANT,FINITE_FRAGMENT,false,1.52
verification/v869_cdcore_clarkphase.py,verification/v869_cdcore_clarkphase.py,ledger:PRIME.CONTRACTOR.CDCORE.01,CONTROL,WEIL_POSITIVITY_WINDOWS,KILLED,CIRCULAR,FINITE_FRAGMENT,false,1.52
verification/v870_christoffel_gauss_frame.py,verification/v870_christoffel_gauss_frame.py,ledger:PRIME.CONTRACTOR.CHRISTOFFEL.01,CONTROL,WEIL_POSITIVITY_WINDOWS,KILLED,LOSSY_CONSTANT,FINITE_FRAGMENT,false,1.52
verification/v835_corner_hjelmslev_tower.py,verification/v835_corner_hjelmslev_tower.py,ledger:PRIME.CORNER.CHARACTER.01,CONTROL,WEIL_POSITIVITY_WINDOWS,MEASURED,NOT_APPLICABLE,FINITE_FRAGMENT,false,1.14
verification/v838_corner_expectation_position.py,verification/v838_corner_expectation_position.py,ledger:PRIME.CORNER.EXPECTATION.01,CONTROL,WEIL_POSITIVITY_WINDOWS,KILLED,STRUCTURAL_MISMATCH,FINITE_FRAGMENT,false,1.52
verification/v837_corner_closure_quantifier.py,verification/v837_corner_closure_quantifier.py,ledger:PRIME.CORNER.OPENDOORS.01,FORMALIZATION,WEIL_POSITIVITY_WINDOWS,PROVED,NOT_APPLICABLE,FINITE_FRAGMENT,false,2.75
verification/v921_counting_dominance_closures.py,verification/v921_counting_dominance_closures.py,ledger:PRIME.COUNTING.DOMINANCE.CLOSURES.01,FORMALIZATION,SCREW_SUBORDINATION_LSTAR,PROVED,NOT_APPLICABLE,FINITE_FRAGMENT,false,2.75
verification/v794_cp_extension_gate.py,verification/v794_cp_extension_gate.py,ledger:PRIME.CP.EXTENSION.01,FORMALIZATION,WEIL_POSITIVITY_WINDOWS,PROVED,NOT_APPLICABLE,FINITE_FRAGMENT,false,2.75
verification/v801_prime_cp_intertwiner.py,verification/v801_prime_cp_intertwiner.py,ledger:PRIME.CP.INTERTWINER.01,CONTROL,WEIL_POSITIVITY_WINDOWS,KILLED,LOSSY_CONSTANT,FINITE_FRAGMENT,false,1.52
verification/v855_invariance_atlas.py,verification/v855_invariance_atlas.py,ledger:PRIME.CRITERIA.ATLAS.01,CONTROL,WEIL_POSITIVITY_WINDOWS,MEASURED,NOT_APPLICABLE,FINITE_FRAGMENT,false,1.14
verification/v593_cutoff_completion.py,verification/v593_cutoff_completion.py,ledger:PRIME.CUTOFF.01,FOUNDATION,WEIL_POSITIVITY_WINDOWS,CERTIFIED,NOT_APPLICABLE,IDENTITY_SIDE,false,2.2
verification/v938_dbn_heatflow_census.py,verification/v938_dbn_heatflow_census.py,ledger:PRIME.DBN.HEATFLOW.01,CONTROL,WEIL_POSITIVITY_WINDOWS,KILLED,WORLD_BLIND,FINITE_FRAGMENT,false,1.52
verification/v877_complete_comb_reversal.py,verification/v877_complete_comb_reversal.py,ledger:PRIME.DEEPALPHA.SIGN.01,FOUNDATION,WEIL_POSITIVITY_WINDOWS,MEASURED,NOT_APPLICABLE,FINITE_FRAGMENT,false,1.32
verification/v562_dense_limit_identities.py,verification/v562_dense_limit_identities.py,ledger:PRIME.DENSE.LIMIT.01,FOUNDATION,WEIL_POSITIVITY_WINDOWS,CERTIFIED,NOT_APPLICABLE,IDENTITY_SIDE,false,2.2
verification/v762_dense_weil_core.py,verification/v762_dense_weil_core.py,ledger:PRIME.DENSECORE.01,FORMALIZATION,WEIL_POSITIVITY_WINDOWS,PROVED,NOT_APPLICABLE,FINITE_FRAGMENT,false,2.75
verification/v582_density_dominance.py,verification/v582_density_dominance.py,ledger:PRIME.DENSITYDOM.01,CERTIFICATE,WEIL_POSITIVITY_WINDOWS,INCONCLUSIVE,UNCONVERGED,FINITE_FRAGMENT,false,1.12
verification/v928_depthblock_transfer_theorems.py,verification/v928_depthblock_transfer_theorems.py,ledger:PRIME.DEPTHBLOCK.TRANSFER.01,CONTROL,WEIL_POSITIVITY_WINDOWS,KILLED,STRUCTURAL_MISMATCH,FINITE_FRAGMENT,false,1.52
verification/v592_continuum_det_law.py,verification/v592_continuum_det_law.py,ledger:PRIME.DETLAW.01,FOUNDATION,WEIL_POSITIVITY_WINDOWS,CERTIFIED,NOT_APPLICABLE,IDENTITY_SIDE,false,2.2
verification/v918_doublelimit_reduction_theorem.py,verification/v918_doublelimit_reduction_theorem.py,ledger:PRIME.DOUBLELIMIT.REDUCTION.THEOREM.01,FORMALIZATION,WEIL_POSITIVITY_WINDOWS,PROVED,NOT_APPLICABLE,FINITE_FRAGMENT,false,2.75
verification/v925_edge_cleanup_closures.py,verification/v925_edge_cleanup_closures.py,ledger:PRIME.EDGE.CLEANUP.CLOSURES.01,CONTROL,LATTICE_E8_HECKE,KILLED,LOSSY_CONSTANT,FINITE_FRAGMENT,false,1.52
verification/v859_grade_no_go_elevator.py,verification/v859_grade_no_go_elevator.py,ledger:PRIME.EULER.SCHUR.SEMIGROUP.01,CONTROL,WEIL_POSITIVITY_WINDOWS,KILLED,STRUCTURAL_MISMATCH,FINITE_FRAGMENT,false,1.52
verification/v915_eulerpick_certified_floors.py,verification/v915_eulerpick_certified_floors.py,ledger:PRIME.EULERPICK.CERTIFIED.FLOORS.01,FOUNDATION,LATTICE_E8_HECKE,CERTIFIED,NOT_APPLICABLE,IDENTITY_SIDE,false,2.2
verification/v553_exact_form_identities.py,verification/v553_exact_form_identities.py,ledger:PRIME.EXACT.FORM.IDENT.01,CONTROL,WEIL_POSITIVITY_WINDOWS,KILLED,NO_BRIDGE,FINITE_FRAGMENT,false,1.52
verification/v826_prime_exclusion_battery2.py,verification/v826_prime_exclusion_battery2.py,ledger:PRIME.EXCLUSION.BATTERY2.01,ATTACK,WEIL_POSITIVITY_WINDOWS,OPEN,UNCONVERGED,LOAD_BEARING_OPEN,false,1.5698
verification/v825_prime_exclusion_ladder.py,verification/v825_prime_exclusion_ladder.py,ledger:PRIME.EXCLUSION.LADDER.01,ATTACK,WEIL_POSITIVITY_WINDOWS,OPEN,UNCONVERGED,LOAD_BEARING_OPEN,false,1.5698
verification/v827_prime_zero_locator.py,verification/v827_prime_zero_locator.py,ledger:PRIME.EXCLUSION.LOCATOR.01,FORMALIZATION,WEIL_POSITIVITY_WINDOWS,OPEN,NOT_APPLICABLE,FINITE_FRAGMENT,false,1.3125
verification/v828_prime_comb_window.py,verification/v828_prime_comb_window.py,ledger:PRIME.EXCLUSION.WINDOW.01,ATTACK,WEIL_POSITIVITY_WINDOWS,OPEN,UNCONVERGED,LOAD_BEARING_OPEN,false,1.5698
verification/v848_extraction_chain.py,verification/v848_extraction_chain.py,ledger:PRIME.EXTRACTION.CHAIN.01,CONTROL,WEIL_POSITIVITY_WINDOWS,KILLED,LOSSY_CONSTANT,FINITE_FRAGMENT,false,1.52
verification/v669_fejer_density.py,verification/v669_fejer_density.py,ledger:PRIME.FEJERDENS.01,FOUNDATION,WEIL_POSITIVITY_WINDOWS,CERTIFIED,NOT_APPLICABLE,IDENTITY_SIDE,false,2.2
verification/v953_fewatom_reduction.py,verification/v953_fewatom_reduction.py,ledger:PRIME.FEWATOM.REDUCTION.01,FORMALIZATION,WEIL_POSITIVITY_WINDOWS,PROVED,NOT_APPLICABLE,FINITE_FRAGMENT,false,2.75
verification/v637_fine_c1_bridge.py,verification/v637_fine_c1_bridge.py,ledger:PRIME.FINEC1.01,CONTROL,WEIL_POSITIVITY_WINDOWS,MEASURED,NOT_APPLICABLE,FINITE_FRAGMENT,false,1.14
verification/v711_chain_firstbirth_scaling.py,verification/v711_chain_firstbirth_scaling.py,ledger:PRIME.FIRSTBIRTH.01,CONTROL,WEIL_POSITIVITY_WINDOWS,MEASURED,NOT_APPLICABLE,FINITE_FRAGMENT,false,1.14
verification/v619_flip_mechanics.py,verification/v619_flip_mechanics.py,ledger:PRIME.FLIPMECH.01,FOUNDATION,WEIL_POSITIVITY_WINDOWS,CERTIFIED,NOT_APPLICABLE,IDENTITY_SIDE,false,2.2
verification/v839_paircorr_bridge_saturation.py,verification/v839_paircorr_bridge_saturation.py,ledger:PRIME.FLOOR.BRIDGEMAP.01,CONTROL,WEIL_POSITIVITY_WINDOWS,MEASURED,NOT_APPLICABLE,FINITE_FRAGMENT,false,1.14
verification/v840_gue_ablation_loopgain.py,verification/v840_gue_ablation_loopgain.py,ledger:PRIME.FLOOR.GUEABLATION.01,CONTROL,WEIL_POSITIVITY_WINDOWS,MEASURED,NOT_APPLICABLE,FINITE_FRAGMENT,false,1.14
verification/v823_prime_lagrange_floor.py,verification/v823_prime_lagrange_floor.py,ledger:PRIME.FLOOR.RATIO.01,CONTROL,WEIL_POSITIVITY_WINDOWS,KILLED,CIRCULAR,FINITE_FRAGMENT,false,1.52
verification/v824_prime_floor_skeleton.py,verification/v824_prime_floor_skeleton.py,ledger:PRIME.FLOOR.RATIO.01,CONTROL,WEIL_POSITIVITY_WINDOWS,KILLED,CIRCULAR,FINITE_FRAGMENT,false,1.52
verification/v829_prime_floor_depth.py,verification/v829_prime_floor_depth.py,ledger:PRIME.FLOOR.RATIO.01,CONTROL,WEIL_POSITIVITY_WINDOWS,KILLED,CIRCULAR,FINITE_FRAGMENT,false,1.52
verification/v830_prime_float_budget.py,verification/v830_prime_float_budget.py,ledger:PRIME.FLOOR.RATIO.01,CONTROL,WEIL_POSITIVITY_WINDOWS,KILLED,CIRCULAR,FINITE_FRAGMENT,false,1.52
verification/v831_prime_alias_second_moment.py,verification/v831_prime_alias_second_moment.py,ledger:PRIME.FLOOR.RATIO.01,CONTROL,WEIL_POSITIVITY_WINDOWS,KILLED,CIRCULAR,FINITE_FRAGMENT,false,1.52
verification/v843_margin_law_excess_lean.py,verification/v843_margin_law_excess_lean.py,ledger:PRIME.FLOOR.RATIO.01,CONTROL,WEIL_POSITIVITY_WINDOWS,KILLED,CIRCULAR,FINITE_FRAGMENT,false,1.52
verification/v912_form_convergence_theorem.py,verification/v912_form_convergence_theorem.py,ledger:PRIME.FORM.CONVERGENCE.THEOREM.01,CONTROL,WEIL_POSITIVITY_WINDOWS,KILLED,STRUCTURAL_MISMATCH,FINITE_FRAGMENT,false,1.52
verification/v560_frame_deficit_identities.py,verification/v560_frame_deficit_identities.py,ledger:PRIME.FRAME.DEFICIT.01,FOUNDATION,WEIL_POSITIVITY_WINDOWS,CERTIFIED,NOT_APPLICABLE,IDENTITY_SIDE,false,2.2
verification/v926_fullgap_growthlaw_theorems.py,verification/v926_fullgap_growthlaw_theorems.py,ledger:PRIME.FULLGAP.GROWTHLAW.THEOREMS.01,CONTROL,WEIL_POSITIVITY_WINDOWS,KILLED,NO_BRIDGE,FINITE_FRAGMENT,false,1.52
verification/v731_strat2_gap_universality.py,verification/v731_strat2_gap_universality.py,ledger:PRIME.GAPUNIV.01,CONTROL,WEIL_POSITIVITY_WINDOWS,KILLED,NO_BRIDGE,FINITE_FRAGMENT,false,1.52
verification/v662_garding_edgeband.py,verification/v662_garding_edgeband.py,ledger:PRIME.GARDEDGE.01,CONTROL,EXPLICIT_FORMULA_IDENTITY,KILLED,NO_BRIDGE,FINITE_FRAGMENT,false,1.52
verification/v663_garding_envelope.py,verification/v663_garding_envelope.py,ledger:PRIME.GARDENV.01,FOUNDATION,WEIL_POSITIVITY_WINDOWS,CERTIFIED,NOT_APPLICABLE,IDENTITY_SIDE,false,2.2
verification/v661_garding.py,verification/v661_garding.py,ledger:PRIME.GARDING.01,CERTIFICATE,WEIL_POSITIVITY_WINDOWS,INCONCLUSIVE,UNCONVERGED,FINITE_FRAGMENT,false,1.12
verification/v733_strat3_gate0_census.py,verification/v733_strat3_gate0_census.py,ledger:PRIME.GATE0.01,CONTROL,LATTICE_E8_HECKE,KILLED,NO_BRIDGE,FINITE_FRAGMENT,false,1.52
verification/v549_gauge_parity_identities.py,verification/v549_gauge_parity_identities.py,ledger:PRIME.GAUGE.PARITY.IDENT.01,CONTROL,WEIL_POSITIVITY_WINDOWS,KILLED,STRUCTURAL_MISMATCH,FINITE_FRAGMENT,false,1.52
verification/v556_gauge_ppr_identities.py,verification/v556_gauge_ppr_identities.py,ledger:PRIME.GAUGE.PPR.01,CONTROL,WEIL_POSITIVITY_WINDOWS,KILLED,LOSSY_CONSTANT,FINITE_FRAGMENT,false,1.52
verification/v686_geometric_sos.py,verification/v686_geometric_sos.py,ledger:PRIME.GEOMSOS.01,CONTROL,WEIL_POSITIVITY_WINDOWS,KILLED,NO_BRIDGE,FINITE_FRAGMENT,false,1.52
verification/v750_simpler_gluing.py,verification/v750_simpler_gluing.py,ledger:PRIME.GLUEDETECT.01,FOUNDATION,WEIL_POSITIVITY_WINDOWS,CERTIFIED,NOT_APPLICABLE,IDENTITY_SIDE,false,2.2
verification/v934_gonek_pricing_unconditional.py,verification/v934_gonek_pricing_unconditional.py,ledger:PRIME.GONEK.PRICING.01,FORMALIZATION,WEIL_POSITIVITY_WINDOWS,PROVED,NOT_APPLICABLE,FINITE_FRAGMENT,false,2.75
verification/v548_green_szego_identities.py,verification/v548_green_szego_identities.py,ledger:PRIME.GREEN.SZEGO.IDENT.01,CONTROL,WEIL_POSITIVITY_WINDOWS,KILLED,LOSSY_CONSTANT,FINITE_FRAGMENT,false,1.52
verification/v944_ground_residue_observability.py,verification/v944_ground_residue_observability.py,ledger:PRIME.GROUND.RESIDUE.OBS.01,FORMALIZATION,WEIL_POSITIVITY_WINDOWS,PROVED,NOT_APPLICABLE,FINITE_FRAGMENT,false,2.75
verification/v668_ground_truth.py,verification/v668_ground_truth.py,ledger:PRIME.GROUNDTRUTH.01,FOUNDATION,WEIL_POSITIVITY_WINDOWS,CERTIFIED,NOT_APPLICABLE,IDENTITY_SIDE,false,2.2
verification/v933_h3_cofinal_adjudication.py,verification/v933_h3_cofinal_adjudication.py,ledger:PRIME.H3.COFINAL.01,CONTROL,WEIL_POSITIVITY_WINDOWS,KILLED,WORLD_BLIND,FINITE_FRAGMENT,false,1.52
verification/v766_handoff_bulk.py,verification/v766_handoff_bulk.py,ledger:PRIME.HANDOFFBULK.01,FOUNDATION,OPERATOR_SPECTRAL,CERTIFIED,NOT_APPLICABLE,IDENTITY_SIDE,false,2.2
verification/v767_handoff_frequency_gram.py,verification/v767_handoff_frequency_gram.py,ledger:PRIME.HANDOFFGRAM.01,FOUNDATION,WEIL_POSITIVITY_WINDOWS,CERTIFIED,NOT_APPLICABLE,IDENTITY_SIDE,false,2.2
verification/v765_handoff_redteam.py,verification/v765_handoff_redteam.py,ledger:PRIME.HANDOFFREDTEAM.01,FORMALIZATION,WEIL_POSITIVITY_WINDOWS,PROVED,NOT_APPLICABLE,FINITE_FRAGMENT,false,2.75
verification/v759_handoff_fixed_window_resolution.py,verification/v759_handoff_fixed_window_resolution.py,ledger:PRIME.HANDOFFRES.01,FOUNDATION,WEIL_POSITIVITY_WINDOWS,CERTIFIED,NOT_APPLICABLE,IDENTITY_SIDE,false,2.2
verification/v768_handoff_tail_weil.py,verification/v768_handoff_tail_weil.py,ledger:PRIME.HANDOFFTAIL.01,FOUNDATION,WEIL_POSITIVITY_WINDOWS,CERTIFIED,NOT_APPLICABLE,IDENTITY_SIDE,false,2.2
verification/v545_hardy_core_identities.py,verification/v545_hardy_core_identities.py,ledger:PRIME.HARDY.IDENT.01,CONTROL,WEIL_POSITIVITY_WINDOWS,KILLED,NO_BRIDGE,FINITE_FRAGMENT,false,1.52
verification/v738_hecke_mod_ramified.py,verification/v738_hecke_mod_ramified.py,ledger:PRIME.HECKEMODRAM.01,CONTROL,LATTICE_E8_HECKE,KILLED,LOSSY_CONSTANT,FINITE_FRAGMENT,false,1.52
verification/v753_ramified_polarity.py,verification/v753_ramified_polarity.py,ledger:PRIME.HECKEPOLARITY.01,FOUNDATION,LATTICE_E8_HECKE,CERTIFIED,NOT_APPLICABLE,IDENTITY_SIDE,false,2.2
verification/v691_hecke_sos.py,verification/v691_hecke_sos.py,ledger:PRIME.HECKESOS.01,CONTROL,WEIL_POSITIVITY_WINDOWS,KILLED,LOSSY_CONSTANT,FINITE_FRAGMENT,false,1.52
verification/v754_ramodd_twostep.py,verification/v754_ramodd_twostep.py,ledger:PRIME.HECKETWOSTEP.01,FOUNDATION,LATTICE_E8_HECKE,CERTIFIED,NOT_APPLICABLE,IDENTITY_SIDE,false,2.2
verification/v627_hodge_chamber.py,verification/v627_hodge_chamber.py,ledger:PRIME.HODGECONE.01,FOUNDATION,WEIL_POSITIVITY_WINDOWS,CERTIFIED,NOT_APPLICABLE,IDENTITY_SIDE,false,2.2
verification/v681_coverage_hole.py,verification/v681_coverage_hole.py,ledger:PRIME.HOLECLOSED.01,FORMALIZATION,WEIL_POSITIVITY_WINDOWS,PROVED,NOT_APPLICABLE,FINITE_FRAGMENT,false,2.75
verification/v688_interpolation_detector.py,verification/v688_interpolation_detector.py,ledger:PRIME.INTERP.01,FOUNDATION,SELBERG_TRACE_CONTACT,CERTIFIED,NOT_APPLICABLE,IDENTITY_SIDE,false,2.2
verification/v694_interpolation_lemma_closure.py,verification/v694_interpolation_lemma_closure.py,ledger:PRIME.INTERPCLOSURE.01,FOUNDATION,WEIL_POSITIVITY_WINDOWS,CERTIFIED,NOT_APPLICABLE,IDENTITY_SIDE,false,2.2
verification/v871_pole_uvarov_crossdefect.py,verification/v871_pole_uvarov_crossdefect.py,ledger:PRIME.JACOBI.POLE.UVAROV.01,CONTROL,WEIL_POSITIVITY_WINDOWS,KILLED,NO_BRIDGE,FINITE_FRAGMENT,false,1.52
verification/v931_jetmass_floor_theorems.py,verification/v931_jetmass_floor_theorems.py,ledger:PRIME.JETMASS.FLOOR.01,CONTROL,WEIL_POSITIVITY_WINDOWS,KILLED,LOSSY_CONSTANT,FINITE_FRAGMENT,false,1.52
verification/v728_k1b_superresolution.py,verification/v728_k1b_superresolution.py,ledger:PRIME.K1BPIN.01,CONTROL,WEIL_POSITIVITY_WINDOWS,MEASURED,NOT_APPLICABLE,FINITE_FRAGMENT,false,1.14
verification/v721_k1_node_capture.py,verification/v721_k1_node_capture.py,ledger:PRIME.K1CAPTURE.01,FORMALIZATION,WEIL_POSITIVITY_WINDOWS,PROVED,NOT_APPLICABLE,FINITE_FRAGMENT,false,2.75
verification/v665_keiper_li.py,verification/v665_keiper_li.py,ledger:PRIME.KEIPERLI.01,FOUNDATION,WEIL_POSITIVITY_WINDOWS,CERTIFIED,NOT_APPLICABLE,IDENTITY_SIDE,false,2.2
verification/v687_extremal_kernel.py,verification/v687_extremal_kernel.py,ledger:PRIME.KERNELCLASS.01,FOUNDATION,LATTICE_E8_HECKE,CERTIFIED,NOT_APPLICABLE,IDENTITY_SIDE,false,2.2
verification/v701_big_picture_hunt.py,verification/v701_big_picture_hunt.py,ledger:PRIME.KEYSTONE.01,CONTROL,WEIL_POSITIVITY_WINDOWS,KILLED,NO_BRIDGE,FINITE_FRAGMENT,false,1.52
verification/v740_kms_extension_switch.py,verification/v740_kms_extension_switch.py,ledger:PRIME.KMSEXT.01,CONTROL,WEIL_POSITIVITY_WINDOWS,KILLED,NO_BRIDGE,FINITE_FRAGMENT,false,1.52
verification/v756_kms_incidence_stinespring.py,verification/v756_kms_incidence_stinespring.py,ledger:PRIME.KMSSTINESPRING.01,FOUNDATION,WEIL_POSITIVITY_WINDOWS,CERTIFIED,NOT_APPLICABLE,IDENTITY_SIDE,false,2.2
verification/v741_kms_toeplitz_semigroup.py,verification/v741_kms_toeplitz_semigroup.py,ledger:PRIME.KMSTOEPLITZ.01,CONTROL,WEIL_POSITIVITY_WINDOWS,KILLED,NO_BRIDGE,FINITE_FRAGMENT,false,1.52
verification/v811_prime_kraus_doily.py,verification/v811_prime_kraus_doily.py,ledger:PRIME.KRAUS.DOILY.01,FOUNDATION,WEIL_POSITIVITY_WINDOWS,CERTIFIED,NOT_APPLICABLE,IDENTITY_SIDE,false,2.2
verification/v820_prime_kraus_rm24.py,verification/v820_prime_kraus_rm24.py,ledger:PRIME.KRAUS.RM24.01,CONTROL,LATTICE_E8_HECKE,KILLED,STRUCTURAL_MISMATCH,FINITE_FRAGMENT,false,1.52
verification/v862_defect_polar_weld.py,verification/v862_defect_polar_weld.py,ledger:PRIME.KREIN.DEFECT_ONE.01,FORMALIZATION,RHP_IIKS_TAU,PROVED,NOT_APPLICABLE,FINITE_FRAGMENT,false,2.75
verification/v948_krein_sign_characteristic.py,verification/v948_krein_sign_characteristic.py,ledger:PRIME.KREIN.DEFINITIZER.01,CONTROL,RHP_IIKS_TAU,KILLED,WORLD_BLIND,FINITE_FRAGMENT,false,1.52
verification/v861_krein_normalform_lean.py,verification/v861_krein_normalform_lean.py,ledger:PRIME.KREIN.NORMALFORM.01,CONTROL,WEIL_POSITIVITY_WINDOWS,KILLED,CIRCULAR,FINITE_FRAGMENT,false,1.52
verification/v727_l1_identification.py,verification/v727_l1_identification.py,ledger:PRIME.L1IDENT.01,FOUNDATION,WEIL_POSITIVITY_WINDOWS,CERTIFIED,NOT_APPLICABLE,IDENTITY_SIDE,false,2.2
verification/v713_l1_montage.py,verification/v713_l1_montage.py,ledger:PRIME.L1MONTAGE.01,FOUNDATION,EXPLICIT_FORMULA_IDENTITY,CERTIFIED,NOT_APPLICABLE,IDENTITY_SIDE,false,2.2
verification/v937_l1wpd_closure_reduction.py,verification/v937_l1wpd_closure_reduction.py,ledger:PRIME.L1WPD.CLOSURE.01,FORMALIZATION,LATTICE_E8_HECKE,PROVED,NOT_APPLICABLE,FINITE_FRAGMENT,false,2.75
verification/v671_lehmer_resonance.py,verification/v671_lehmer_resonance.py,ledger:PRIME.LEHMERNULL.01,FORMALIZATION,WEIL_POSITIVITY_WINDOWS,PROVED,NOT_APPLICABLE,FINITE_FRAGMENT,false,2.75
verification/v547_level_lemma_identities.py,verification/v547_level_lemma_identities.py,ledger:PRIME.LEVEL.LEMMA.01,CONTROL,WEIL_POSITIVITY_WINDOWS,KILLED,LOSSY_CONSTANT,FINITE_FRAGMENT,false,1.52
verification/v672_li_corollary.py,verification/v672_li_corollary.py,ledger:PRIME.LICOROLLARY.01,FOUNDATION,WEIL_POSITIVITY_WINDOWS,CERTIFIED,NOT_APPLICABLE,IDENTITY_SIDE,false,2.2
verification/v673_li_e4.py,verification/v673_li_e4.py,ledger:PRIME.LIE4.01,CONTROL,LATTICE_E8_HECKE,KILLED,NO_BRIDGE,FINITE_FRAGMENT,false,1.52
verification/v682_lk_split_theta.py,verification/v682_lk_split_theta.py,ledger:PRIME.LKSPLIT.01,FOUNDATION,WEIL_POSITIVITY_WINDOWS,CERTIFIED,NOT_APPLICABLE,IDENTITY_SIDE,false,2.2
verification/v586_pnt_lock_direction.py,verification/v586_pnt_lock_direction.py,ledger:PRIME.LOCKDIR.01,CERTIFICATE,WEIL_POSITIVITY_WINDOWS,INCONCLUSIVE,UNCONVERGED,FINITE_FRAGMENT,false,1.12
verification/v596_lock_projection.py,verification/v596_lock_projection.py,ledger:PRIME.LOCKPROJ.01,CONTROL,WEIL_POSITIVITY_WINDOWS,KILLED,NO_BRIDGE,FINITE_FRAGMENT,false,1.52
verification/v585_pnt_locking_split.py,verification/v585_pnt_locking_split.py,ledger:PRIME.LOCKSPLIT.01,CERTIFICATE,WEIL_POSITIVITY_WINDOWS,INCONCLUSIVE,UNCONVERGED,FINITE_FRAGMENT,false,1.12
verification/v947_loewner_pick_dictionary.py,verification/v947_loewner_pick_dictionary.py,ledger:PRIME.LOEWNER.PICK.01,CONTROL,WEIL_POSITIVITY_WINDOWS,KILLED,WORLD_BLIND,FINITE_FRAGMENT,false,1.52
verification/v544_long_lag_support.py,verification/v544_long_lag_support.py,ledger:PRIME.LONGLAG.SUPP.01,CONTROL,WEIL_POSITIVITY_WINDOWS,KILLED,LOSSY_CONSTANT,FINITE_FRAGMENT,false,1.52
verification/v920_loop_equivalence_theorems.py,verification/v920_loop_equivalence_theorems.py,ledger:PRIME.LOOP.EQUIVALENCE.THEOREMS.01,FORMALIZATION,WEIL_POSITIVITY_WINDOWS,PROVED,NOT_APPLICABLE,FINITE_FRAGMENT,false,2.75
verification/v807_lorentz_nullselector.py,verification/v807_lorentz_nullselector.py,ledger:PRIME.LORENTZ.SPINOR.01,FOUNDATION,WEIL_POSITIVITY_WINDOWS,CERTIFIED,NOT_APPLICABLE,IDENTITY_SIDE,false,2.2
verification/v579_macro_kernel_signs.py,verification/v579_macro_kernel_signs.py,ledger:PRIME.MACROKERNEL.01,FOUNDATION,WEIL_POSITIVITY_WINDOWS,CERTIFIED,NOT_APPLICABLE,IDENTITY_SIDE,false,2.2
verification/v943_mangoldt_ablation_localization.py,verification/v943_mangoldt_ablation_localization.py,ledger:PRIME.MANGOLDT.ABLATION.01,CONTROL,EXPLICIT_FORMULA_IDENTITY,KILLED,WORLD_BLIND,FINITE_FRAGMENT,false,1.52
verification/v936_manifold_invariance_exclusion.py,verification/v936_manifold_invariance_exclusion.py,ledger:PRIME.MANIFOLD.INVARIANCE.01,CONTROL,WEIL_POSITIVITY_WINDOWS,KILLED,WORLD_BLIND,FINITE_FRAGMENT,false,1.52
verification/v595_mapping_completion.py,verification/v595_mapping_completion.py,ledger:PRIME.MAPCLOSE.01,FORMALIZATION,WEIL_POSITIVITY_WINDOWS,PROVED,NOT_APPLICABLE,FINITE_FRAGMENT,false,2.75
verification/v542_margin_chain_identities.py,verification/v542_margin_chain_identities.py,ledger:PRIME.MARGIN.IDENT.01,FOUNDATION,WEIL_POSITIVITY_WINDOWS,CERTIFIED,NOT_APPLICABLE,IDENTITY_SIDE,false,2.2
verification/v656_margin_link.py,verification/v656_margin_link.py,ledger:PRIME.MARGINLINK.01,CONTROL,WEIL_POSITIVITY_WINDOWS,KILLED,LOSSY_CONSTANT,FINITE_FRAGMENT,false,1.52
verification/v543_lumped_pair_identities.py,verification/v543_lumped_pair_identities.py,ledger:PRIME.MMATRIX.IDENT.01,CONTROL,WEIL_POSITIVITY_WINDOWS,KILLED,CIRCULAR,FINITE_FRAGMENT,false,1.52
verification/v924_moment_laurent_rootladder.py,verification/v924_moment_laurent_rootladder.py,ledger:PRIME.MOMENT.LAURENT.ROOTLADDER.01,CONTROL,WEIL_POSITIVITY_WINDOWS,KILLED,WORLD_BLIND,FINITE_FRAGMENT,false,1.52
verification/v714_moonshot_hecke_groupoid.py,verification/v714_moonshot_hecke_groupoid.py,ledger:PRIME.MOONSHOT.01,FOUNDATION,WEIL_POSITIVITY_WINDOWS,CERTIFIED,NOT_APPLICABLE,IDENTITY_SIDE,false,2.2
verification/v716_moonshot_arch_glue.py,verification/v716_moonshot_arch_glue.py,ledger:PRIME.MOONSHOT.02,CONTROL,WEIL_POSITIVITY_WINDOWS,KILLED,NO_BRIDGE,FINITE_FRAGMENT,false,1.52
verification/v717_moonshot_state.py,verification/v717_moonshot_state.py,ledger:PRIME.MOONSHOT.03,FOUNDATION,WEIL_POSITIVITY_WINDOWS,CERTIFIED,NOT_APPLICABLE,IDENTITY_SIDE,false,2.2
verification/v718_moonshot_spectral.py,verification/v718_moonshot_spectral.py,ledger:PRIME.MOONSHOT.04,CONTROL,WEIL_POSITIVITY_WINDOWS,MEASURED,NOT_APPLICABLE,FINITE_FRAGMENT,false,1.14
verification/v719_moonshot_traceformula.py,verification/v719_moonshot_traceformula.py,ledger:PRIME.MOONSHOT.05,FORMALIZATION,WEIL_POSITIVITY_WINDOWS,PROVED,NOT_APPLICABLE,FINITE_FRAGMENT,false,2.75
verification/v720_moonshot_k2k3.py,verification/v720_moonshot_k2k3.py,ledger:PRIME.MOONSHOT.06,FORMALIZATION,WEIL_POSITIVITY_WINDOWS,PROVED,NOT_APPLICABLE,FINITE_FRAGMENT,false,2.75
verification/v816_prime_mosco_selection.py,verification/v816_prime_mosco_selection.py,ledger:PRIME.MOSCO.SELECTION.01,CONTROL,TOEPLITZ_MOMENT_POSITIVITY,KILLED,LOSSY_CONSTANT,FINITE_FRAGMENT,false,1.52
verification/v675_needle_mechanism.py,verification/v675_needle_mechanism.py,ledger:PRIME.NEEDLEMECH.01,CONTROL,WEIL_POSITIVITY_WINDOWS,KILLED,LOSSY_CONSTANT,FINITE_FRAGMENT,false,1.52
verification/v954_nodeless_pf.py,verification/v954_nodeless_pf.py,ledger:PRIME.NODELESS.PF.01,CONTROL,DYNAMICS_CLOCKS_PF,KILLED,WORLD_BLIND,FINITE_FRAGMENT,false,1.52
verification/v913_signed_alignment_localization.py,verification/v913_signed_alignment_localization.py,ledger:PRIME.NOGO.SIGNED.ONLY.01,CONTROL,WEIL_POSITIVITY_WINDOWS,KILLED,WORLD_BLIND,FINITE_FRAGMENT,false,1.52
verification/v577_nullray_census.py,verification/v577_nullray_census.py,ledger:PRIME.NULLRAY.01,CONTROL,WEIL_POSITIVITY_WINDOWS,KILLED,NO_BRIDGE,FINITE_FRAGMENT,false,1.52
verification/v580_occupation_map.py,verification/v580_occupation_map.py,ledger:PRIME.OCCUPATION.01,CONTROL,WEIL_POSITIVITY_WINDOWS,MEASURED,NOT_APPLICABLE,FINITE_FRAGMENT,false,1.14
verification/v550_odd_sector_identities.py,verification/v550_odd_sector_identities.py,ledger:PRIME.ODD.SECTOR.IDENT.01,CONTROL,WEIL_POSITIVITY_WINDOWS,KILLED,WORLD_BLIND,FINITE_FRAGMENT,false,1.52
verification/v819_prime_packet_rm14.py,verification/v819_prime_packet_rm14.py,ledger:PRIME.PACKET.RM14.01,FORMALIZATION,LATTICE_E8_HECKE,PROVED,NOT_APPLICABLE,FINITE_FRAGMENT,false,2.75
verification/v786_prime_packet480.py,verification/v786_prime_packet480.py,ledger:PRIME.PACKET480.01,CONTROL,LATTICE_E8_HECKE,KILLED,NO_BRIDGE,FINITE_FRAGMENT,false,1.52
verification/v674_packet_garding.py,verification/v674_packet_garding.py,ledger:PRIME.PACKETGARD.01,FOUNDATION,WEIL_POSITIVITY_WINDOWS,CERTIFIED,NOT_APPLICABLE,IDENTITY_SIDE,false,2.2
verification/v573_pair_band_structure.py,verification/v573_pair_band_structure.py,ledger:PRIME.PAIRBAND.01,CONTROL,WEIL_POSITIVITY_WINDOWS,MEASURED,NOT_APPLICABLE,FINITE_FRAGMENT,false,1.14
verification/v555_pareto_tv_identities.py,verification/v555_pareto_tv_identities.py,ledger:PRIME.PARETO.TV.01,CONTROL,WEIL_POSITIVITY_WINDOWS,KILLED,LOSSY_CONSTANT,FINITE_FRAGMENT,false,1.52
verification/v879_envelope_partition_closure.py,verification/v879_envelope_partition_closure.py,ledger:PRIME.PARTITION.CLOSURE.01,CONTROL,WEIL_POSITIVITY_WINDOWS,KILLED,STRUCTURAL_MISMATCH,FINITE_FRAGMENT,false,1.52
verification/v914_pascal_region_theorem.py,verification/v914_pascal_region_theorem.py,ledger:PRIME.PASCAL.REGION.THEOREM.01,FORMALIZATION,SCREW_SUBORDINATION_LSTAR,PROVED,NOT_APPLICABLE,FINITE_FRAGMENT,false,2.75
verification/v635_p_canonicity.py,verification/v635_p_canonicity.py,ledger:PRIME.PCANON.01,FOUNDATION,WEIL_POSITIVITY_WINDOWS,CERTIFIED,NOT_APPLICABLE,IDENTITY_SIDE,false,2.2
verification/v636_p_construction.py,verification/v636_p_construction.py,ledger:PRIME.PCONSTRUCT.01,FOUNDATION,EXPLICIT_FORMULA_IDENTITY,CERTIFIED,NOT_APPLICABLE,IDENTITY_SIDE,false,2.2
verification/v569_lambda_pencil_onemode.py,verification/v569_lambda_pencil_onemode.py,ledger:PRIME.PENCIL.ONEMODE.01,CONTROL,WEIL_POSITIVITY_WINDOWS,MEASURED,NOT_APPLICABLE,FINITE_FRAGMENT,false,1.14
verification/v570_separation_floor.py,verification/v570_separation_floor.py,ledger:PRIME.PENCIL.SEPFLOOR.01,CONTROL,WEIL_POSITIVITY_WINDOWS,KILLED,LOSSY_CONSTANT,FINITE_FRAGMENT,false,1.52
verification/v860_phase_lever_closure.py,verification/v860_phase_lever_closure.py,ledger:PRIME.PHASE.LEVER.01,CONTROL,WEIL_POSITIVITY_WINDOWS,KILLED,LOSSY_CONSTANT,FINITE_FRAGMENT,false,1.52
verification/v876_carleson_polygon_wave.py,verification/v876_carleson_polygon_wave.py,ledger:PRIME.PHASE.POLYGON.01,CONTROL,WEIL_POSITIVITY_WINDOWS,KILLED,LOSSY_CONSTANT,FINITE_FRAGMENT,false,1.52
verification/v559_phase2_capstone.py,verification/v559_phase2_capstone.py,ledger:PRIME.PHASE2.CAPSTONE.01,CONTROL,WEIL_POSITIVITY_WINDOWS,KILLED,NO_BRIDGE,FINITE_FRAGMENT,false,1.52
verification/v680_pinch_attack.py,verification/v680_pinch_attack.py,ledger:PRIME.PINCHBREAK.01,FOUNDATION,WEIL_POSITIVITY_WINDOWS,CERTIFIED,NOT_APPLICABLE,IDENTITY_SIDE,false,2.2
verification/v730_strat2_pinning_lemma.py,verification/v730_strat2_pinning_lemma.py,ledger:PRIME.PINLEMMA.01,FOUNDATION,WEIL_POSITIVITY_WINDOWS,CERTIFIED,NOT_APPLICABLE,IDENTITY_SIDE,false,2.2
verification/v583_pnt_model.py,verification/v583_pnt_model.py,ledger:PRIME.PNTMODEL.01,CERTIFICATE,WEIL_POSITIVITY_WINDOWS,INCONCLUSIVE,UNCONVERGED,FINITE_FRAGMENT,false,1.12
verification/v591_pole_rank_one.py,verification/v591_pole_rank_one.py,ledger:PRIME.POLERANKONE.01,FORMALIZATION,WEIL_POSITIVITY_WINDOWS,PROVED,NOT_APPLICABLE,FINITE_FRAGMENT,false,2.75
verification/v897_certified_interval_ladder.py,verification/v897_certified_interval_ladder.py,ledger:PRIME.PORT.BALLLADDER.01,FORMALIZATION,WEIL_POSITIVITY_WINDOWS,PROVED,NOT_APPLICABLE,FINITE_FRAGMENT,false,2.75
verification/v905_bfloor_ideal_certificate.py,verification/v905_bfloor_ideal_certificate.py,ledger:PRIME.PORT.BFLOOR.PG.01,CONTROL,RHP_IIKS_TAU,MEASURED,NOT_APPLICABLE,FINITE_FRAGMENT,false,1.14
verification/v884_certified_head_positivity.py,verification/v884_certified_head_positivity.py,ledger:PRIME.PORT.CERTIFIED.HEAD.01,FOUNDATION,WEIL_POSITIVITY_WINDOWS,MEASURED,NOT_APPLICABLE,FINITE_FRAGMENT,false,1.32
verification/v887_certified_ladder_complete.py,verification/v887_certified_ladder_complete.py,ledger:PRIME.PORT.CERTIFIED.LADDER.01,FORMALIZATION,WEIL_POSITIVITY_WINDOWS,PROVED,NOT_APPLICABLE,FINITE_FRAGMENT,false,2.75
verification/v899_christoffel_normsquare.py,verification/v899_christoffel_normsquare.py,ledger:PRIME.PORT.CHRISTOFFEL.RATIO.01,CONTROL,RHP_IIKS_TAU,MEASURED,NOT_APPLICABLE,FINITE_FRAGMENT,false,1.14
verification/v889_route_decisions.py,verification/v889_route_decisions.py,ledger:PRIME.PORT.DIAGSEP.01,CONTROL,WEIL_POSITIVITY_WINDOWS,KILLED,LOSSY_CONSTANT,FINITE_FRAGMENT,false,1.52
verification/v893_relative_margins.py,verification/v893_relative_margins.py,ledger:PRIME.PORT.ETASOURCE.01,CONTROL,RHP_IIKS_TAU,MEASURED,NOT_APPLICABLE,FINITE_FRAGMENT,false,1.14
verification/v895_collective_comb.py,verification/v895_collective_comb.py,ledger:PRIME.PORT.FACTORAVOID.01,FORMALIZATION,WEIL_POSITIVITY_WINDOWS,PROVED,NOT_APPLICABLE,FINITE_FRAGMENT,false,2.75
verification/v907_halfgap_registered_target.py,verification/v907_halfgap_registered_target.py,ledger:PRIME.PORT.HALFGAP.01,CONTROL,EXPLICIT_FORMULA_IDENTITY,MEASURED,NOT_APPLICABLE,FINITE_FRAGMENT,false,1.14
verification/v890_total_positivity_flow.py,verification/v890_total_positivity_flow.py,ledger:PRIME.PORT.HIROTA.01,CONTROL,WEIL_POSITIVITY_WINDOWS,KILLED,LOSSY_CONSTANT,FINITE_FRAGMENT,false,1.52
verification/v885_ladder_flow_anatomy.py,verification/v885_ladder_flow_anatomy.py,ledger:PRIME.PORT.ISOFLOW.01,CONTROL,RHP_IIKS_TAU,MEASURED,NOT_APPLICABLE,FINITE_FRAGMENT,false,1.14
verification/v891_moebius_firewall_kills.py,verification/v891_moebius_firewall_kills.py,ledger:PRIME.PORT.MOEBIUS.KILLS.01,CONTROL,WEIL_POSITIVITY_WINDOWS,KILLED,WORLD_BLIND,FINITE_FRAGMENT,false,1.52
verification/v900_core_update_anatomy.py,verification/v900_core_update_anatomy.py,ledger:PRIME.PORT.NORMALIZED.CORE.01,CONTROL,RHP_IIKS_TAU,MEASURED,NOT_APPLICABLE,FINITE_FRAGMENT,false,1.14
verification/v892_closure_architecture.py,verification/v892_closure_architecture.py,ledger:PRIME.PORT.RELCONG.01,CONTROL,RHP_IIKS_TAU,MEASURED,NOT_APPLICABLE,FINITE_FRAGMENT,false,1.14
verification/v906_tail_cartography.py,verification/v906_tail_cartography.py,ledger:PRIME.PORT.TAILSIGN.01,CONTROL,WEIL_POSITIVITY_WINDOWS,KILLED,LOSSY_CONSTANT,FINITE_FRAGMENT,false,1.52
verification/v901_tangent_schur_bfloor.py,verification/v901_tangent_schur_bfloor.py,ledger:PRIME.PORT.TANGENT.SCHUR.01,CONTROL,RHP_IIKS_TAU,KILLED,NO_BRIDGE,FINITE_FRAGMENT,false,1.52
verification/v883_tau_chain_parametrix.py,verification/v883_tau_chain_parametrix.py,ledger:PRIME.PORT.TAU.01,FOUNDATION,MELLIN_PICK_LEE_YANG,CERTIFIED,NOT_APPLICABLE,IDENTITY_SIDE,false,2.2
verification/v708_chain_position_functional.py,verification/v708_chain_position_functional.py,ledger:PRIME.POSFUNC.01,CONTROL,WEIL_POSITIVITY_WINDOWS,MEASURED,NOT_APPLICABLE,FINITE_FRAGMENT,false,1.14
verification/v791_positive_descent.py,verification/v791_positive_descent.py,ledger:PRIME.POSITIVE_DESCENT.01,CONTROL,SCREW_SUBORDINATION_LSTAR,KILLED,LOSSY_CONSTANT,FINITE_FRAGMENT,false,1.52
verification/v873_pruefer_cotlar_decision.py,verification/v873_pruefer_cotlar_decision.py,ledger:PRIME.PRUEFER.COMPENSATION.01,CONTROL,WEIL_POSITIVITY_WINDOWS,KILLED,STRUCTURAL_MISMATCH,FINITE_FRAGMENT,false,1.52
verification/v850_completion_tax_flow.py,verification/v850_completion_tax_flow.py,ledger:PRIME.PSD.COMPLETION.TAX.01,CONTROL,WEIL_POSITIVITY_WINDOWS,KILLED,LOSSY_CONSTANT,FINITE_FRAGMENT,false,1.52
verification/v770_qf_spectral_bundle.py,verification/v770_qf_spectral_bundle.py,ledger:PRIME.QFBUNDLE.01,CONTROL,LATTICE_E8_HECKE,MEASURED,NOT_APPLICABLE,FINITE_FRAGMENT,false,1.14
verification/v771_qf_representation_census.py,verification/v771_qf_representation_census.py,ledger:PRIME.QFCENSUS.01,FOUNDATION,LATTICE_E8_HECKE,CERTIFIED,NOT_APPLICABLE,IDENTITY_SIDE,false,2.2
verification/v773_qf_cell_cocycle.py,verification/v773_qf_cell_cocycle.py,ledger:PRIME.QFCOCYCLE.01,CONTROL,WEIL_POSITIVITY_WINDOWS,KILLED,NO_BRIDGE,FINITE_FRAGMENT,false,1.52
verification/v772_qf_feshbach_effective.py,verification/v772_qf_feshbach_effective.py,ledger:PRIME.QFFESHBACH.01,FOUNDATION,OPERATOR_SPECTRAL,CERTIFIED,NOT_APPLICABLE,IDENTITY_SIDE,false,2.2
verification/v769_qf_contract_necessity.py,verification/v769_qf_contract_necessity.py,ledger:PRIME.QFGAUGE.01,CONTROL,WEIL_POSITIVITY_WINDOWS,KILLED,NO_BRIDGE,FINITE_FRAGMENT,false,1.52
verification/v693_rank3_density_close.py,verification/v693_rank3_density_close.py,ledger:PRIME.RANK3DENSITY.01,FOUNDATION,WEIL_POSITIVITY_WINDOWS,CERTIFIED,NOT_APPLICABLE,IDENTITY_SIDE,false,2.2
verification/v683_rank3_functionals.py,verification/v683_rank3_functionals.py,ledger:PRIME.RANK3FUNC.01,FOUNDATION,WEIL_POSITIVITY_WINDOWS,CERTIFIED,NOT_APPLICABLE,IDENTITY_SIDE,false,2.2
verification/v739_rank3_jet.py,verification/v739_rank3_jet.py,ledger:PRIME.RANK3JET.01,CONTROL,WEIL_POSITIVITY_WINDOWS,KILLED,LOSSY_CONSTANT,FINITE_FRAGMENT,false,1.52
verification/v692_rank3_lockgram.py,verification/v692_rank3_lockgram.py,ledger:PRIME.RANK3LOCKGRAM.01,FOUNDATION,WEIL_POSITIVITY_WINDOWS,CERTIFIED,NOT_APPLICABLE,IDENTITY_SIDE,false,2.2
verification/v712_rank3_transverse_deck.py,verification/v712_rank3_transverse_deck.py,ledger:PRIME.RANK3TRANSV.01,CONTROL,WEIL_POSITIVITY_WINDOWS,KILLED,LOSSY_CONSTANT,FINITE_FRAGMENT,false,1.52
verification/v685_rank3_uniformity.py,verification/v685_rank3_uniformity.py,ledger:PRIME.RANK3UNIF.01,CONTROL,WEIL_POSITIVITY_WINDOWS,KILLED,LOSSY_CONSTANT,FINITE_FRAGMENT,false,1.52
verification/v684_rank3_zeroside.py,verification/v684_rank3_zeroside.py,ledger:PRIME.RANK3ZERO.01,FOUNDATION,WEIL_POSITIVITY_WINDOWS,CERTIFIED,NOT_APPLICABLE,IDENTITY_SIDE,false,2.2
verification/v1017_kernel_loewner_positivity.py,verification/v1017_kernel_loewner_positivity.py,ledger:PRIME.RDAGGER.KERNEL_LOEWNER.01,FOUNDATION,WEIL_POSITIVITY_WINDOWS,CERTIFIED,NOT_APPLICABLE,IDENTITY_SIDE,false,2.2
verification/v863_redheffer_colligation.py,verification/v863_redheffer_colligation.py,ledger:PRIME.REDHEFFER.COLLIGATION.01,FOUNDATION,RHP_IIKS_TAU,MEASURED,NOT_APPLICABLE,FINITE_FRAGMENT,false,1.32
verification/v856_connected_current_lean.py,verification/v856_connected_current_lean.py,ledger:PRIME.RELATION.CONNECTED_COVARIANCE.01,CONTROL,WEIL_POSITIVITY_WINDOWS,KILLED,STRUCTURAL_MISMATCH,FINITE_FRAGMENT,false,1.52
verification/v854_relation_hodge_pfaffian.py,verification/v854_relation_hodge_pfaffian.py,ledger:PRIME.RELATION.HODGE.01,FOUNDATION,WEIL_POSITIVITY_WINDOWS,MEASURED,NOT_APPLICABLE,FINITE_FRAGMENT,false,1.32
verification/v841_relation_carrier_ladder.py,verification/v841_relation_carrier_ladder.py,ledger:PRIME.RELATION.MULT.01,CONTROL,SELBERG_TRACE_CONTACT,KILLED,CIRCULAR,FINITE_FRAGMENT,false,1.52
verification/v842_excess_certified_skeleton.py,verification/v842_excess_certified_skeleton.py,ledger:PRIME.RELATION.SKELETON.01,CONTROL,WEIL_POSITIVITY_WINDOWS,KILLED,CIRCULAR,FINITE_FRAGMENT,false,1.52
verification/v846_schur_spectral_mother.py,verification/v846_schur_spectral_mother.py,ledger:PRIME.RELATION.SKELETON.01,CONTROL,WEIL_POSITIVITY_WINDOWS,KILLED,CIRCULAR,FINITE_FRAGMENT,false,1.52
verification/v847_wedge_cellcone_transport.py,verification/v847_wedge_cellcone_transport.py,ledger:PRIME.RELATION.SKELETON.01,CONTROL,WEIL_POSITIVITY_WINDOWS,KILLED,CIRCULAR,FINITE_FRAGMENT,false,1.52
verification/v657_rid_alignment.py,verification/v657_rid_alignment.py,ledger:PRIME.RIDGEOM.01,FOUNDATION,WEIL_POSITIVITY_WINDOWS,CERTIFIED,NOT_APPLICABLE,IDENTITY_SIDE,false,2.2
verification/v551_ritz_ceiling_certificate.py,verification/v551_ritz_ceiling_certificate.py,ledger:PRIME.RITZ.CEIL.01,CONTROL,WEIL_POSITIVITY_WINDOWS,KILLED,NO_BRIDGE,FINITE_FRAGMENT,false,1.52
verification/v729_strat2_rp_universality.py,verification/v729_strat2_rp_universality.py,ledger:PRIME.RPUNIV.01,CONTROL,WEIL_POSITIVITY_WINDOWS,KILLED,NO_BRIDGE,FINITE_FRAGMENT,false,1.52
verification/v734_s1_canonical.py,verification/v734_s1_canonical.py,ledger:PRIME.S1CANON.01,FOUNDATION,WEIL_POSITIVITY_WINDOWS,CERTIFIED,NOT_APPLICABLE,IDENTITY_SIDE,false,2.2
verification/v554_sampling_harmonics_identities.py,verification/v554_sampling_harmonics_identities.py,ledger:PRIME.SAMPLING.HARM.01,CONTROL,WEIL_POSITIVITY_WINDOWS,KILLED,NO_BRIDGE,FINITE_FRAGMENT,false,1.52
verification/v743_schur_cone_recursion.py,verification/v743_schur_cone_recursion.py,ledger:PRIME.SCHURCONE.01,CONTROL,EXPLICIT_FORMULA_IDENTITY,KILLED,NO_BRIDGE,FINITE_FRAGMENT,false,1.52
verification/v755_simpler_schur_recursion.py,verification/v755_simpler_schur_recursion.py,ledger:PRIME.SCHURREC.01,FOUNDATION,WEIL_POSITIVITY_WINDOWS,CERTIFIED,NOT_APPLICABLE,IDENTITY_SIDE,false,2.2
verification/v707_chain_section_edge.py,verification/v707_chain_section_edge.py,ledger:PRIME.SECTIONEDGE.01,FOUNDATION,OPERATOR_SPECTRAL,CERTIFIED,NOT_APPLICABLE,IDENTITY_SIDE,false,2.2
verification/v793_f8sector_conductor.py,verification/v793_f8sector_conductor.py,ledger:PRIME.SECTOR_CONTINUA.01,CONTROL,WEIL_POSITIVITY_WINDOWS,KILLED,LOSSY_CONSTANT,FINITE_FRAGMENT,false,1.52
verification/v919_secular_gw_pinning.py,verification/v919_secular_gw_pinning.py,ledger:PRIME.SECULAR.GW.PINNING.01,FORMALIZATION,WEIL_POSITIVITY_WINDOWS,PROVED,NOT_APPLICABLE,FINITE_FRAGMENT,false,2.75
verification/v625_prime_shadow.py,verification/v625_prime_shadow.py,ledger:PRIME.SHADOW.01,FOUNDATION,LATTICE_E8_HECKE,CERTIFIED,NOT_APPLICABLE,IDENTITY_SIDE,false,2.2
verification/v929_sigmafloor_factorization.py,verification/v929_sigmafloor_factorization.py,ledger:PRIME.SIGMAFLOOR.FACTORIZATION.01,CONTROL,WEIL_POSITIVITY_WINDOWS,KILLED,WORLD_BLIND,FINITE_FRAGMENT,false,1.52
verification/v648_sign_uncertainty.py,verification/v648_sign_uncertainty.py,ledger:PRIME.SIGNUNC.01,FOUNDATION,WEIL_POSITIVITY_WINDOWS,CERTIFIED,NOT_APPLICABLE,IDENTITY_SIDE,false,2.2
verification/v864_softport_kappa_law.py,verification/v864_softport_kappa_law.py,ledger:PRIME.SOFTPORT.FESHBACH.01,CONTROL,RHP_IIKS_TAU,KILLED,STRUCTURAL_MISMATCH,FINITE_FRAGMENT,false,1.52
verification/v867_radau_conditioning.py,verification/v867_radau_conditioning.py,ledger:PRIME.SOFTPORT.RADAU.01,CONTROL,TOEPLITZ_MOMENT_POSITIVITY,KILLED,STRUCTURAL_MISMATCH,FINITE_FRAGMENT,false,1.52
verification/v732_strat3_sonin_prolate.py,verification/v732_strat3_sonin_prolate.py,ledger:PRIME.SONIN.01,CONTROL,WEIL_POSITIVITY_WINDOWS,KILLED,NO_BRIDGE,FINITE_FRAGMENT,false,1.52
verification/v866_source_contractor_formula.py,verification/v866_source_contractor_formula.py,ledger:PRIME.SOURCECONTRACTOR.NORM.01,CONTROL,WEIL_POSITIVITY_WINDOWS,KILLED,CIRCULAR,FINITE_FRAGMENT,false,1.52
verification/v922_spacing_jet_sumrule_theorems.py,verification/v922_spacing_jet_sumrule_theorems.py,ledger:PRIME.SPACING.JETSUMRULES.THEOREMS.01,FORMALIZATION,WEIL_POSITIVITY_WINDOWS,PROVED,NOT_APPLICABLE,FINITE_FRAGMENT,false,2.75
verification/v923_spectral_balance_razor_theorems.py,verification/v923_spectral_balance_razor_theorems.py,ledger:PRIME.SPECTRAL.BALANCE.RAZOR.01,CONTROL,WEIL_POSITIVITY_WINDOWS,KILLED,NO_BRIDGE,FINITE_FRAGMENT,false,1.52
verification/v882_port_source_mellin.py,verification/v882_port_source_mellin.py,ledger:PRIME.SQRT.UNIFORM.01,CONTROL,WEIL_POSITIVITY_WINDOWS,MEASURED,NOT_APPLICABLE,FINITE_FRAGMENT,false,1.14
verification/v935_thetainf_landau_bridge.py,verification/v935_thetainf_landau_bridge.py,ledger:PRIME.THETAINF.PIN.01,CONTROL,LATTICE_E8_HECKE,KILLED,WORLD_BLIND,FINITE_FRAGMENT,false,1.52
verification/v660_theta_predicate.py,verification/v660_theta_predicate.py,ledger:PRIME.THETAPRED.01,FOUNDATION,WEIL_POSITIVITY_WINDOWS,CERTIFIED,NOT_APPLICABLE,IDENTITY_SIDE,false,2.2
verification/v932_toproot_theta_statement.py,verification/v932_toproot_theta_statement.py,ledger:PRIME.TOPROOT.THETA.01,CONTROL,WEIL_POSITIVITY_WINDOWS,KILLED,CIRCULAR,FINITE_FRAGMENT,false,1.52
verification/v749_simpler_tower.py,verification/v749_simpler_tower.py,ledger:PRIME.TOWERNEST.01,FOUNDATION,WEIL_POSITIVITY_WINDOWS,CERTIFIED,NOT_APPLICABLE,IDENTITY_SIDE,false,2.2
verification/v581_locking_transport.py,verification/v581_locking_transport.py,ledger:PRIME.TRANSPORT.01,CONTROL,WEIL_POSITIVITY_WINDOWS,KILLED,NO_BRIDGE,FINITE_FRAGMENT,false,1.52
verification/v952_turan_extremal.py,verification/v952_turan_extremal.py,ledger:PRIME.TURAN.EXTREMAL.01,CONTROL,WEIL_POSITIVITY_WINDOWS,KILLED,WORLD_BLIND,FINITE_FRAGMENT,false,1.52
verification/v666_turing_cert.py,verification/v666_turing_cert.py,ledger:PRIME.TURINGCERT.01,FOUNDATION,LATTICE_E8_HECKE,CERTIFIED,NOT_APPLICABLE,IDENTITY_SIDE,false,2.2
verification/v710_chain_two_stage_hecke.py,verification/v710_chain_two_stage_hecke.py,ledger:PRIME.TWOSTAGE.01,CONTROL,WEIL_POSITIVITY_WINDOWS,KILLED,NO_BRIDGE,FINITE_FRAGMENT,false,1.52
verification/v735_strat3_ucp_inductive.py,verification/v735_strat3_ucp_inductive.py,ledger:PRIME.UCPLIMIT.01,FOUNDATION,WEIL_POSITIVITY_WINDOWS,CERTIFIED,NOT_APPLICABLE,IDENTITY_SIDE,false,2.2
verification/v594_unconditional_cert.py,verification/v594_unconditional_cert.py,ledger:PRIME.UNCONDCERT.01,FOUNDATION,WEIL_POSITIVITY_WINDOWS,CERTIFIED,NOT_APPLICABLE,IDENTITY_SIDE,false,2.2
verification/v618_uniform_constant.py,verification/v618_uniform_constant.py,ledger:PRIME.UNIFC.01,CONTROL,WEIL_POSITIVITY_WINDOWS,KILLED,LOSSY_CONSTANT,FINITE_FRAGMENT,false,1.52
verification/v821_prime_vacuum35.py,verification/v821_prime_vacuum35.py,ledger:PRIME.VACUUM35.01,CONTROL,WEIL_POSITIVITY_WINDOWS,KILLED,STRUCTURAL_MISMATCH,FINITE_FRAGMENT,false,1.52
verification/v658_w3_uniform_bound.py,verification/v658_w3_uniform_bound.py,ledger:PRIME.W3BOUND.01,FOUNDATION,LATTICE_E8_HECKE,CERTIFIED,NOT_APPLICABLE,IDENTITY_SIDE,false,2.2
verification/v659_w3_landscape.py,verification/v659_w3_landscape.py,ledger:PRIME.W3LAND.01,CONTROL,LATTICE_E8_HECKE,KILLED,LOSSY_CONSTANT,FINITE_FRAGMENT,false,1.52
verification/v677_w3_structure_theorem.py,verification/v677_w3_structure_theorem.py,ledger:PRIME.W3STRUCT.01,FOUNDATION,WEIL_POSITIVITY_WINDOWS,CERTIFIED,NOT_APPLICABLE,IDENTITY_SIDE,false,2.2
verification/v909_finite_wall_closure.py,verification/v909_finite_wall_closure.py,ledger:PRIME.WALL.FINITE_CLOSURE.01,CONTROL,WEIL_POSITIVITY_WINDOWS,MEASURED,NOT_APPLICABLE,FINITE_FRAGMENT,false,1.14
verification/v910_finite_zero_transfer.py,verification/v910_finite_zero_transfer.py,ledger:PRIME.WALL.FINITE_ZERO_TRANSFER.01,CONTROL,WEIL_POSITIVITY_WINDOWS,KILLED,WORLD_BLIND,FINITE_FRAGMENT,false,1.52
verification/v751_ward_monotone.py,verification/v751_ward_monotone.py,ledger:PRIME.WARDMONO.01,CONTROL,WEIL_POSITIVITY_WINDOWS,KILLED,CIRCULAR,FINITE_FRAGMENT,false,1.52
verification/v587_w_closed_form.py,verification/v587_w_closed_form.py,ledger:PRIME.WCLOSED.01,FOUNDATION,EXPLICIT_FORMULA_IDENTITY,CERTIFIED,NOT_APPLICABLE,IDENTITY_SIDE,false,2.2
verification/v640_w1_boundary.py,verification/v640_w1_boundary.py,ledger:PRIME.WEIL.BOUNDARY.01,FORMALIZATION,WEIL_POSITIVITY_WINDOWS,PROVED,NOT_APPLICABLE,FINITE_FRAGMENT,false,2.75
verification/v630_suzuki_contact.py,verification/v630_suzuki_contact.py,ledger:PRIME.WEIL.CONTACT.01,FOUNDATION,SCREW_SUBORDINATION_LSTAR,CERTIFIED,NOT_APPLICABLE,IDENTITY_SIDE,false,2.2
verification/v631_w1_dictionary.py,verification/v631_w1_dictionary.py,ledger:PRIME.WEIL.DICT.01,CONTROL,WEIL_POSITIVITY_WINDOWS,KILLED,NO_BRIDGE,FINITE_FRAGMENT,false,1.52
verification/v642_w1_matrix.py,verification/v642_w1_matrix.py,ledger:PRIME.WEIL.MATRIX.01,FOUNDATION,WEIL_POSITIVITY_WINDOWS,CERTIFIED,NOT_APPLICABLE,IDENTITY_SIDE,false,2.2
verification/v655_w2_mosco.py,verification/v655_w2_mosco.py,ledger:PRIME.WEIL.MOSCO.01,CERTIFICATE,WEIL_POSITIVITY_WINDOWS,INCONCLUSIVE,UNCONVERGED,FINITE_FRAGMENT,false,1.12
verification/v641_w1_portability.py,verification/v641_w1_portability.py,ledger:PRIME.WEIL.PORTABLE.01,CONTROL,WEIL_POSITIVITY_WINDOWS,KILLED,NO_BRIDGE,FINITE_FRAGMENT,false,1.52
verification/v643_w1_theorem.py,verification/v643_w1_theorem.py,ledger:PRIME.WEIL.THEOREM.01,FOUNDATION,SCREW_SUBORDINATION_LSTAR,CERTIFIED,NOT_APPLICABLE,IDENTITY_SIDE,false,2.2
verification/v644_w2_form_density.py,verification/v644_w2_form_density.py,ledger:PRIME.WEIL.W2.01,CERTIFICATE,WEIL_POSITIVITY_WINDOWS,INCONCLUSIVE,UNCONVERGED,FINITE_FRAGMENT,false,1.12
verification/v865_weyl_port_readout.py,verification/v865_weyl_port_readout.py,ledger:PRIME.WEYL.PORT.01,FORMALIZATION,WEIL_POSITIVITY_WINDOWS,PROVED,NOT_APPLICABLE,FINITE_FRAGMENT,false,2.75
verification/v706_chain_weyl_mass.py,verification/v706_chain_weyl_mass.py,ledger:PRIME.WEYLMASS.01,FOUNDATION,WEIL_POSITIVITY_WINDOWS,CERTIFIED,NOT_APPLICABLE,IDENTITY_SIDE,false,2.2
verification/v930_window_instrument_mechanism.py,verification/v930_window_instrument_mechanism.py,ledger:PRIME.WINDOW.INSTRUMENT.MECHANISM.01,CONTROL,WEIL_POSITIVITY_WINDOWS,KILLED,WORLD_BLIND,FINITE_FRAGMENT,false,1.52
verification/v763_yosida_handoff.py,verification/v763_yosida_handoff.py,ledger:PRIME.YOSIDAQF.01,CONTROL,SCREW_SUBORDINATION_LSTAR,KILLED,CIRCULAR,FINITE_FRAGMENT,false,1.52
verification/v780_z1_compactness_trilogy.py,verification/v780_z1_compactness_trilogy.py,ledger:PRIME.Z1.COMPACTNESS.01,CONTROL,WEIL_POSITIVITY_WINDOWS,KILLED,LOSSY_CONSTANT,FINITE_FRAGMENT,false,1.52
verification/v698_z1_flow_recursion.py,verification/v698_z1_flow_recursion.py,ledger:PRIME.Z1FLOWREC.01,FOUNDATION,WEIL_POSITIVITY_WINDOWS,CERTIFIED,NOT_APPLICABLE,IDENTITY_SIDE,false,2.2
verification/v696_z1_jacobi.py,verification/v696_z1_jacobi.py,ledger:PRIME.Z1JACOBI.01,CONTROL,EXPLICIT_FORMULA_IDENTITY,KILLED,NO_BRIDGE,FINITE_FRAGMENT,false,1.52
verification/v702_z1_lookahead.py,verification/v702_z1_lookahead.py,ledger:PRIME.Z1LOOKAHEAD.01,CONTROL,LATTICE_E8_HECKE,MEASURED,NOT_APPLICABLE,FINITE_FRAGMENT,false,1.14
verification/v695_z1_trace_operator.py,verification/v695_z1_trace_operator.py,ledger:PRIME.Z1MEASURE.01,CONTROL,WEIL_POSITIVITY_WINDOWS,KILLED,NO_BRIDGE,FINITE_FRAGMENT,false,1.52
verification/v697_z1_uvarov.py,verification/v697_z1_uvarov.py,ledger:PRIME.Z1UVAROV.01,FOUNDATION,WEIL_POSITIVITY_WINDOWS,CERTIFIED,NOT_APPLICABLE,IDENTITY_SIDE,false,2.2
verification/v945_zero_causal_stratification.py,verification/v945_zero_causal_stratification.py,ledger:PRIME.ZERO.CAUSAL.SYNTH.01,CONTROL,LATTICE_E8_HECKE,KILLED,WORLD_BLIND,FINITE_FRAGMENT,false,1.52
verification/v950_zero_channel_capacity.py,verification/v950_zero_channel_capacity.py,ledger:PRIME.ZERO.CHANNEL.CAPACITY.01,FORMALIZATION,WEIL_POSITIVITY_WINDOWS,PROVED,NOT_APPLICABLE,FINITE_FRAGMENT,false,2.75
verification/v589_zero_comb.py,verification/v589_zero_comb.py,ledger:PRIME.ZEROCOMB.01,CERTIFICATE,WEIL_POSITIVITY_WINDOWS,INCONCLUSIVE,UNCONVERGED,FINITE_FRAGMENT,false,1.12
verification/v678_zero_gap_theorem.py,verification/v678_zero_gap_theorem.py,ledger:PRIME.ZEROGAP.01,FORMALIZATION,LATTICE_E8_HECKE,PROVED,NOT_APPLICABLE,FINITE_FRAGMENT,false,2.75
verification/v709_chain_zero_layer.py,verification/v709_chain_zero_layer.py,ledger:PRIME.ZEROLAYER.01,FORMALIZATION,WEIL_POSITIVITY_WINDOWS,PROVED,NOT_APPLICABLE,FINITE_FRAGMENT,false,2.75
verification/v33_explicit_flat_bundle.py,verification/v33_explicit_flat_bundle.py,ledger:RH.BUNDLE.01,OTHER,OTHER,MEASURED,NOT_APPLICABLE,UNRELATED,false,0.48
verification/v541_matching_lemma_ledger.py,verification/v541_matching_lemma_ledger.py,ledger:RTF.GNS.LEDGER.01,FORMALIZATION,WEIL_POSITIVITY_WINDOWS,PROVED,NOT_APPLICABLE,FINITE_FRAGMENT,false,2.75
verification/v818_sector_floor_attack.py,verification/v818_sector_floor_attack.py,ledger:SECTOR.FLOORATTACK.01,CONTROL,WEIL_POSITIVITY_WINDOWS,KILLED,LOSSY_CONSTANT,FINITE_FRAGMENT,false,1.52
experiments/next.txt,experiments/next.txt,notes DLXXIX-DXCVII,DOCUMENTATION,OTHER,OPEN,NOT_APPLICABLE,INFRASTRUCTURE,false,0.5775
multilevel_toeplitz_lowerbound.tex,multilevel_toeplitz_lowerbound.tex,paper-claim-audit-20260909,DOCUMENTATION,OTHER,OPEN,NOT_APPLICABLE,INFRASTRUCTURE,true,0.4158
multilevel_toeplitz_lowerbound.tex#paper-discovered-04ab11d40f5c6677d9,multilevel_toeplitz_lowerbound.tex#paper-discovered-04ab11d40f5c6677d9,paper-claim-audit-20260909,DOCUMENTATION,OTHER,OPEN,NOT_APPLICABLE,FINITE_FRAGMENT,true,0.4158
multilevel_toeplitz_lowerbound.tex#paper-discovered-0bb8faf64bbcef970f,multilevel_toeplitz_lowerbound.tex#paper-discovered-0bb8faf64bbcef970f,paper-claim-audit-20260909,DOCUMENTATION,OTHER,OPEN,NOT_APPLICABLE,FINITE_FRAGMENT,true,0.4158
multilevel_toeplitz_lowerbound.tex#paper-discovered-260b2934308834ff30,multilevel_toeplitz_lowerbound.tex#paper-discovered-260b2934308834ff30,paper-claim-audit-20260909,DOCUMENTATION,OTHER,OPEN,NOT_APPLICABLE,FINITE_FRAGMENT,true,0.4158
multilevel_toeplitz_lowerbound.tex#paper-discovered-277d4d5753cbf897c9,multilevel_toeplitz_lowerbound.tex#paper-discovered-277d4d5753cbf897c9,paper-claim-audit-20260909,DOCUMENTATION,OTHER,OPEN,NOT_APPLICABLE,FINITE_FRAGMENT,true,0.4158
multilevel_toeplitz_lowerbound.tex#paper-discovered-31a48bca49bc25f595,multilevel_toeplitz_lowerbound.tex#paper-discovered-31a48bca49bc25f595,paper-claim-audit-20260909,DOCUMENTATION,OTHER,OPEN,NOT_APPLICABLE,FINITE_FRAGMENT,true,0.4158
multilevel_toeplitz_lowerbound.tex#paper-discovered-359a5118ff380b46ba,multilevel_toeplitz_lowerbound.tex#paper-discovered-359a5118ff380b46ba,paper-claim-audit-20260909,DOCUMENTATION,OTHER,OPEN,NOT_APPLICABLE,FINITE_FRAGMENT,true,0.4158
multilevel_toeplitz_lowerbound.tex#paper-discovered-374366a61d8e88b9c7,multilevel_toeplitz_lowerbound.tex#paper-discovered-374366a61d8e88b9c7,paper-claim-audit-20260909,DOCUMENTATION,OTHER,OPEN,NOT_APPLICABLE,FINITE_FRAGMENT,true,0.4158
multilevel_toeplitz_lowerbound.tex#paper-discovered-464981fcb582cb4bfb,multilevel_toeplitz_lowerbound.tex#paper-discovered-464981fcb582cb4bfb,paper-claim-audit-20260909,DOCUMENTATION,OTHER,OPEN,NOT_APPLICABLE,FINITE_FRAGMENT,true,0.4158
multilevel_toeplitz_lowerbound.tex#paper-discovered-4bb24a32d7a2fce33a,multilevel_toeplitz_lowerbound.tex#paper-discovered-4bb24a32d7a2fce33a,paper-claim-audit-20260909,DOCUMENTATION,OTHER,OPEN,NOT_APPLICABLE,FINITE_FRAGMENT,true,0.4158
multilevel_toeplitz_lowerbound.tex#paper-discovered-531a2025ac71db9bc2,multilevel_toeplitz_lowerbound.tex#paper-discovered-531a2025ac71db9bc2,paper-claim-audit-20260909,DOCUMENTATION,OTHER,OPEN,NOT_APPLICABLE,FINITE_FRAGMENT,true,0.4158
multilevel_toeplitz_lowerbound.tex#paper-discovered-67bbad60c4a1985633,multilevel_toeplitz_lowerbound.tex#paper-discovered-67bbad60c4a1985633,paper-claim-audit-20260909,DOCUMENTATION,OTHER,OPEN,NOT_APPLICABLE,FINITE_FRAGMENT,true,0.4158
multilevel_toeplitz_lowerbound.tex#paper-discovered-6c988252dca50004e0,multilevel_toeplitz_lowerbound.tex#paper-discovered-6c988252dca50004e0,paper-claim-audit-20260909,DOCUMENTATION,OTHER,OPEN,NOT_APPLICABLE,FINITE_FRAGMENT,true,0.4158
multilevel_toeplitz_lowerbound.tex#paper-discovered-754adaa262b1ef6121,multilevel_toeplitz_lowerbound.tex#paper-discovered-754adaa262b1ef6121,paper-claim-audit-20260909,DOCUMENTATION,OTHER,OPEN,NOT_APPLICABLE,FINITE_FRAGMENT,true,0.4158
multilevel_toeplitz_lowerbound.tex#paper-discovered-783a08a56ff0106824,multilevel_toeplitz_lowerbound.tex#paper-discovered-783a08a56ff0106824,paper-claim-audit-20260909,DOCUMENTATION,OTHER,OPEN,NOT_APPLICABLE,FINITE_FRAGMENT,true,0.4158
multilevel_toeplitz_lowerbound.tex#paper-discovered-81216f9874163553ab,multilevel_toeplitz_lowerbound.tex#paper-discovered-81216f9874163553ab,paper-claim-audit-20260909,DOCUMENTATION,OTHER,OPEN,NOT_APPLICABLE,FINITE_FRAGMENT,true,0.4158
multilevel_toeplitz_lowerbound.tex#paper-discovered-87371be527b0ef0c67,multilevel_toeplitz_lowerbound.tex#paper-discovered-87371be527b0ef0c67,paper-claim-audit-20260909,DOCUMENTATION,OTHER,OPEN,NOT_APPLICABLE,FINITE_FRAGMENT,true,0.4158
multilevel_toeplitz_lowerbound.tex#paper-discovered-93d65f46ae53dc156a,multilevel_toeplitz_lowerbound.tex#paper-discovered-93d65f46ae53dc156a,paper-claim-audit-20260909,DOCUMENTATION,OTHER,OPEN,NOT_APPLICABLE,FINITE_FRAGMENT,true,0.4158
multilevel_toeplitz_lowerbound.tex#paper-discovered-a1d61877760ed3ac3b,multilevel_toeplitz_lowerbound.tex#paper-discovered-a1d61877760ed3ac3b,paper-claim-audit-20260909,DOCUMENTATION,OTHER,OPEN,NOT_APPLICABLE,FINITE_FRAGMENT,true,0.4158
multilevel_toeplitz_lowerbound.tex#paper-discovered-a5d7adbbf921c779a1,multilevel_toeplitz_lowerbound.tex#paper-discovered-a5d7adbbf921c779a1,paper-claim-audit-20260909,DOCUMENTATION,OTHER,OPEN,NOT_APPLICABLE,FINITE_FRAGMENT,true,0.4158
multilevel_toeplitz_lowerbound.tex#paper-discovered-acae8e74441cab7e90,multilevel_toeplitz_lowerbound.tex#paper-discovered-acae8e74441cab7e90,paper-claim-audit-20260909,DOCUMENTATION,OTHER,OPEN,NOT_APPLICABLE,FINITE_FRAGMENT,true,0.4158
multilevel_toeplitz_lowerbound.tex#paper-discovered-b227bcf1d92ecdba07,multilevel_toeplitz_lowerbound.tex#paper-discovered-b227bcf1d92ecdba07,paper-claim-audit-20260909,DOCUMENTATION,OTHER,OPEN,NOT_APPLICABLE,FINITE_FRAGMENT,true,0.4158
multilevel_toeplitz_lowerbound.tex#paper-discovered-bee39834231c391ab5,multilevel_toeplitz_lowerbound.tex#paper-discovered-bee39834231c391ab5,paper-claim-audit-20260909,DOCUMENTATION,OTHER,OPEN,NOT_APPLICABLE,FINITE_FRAGMENT,true,0.4158
multilevel_toeplitz_lowerbound.tex#paper-discovered-ce83b845a8bd9df7ed,multilevel_toeplitz_lowerbound.tex#paper-discovered-ce83b845a8bd9df7ed,paper-claim-audit-20260909,DOCUMENTATION,OTHER,OPEN,NOT_APPLICABLE,FINITE_FRAGMENT,true,0.4158
multilevel_toeplitz_lowerbound.tex#paper-discovered-d38def5027354cd175,multilevel_toeplitz_lowerbound.tex#paper-discovered-d38def5027354cd175,paper-claim-audit-20260909,DOCUMENTATION,OTHER,OPEN,NOT_APPLICABLE,FINITE_FRAGMENT,true,0.4158
multilevel_toeplitz_lowerbound.tex#paper-discovered-d48cc24f5085a51427,multilevel_toeplitz_lowerbound.tex#paper-discovered-d48cc24f5085a51427,paper-claim-audit-20260909,DOCUMENTATION,OTHER,OPEN,NOT_APPLICABLE,FINITE_FRAGMENT,true,0.4158
multilevel_toeplitz_lowerbound.tex#paper-discovered-ea194f2f8599f6f54c,multilevel_toeplitz_lowerbound.tex#paper-discovered-ea194f2f8599f6f54c,paper-claim-audit-20260909,DOCUMENTATION,OTHER,OPEN,NOT_APPLICABLE,FINITE_FRAGMENT,true,0.4158
multilevel_toeplitz_lowerbound.tex#paper-discovered-f7a15c6fb50abac144,multilevel_toeplitz_lowerbound.tex#paper-discovered-f7a15c6fb50abac144,paper-claim-audit-20260909,DOCUMENTATION,OTHER,OPEN,NOT_APPLICABLE,FINITE_FRAGMENT,true,0.4158
multilevel_toeplitz_lowerbound.tex#paper-multilevel-harnack,multilevel_toeplitz_lowerbound.tex#paper-multilevel-harnack,paper-claim-audit-20260909,DOCUMENTATION,OTHER,RESTATED,NOT_APPLICABLE,FINITE_FRAGMENT,false,0.3025
multilevel_toeplitz_lowerbound.tex#paper-multilevel-rung,multilevel_toeplitz_lowerbound.tex#paper-multilevel-rung,paper-claim-audit-20260909,DOCUMENTATION,OTHER,RESTATED,NOT_APPLICABLE,FINITE_FRAGMENT,false,0.3025
multilevel_toeplitz_lowerbound.tex#paper-multilevel-strictness,multilevel_toeplitz_lowerbound.tex#paper-multilevel-strictness,paper-claim-audit-20260909,DOCUMENTATION,OTHER,RESTATED,NOT_APPLICABLE,FINITE_FRAGMENT,false,0.3025
multilevel_toeplitz_lowerbound.tex#paper-multilevel-uniform,multilevel_toeplitz_lowerbound.tex#paper-multilevel-uniform,paper-claim-audit-20260909,DOCUMENTATION,OTHER,RESTATED,NOT_APPLICABLE,FINITE_FRAGMENT,false,0.3025
note_e8_gaussian_code.tex,note_e8_gaussian_code.tex,paper-claim-audit-20260909,DOCUMENTATION,OTHER,OPEN,NOT_APPLICABLE,INFRASTRUCTURE,true,0.4158
note_e8_gaussian_code.tex#paper-discovered-3504e75554f1f37349,note_e8_gaussian_code.tex#paper-discovered-3504e75554f1f37349,paper-claim-audit-20260909,DOCUMENTATION,OTHER,OPEN,NOT_APPLICABLE,FINITE_FRAGMENT,true,0.4158
note_e8_gaussian_code.tex#paper-discovered-46a68271538be83dc2,note_e8_gaussian_code.tex#paper-discovered-46a68271538be83dc2,paper-claim-audit-20260909,DOCUMENTATION,OTHER,OPEN,NOT_APPLICABLE,FINITE_FRAGMENT,true,0.4158
note_e8_gaussian_code.tex#paper-discovered-598b44928fc93a5cb5,note_e8_gaussian_code.tex#paper-discovered-598b44928fc93a5cb5,paper-claim-audit-20260909,DOCUMENTATION,OTHER,OPEN,NOT_APPLICABLE,FINITE_FRAGMENT,true,0.4158
note_e8_gaussian_code.tex#paper-discovered-8dc82f4043f70167dd,note_e8_gaussian_code.tex#paper-discovered-8dc82f4043f70167dd,paper-claim-audit-20260909,DOCUMENTATION,OTHER,OPEN,NOT_APPLICABLE,FINITE_FRAGMENT,true,0.4158
note_e8_gaussian_code.tex#paper-discovered-ce734a484154a3d26a,note_e8_gaussian_code.tex#paper-discovered-ce734a484154a3d26a,paper-claim-audit-20260909,DOCUMENTATION,OTHER,OPEN,NOT_APPLICABLE,FINITE_FRAGMENT,true,0.4158
note_e8_gaussian_code.tex#paper-discovered-dce0e5a2a5788314cd,note_e8_gaussian_code.tex#paper-discovered-dce0e5a2a5788314cd,paper-claim-audit-20260909,DOCUMENTATION,OTHER,OPEN,NOT_APPLICABLE,FINITE_FRAGMENT,true,0.4158
note_e8_gaussian_code.tex#paper-discovered-f74bee94924e767a92,note_e8_gaussian_code.tex#paper-discovered-f74bee94924e767a92,paper-claim-audit-20260909,DOCUMENTATION,OTHER,OPEN,NOT_APPLICABLE,FINITE_FRAGMENT,true,0.4158
note_e8_gaussian_code.tex#paper-gaussian-formal-scope,note_e8_gaussian_code.tex#paper-gaussian-formal-scope,paper-claim-audit-20260909,DOCUMENTATION,OTHER,RESTATED,NOT_APPLICABLE,FINITE_FRAGMENT,false,0.3025
note_e8_gaussian_code.tex#paper-gaussian-rh-boundary,note_e8_gaussian_code.tex#paper-gaussian-rh-boundary,paper-claim-audit-20260909,DOCUMENTATION,OTHER,RESTATED,NOT_APPLICABLE,FINITE_FRAGMENT,false,0.3025
note_hilbert_polya_truncations.tex,note_hilbert_polya_truncations.tex,paper-claim-audit-20260909,DOCUMENTATION,OTHER,OPEN,NOT_APPLICABLE,INFRASTRUCTURE,true,0.4158
note_hilbert_polya_truncations.tex#paper-hp-lean-scope,note_hilbert_polya_truncations.tex#paper-hp-lean-scope,paper-claim-audit-20260909,DOCUMENTATION,OTHER,RESTATED,NOT_APPLICABLE,FINITE_FRAGMENT,false,0.3025
note_hilbert_polya_truncations.tex#paper-hp-limit-obligations,note_hilbert_polya_truncations.tex#paper-hp-limit-obligations,paper-claim-audit-20260909,DOCUMENTATION,OTHER,RESTATED,NOT_APPLICABLE,FINITE_FRAGMENT,false,0.3025
note_hilbert_polya_truncations.tex#paper-hp-proof-label,note_hilbert_polya_truncations.tex#paper-hp-proof-label,paper-claim-audit-20260909,DOCUMENTATION,OTHER,RESTATED,NOT_APPLICABLE,FINITE_FRAGMENT,false,0.3025
note_w1_suzuki_identification.tex,note_w1_suzuki_identification.tex,paper-claim-audit-20260909,DOCUMENTATION,OTHER,OPEN,NOT_APPLICABLE,INFRASTRUCTURE,true,0.4158
note_w1_suzuki_identification.tex#paper-discovered-44db965e63b3fa54e8,note_w1_suzuki_identification.tex#paper-discovered-44db965e63b3fa54e8,paper-claim-audit-20260909,DOCUMENTATION,OTHER,OPEN,NOT_APPLICABLE,FINITE_FRAGMENT,true,0.4158
note_w1_suzuki_identification.tex#paper-discovered-c991f463f411418889,note_w1_suzuki_identification.tex#paper-discovered-c991f463f411418889,paper-claim-audit-20260909,DOCUMENTATION,OTHER,OPEN,NOT_APPLICABLE,FINITE_FRAGMENT,true,0.4158
note_w1_suzuki_identification.tex#paper-w1-measure-dictionary,note_w1_suzuki_identification.tex#paper-w1-measure-dictionary,paper-claim-audit-20260909,DOCUMENTATION,OTHER,RESTATED,NOT_APPLICABLE,FINITE_FRAGMENT,false,0.3025
note_w1_suzuki_identification.tex#paper-w1-odd-domain,note_w1_suzuki_identification.tex#paper-w1-odd-domain,paper-claim-audit-20260909,DOCUMENTATION,OTHER,RESTATED,NOT_APPLICABLE,FINITE_FRAGMENT,false,0.3025
note_w3_detector_structure.tex,note_w3_detector_structure.tex,paper-claim-audit-20260909,DOCUMENTATION,OTHER,OPEN,NOT_APPLICABLE,INFRASTRUCTURE,true,0.4158
note_w3_detector_structure.tex#paper-discovered-d98f4a27b960353189,note_w3_detector_structure.tex#paper-discovered-d98f4a27b960353189,paper-claim-audit-20260909,DOCUMENTATION,OTHER,OPEN,NOT_APPLICABLE,FINITE_FRAGMENT,true,0.4158
note_w3_detector_structure.tex#paper-discovered-ff8789dd2cda2b2c35,note_w3_detector_structure.tex#paper-discovered-ff8789dd2cda2b2c35,paper-claim-audit-20260909,DOCUMENTATION,OTHER,OPEN,NOT_APPLICABLE,FINITE_FRAGMENT,true,0.4158
note_w3_detector_structure.tex#paper-w3-alias-identity,note_w3_detector_structure.tex#paper-w3-alias-identity,paper-claim-audit-20260909,DOCUMENTATION,OTHER,RESTATED,NOT_APPLICABLE,FINITE_FRAGMENT,false,0.3025
note_w3_detector_structure.tex#paper-w3-c1-direction,note_w3_detector_structure.tex#paper-w3-c1-direction,paper-claim-audit-20260909,DOCUMENTATION,OTHER,RESTATED,NOT_APPLICABLE,FINITE_FRAGMENT,false,0.3025
note_w3_detector_structure.tex#paper-w3-fejer-resolution,note_w3_detector_structure.tex#paper-w3-fejer-resolution,paper-claim-audit-20260909,DOCUMENTATION,OTHER,RESTATED,NOT_APPLICABLE,FINITE_FRAGMENT,false,0.3025
parity_toeplitz_classification.tex,parity_toeplitz_classification.tex,paper-claim-audit-20260909,DOCUMENTATION,OTHER,OPEN,NOT_APPLICABLE,INFRASTRUCTURE,true,0.4158
parity_toeplitz_classification.tex#paper-discovered-03d8498cd556b29e0a,parity_toeplitz_classification.tex#paper-discovered-03d8498cd556b29e0a,paper-claim-audit-20260909,DOCUMENTATION,OTHER,OPEN,NOT_APPLICABLE,FINITE_FRAGMENT,true,0.4158
parity_toeplitz_classification.tex#paper-discovered-046a1842c93f90f6fe,parity_toeplitz_classification.tex#paper-discovered-046a1842c93f90f6fe,paper-claim-audit-20260909,DOCUMENTATION,OTHER,OPEN,NOT_APPLICABLE,FINITE_FRAGMENT,true,0.4158
parity_toeplitz_classification.tex#paper-discovered-07b5aa2669740c8e79,parity_toeplitz_classification.tex#paper-discovered-07b5aa2669740c8e79,paper-claim-audit-20260909,DOCUMENTATION,OTHER,OPEN,NOT_APPLICABLE,FINITE_FRAGMENT,true,0.4158
parity_toeplitz_classification.tex#paper-discovered-0a4cc3d2e4a374ea80,parity_toeplitz_classification.tex#paper-discovered-0a4cc3d2e4a374ea80,paper-claim-audit-20260909,DOCUMENTATION,OTHER,OPEN,NOT_APPLICABLE,FINITE_FRAGMENT,true,0.4158
parity_toeplitz_classification.tex#paper-discovered-14f5f7232fc2859a27,parity_toeplitz_classification.tex#paper-discovered-14f5f7232fc2859a27,paper-claim-audit-20260909,DOCUMENTATION,OTHER,OPEN,NOT_APPLICABLE,FINITE_FRAGMENT,true,0.4158
parity_toeplitz_classification.tex#paper-discovered-1a6f06bc02556a8ca6,parity_toeplitz_classification.tex#paper-discovered-1a6f06bc02556a8ca6,paper-claim-audit-20260909,DOCUMENTATION,OTHER,OPEN,NOT_APPLICABLE,FINITE_FRAGMENT,true,0.4158
parity_toeplitz_classification.tex#paper-discovered-1f96c335fecc55f2cf,parity_toeplitz_classification.tex#paper-discovered-1f96c335fecc55f2cf,paper-claim-audit-20260909,DOCUMENTATION,OTHER,OPEN,NOT_APPLICABLE,FINITE_FRAGMENT,true,0.4158
parity_toeplitz_classification.tex#paper-discovered-253effbf6f5f46825f,parity_toeplitz_classification.tex#paper-discovered-253effbf6f5f46825f,paper-claim-audit-20260909,DOCUMENTATION,OTHER,OPEN,NOT_APPLICABLE,FINITE_FRAGMENT,true,0.4158
parity_toeplitz_classification.tex#paper-discovered-349dd5af8d96923ab3,parity_toeplitz_classification.tex#paper-discovered-349dd5af8d96923ab3,paper-claim-audit-20260909,DOCUMENTATION,OTHER,OPEN,NOT_APPLICABLE,FINITE_FRAGMENT,true,0.4158
parity_toeplitz_classification.tex#paper-discovered-378eb1262f9dd2b1be,parity_toeplitz_classification.tex#paper-discovered-378eb1262f9dd2b1be,paper-claim-audit-20260909,DOCUMENTATION,OTHER,OPEN,NOT_APPLICABLE,FINITE_FRAGMENT,true,0.4158
parity_toeplitz_classification.tex#paper-discovered-38a476ad8509aee5de,parity_toeplitz_classification.tex#paper-discovered-38a476ad8509aee5de,paper-claim-audit-20260909,DOCUMENTATION,OTHER,OPEN,NOT_APPLICABLE,FINITE_FRAGMENT,true,0.4158
parity_toeplitz_classification.tex#paper-discovered-3a1eca64fb645f29c5,parity_toeplitz_classification.tex#paper-discovered-3a1eca64fb645f29c5,paper-claim-audit-20260909,DOCUMENTATION,OTHER,OPEN,NOT_APPLICABLE,FINITE_FRAGMENT,true,0.4158
parity_toeplitz_classification.tex#paper-discovered-3aff9152d2bd04cab1,parity_toeplitz_classification.tex#paper-discovered-3aff9152d2bd04cab1,paper-claim-audit-20260909,DOCUMENTATION,OTHER,OPEN,NOT_APPLICABLE,FINITE_FRAGMENT,true,0.4158
parity_toeplitz_classification.tex#paper-discovered-3d26df7a0e7e5437e7,parity_toeplitz_classification.tex#paper-discovered-3d26df7a0e7e5437e7,paper-claim-audit-20260909,DOCUMENTATION,OTHER,OPEN,NOT_APPLICABLE,FINITE_FRAGMENT,true,0.4158
parity_toeplitz_classification.tex#paper-discovered-3f03cf24714ee83491,parity_toeplitz_classification.tex#paper-discovered-3f03cf24714ee83491,paper-claim-audit-20260909,DOCUMENTATION,OTHER,OPEN,NOT_APPLICABLE,FINITE_FRAGMENT,true,0.4158
parity_toeplitz_classification.tex#paper-discovered-4d8e1a944892a9a5e3,parity_toeplitz_classification.tex#paper-discovered-4d8e1a944892a9a5e3,paper-claim-audit-20260909,DOCUMENTATION,OTHER,OPEN,NOT_APPLICABLE,FINITE_FRAGMENT,true,0.4158
parity_toeplitz_classification.tex#paper-discovered-4eaf76115c306583dd,parity_toeplitz_classification.tex#paper-discovered-4eaf76115c306583dd,paper-claim-audit-20260909,DOCUMENTATION,OTHER,OPEN,NOT_APPLICABLE,FINITE_FRAGMENT,true,0.4158
parity_toeplitz_classification.tex#paper-discovered-5190bd1266a72a4973,parity_toeplitz_classification.tex#paper-discovered-5190bd1266a72a4973,paper-claim-audit-20260909,DOCUMENTATION,OTHER,OPEN,NOT_APPLICABLE,FINITE_FRAGMENT,true,0.4158
parity_toeplitz_classification.tex#paper-discovered-55ff3d411848ad93c5,parity_toeplitz_classification.tex#paper-discovered-55ff3d411848ad93c5,paper-claim-audit-20260909,DOCUMENTATION,OTHER,OPEN,NOT_APPLICABLE,FINITE_FRAGMENT,true,0.4158
parity_toeplitz_classification.tex#paper-discovered-58840f2040f7420a8c,parity_toeplitz_classification.tex#paper-discovered-58840f2040f7420a8c,paper-claim-audit-20260909,DOCUMENTATION,OTHER,OPEN,NOT_APPLICABLE,FINITE_FRAGMENT,true,0.4158
parity_toeplitz_classification.tex#paper-discovered-5d49bd988d2bc8e9eb,parity_toeplitz_classification.tex#paper-discovered-5d49bd988d2bc8e9eb,paper-claim-audit-20260909,DOCUMENTATION,OTHER,OPEN,NOT_APPLICABLE,FINITE_FRAGMENT,true,0.4158
parity_toeplitz_classification.tex#paper-discovered-5da139a2071d587e3f,parity_toeplitz_classification.tex#paper-discovered-5da139a2071d587e3f,paper-claim-audit-20260909,DOCUMENTATION,OTHER,OPEN,NOT_APPLICABLE,FINITE_FRAGMENT,true,0.4158
parity_toeplitz_classification.tex#paper-discovered-62efe60cf67603b80b,parity_toeplitz_classification.tex#paper-discovered-62efe60cf67603b80b,paper-claim-audit-20260909,DOCUMENTATION,OTHER,OPEN,NOT_APPLICABLE,FINITE_FRAGMENT,true,0.4158
parity_toeplitz_classification.tex#paper-discovered-64597a32c4adead53b,parity_toeplitz_classification.tex#paper-discovered-64597a32c4adead53b,paper-claim-audit-20260909,DOCUMENTATION,OTHER,OPEN,NOT_APPLICABLE,FINITE_FRAGMENT,true,0.4158
parity_toeplitz_classification.tex#paper-discovered-68330f2f534e12542c,parity_toeplitz_classification.tex#paper-discovered-68330f2f534e12542c,paper-claim-audit-20260909,DOCUMENTATION,OTHER,OPEN,NOT_APPLICABLE,FINITE_FRAGMENT,true,0.4158
parity_toeplitz_classification.tex#paper-discovered-68f52772ef01f9ce16,parity_toeplitz_classification.tex#paper-discovered-68f52772ef01f9ce16,paper-claim-audit-20260909,DOCUMENTATION,OTHER,OPEN,NOT_APPLICABLE,FINITE_FRAGMENT,true,0.4158
parity_toeplitz_classification.tex#paper-discovered-69d122a848f2db0bd6,parity_toeplitz_classification.tex#paper-discovered-69d122a848f2db0bd6,paper-claim-audit-20260909,DOCUMENTATION,OTHER,OPEN,NOT_APPLICABLE,FINITE_FRAGMENT,true,0.4158
parity_toeplitz_classification.tex#paper-discovered-6fcd2a9ea18ba95a63,parity_toeplitz_classification.tex#paper-discovered-6fcd2a9ea18ba95a63,paper-claim-audit-20260909,DOCUMENTATION,OTHER,OPEN,NOT_APPLICABLE,FINITE_FRAGMENT,true,0.4158
parity_toeplitz_classification.tex#paper-discovered-75ccc86efc2e2d6d33,parity_toeplitz_classification.tex#paper-discovered-75ccc86efc2e2d6d33,paper-claim-audit-20260909,DOCUMENTATION,OTHER,OPEN,NOT_APPLICABLE,FINITE_FRAGMENT,true,0.4158
parity_toeplitz_classification.tex#paper-discovered-7844ff09026f55e965,parity_toeplitz_classification.tex#paper-discovered-7844ff09026f55e965,paper-claim-audit-20260909,DOCUMENTATION,OTHER,OPEN,NOT_APPLICABLE,FINITE_FRAGMENT,true,0.4158
parity_toeplitz_classification.tex#paper-discovered-7eee5c29b01361d2a5,parity_toeplitz_classification.tex#paper-discovered-7eee5c29b01361d2a5,paper-claim-audit-20260909,DOCUMENTATION,OTHER,OPEN,NOT_APPLICABLE,FINITE_FRAGMENT,true,0.4158
parity_toeplitz_classification.tex#paper-discovered-7f8e6cf518a8e191cf,parity_toeplitz_classification.tex#paper-discovered-7f8e6cf518a8e191cf,paper-claim-audit-20260909,DOCUMENTATION,OTHER,OPEN,NOT_APPLICABLE,FINITE_FRAGMENT,true,0.4158
parity_toeplitz_classification.tex#paper-discovered-82a4d7628ada178d3a,parity_toeplitz_classification.tex#paper-discovered-82a4d7628ada178d3a,paper-claim-audit-20260909,DOCUMENTATION,OTHER,OPEN,NOT_APPLICABLE,FINITE_FRAGMENT,true,0.4158
parity_toeplitz_classification.tex#paper-discovered-8339c3da6d817cd7c1,parity_toeplitz_classification.tex#paper-discovered-8339c3da6d817cd7c1,paper-claim-audit-20260909,DOCUMENTATION,OTHER,OPEN,NOT_APPLICABLE,FINITE_FRAGMENT,true,0.4158
parity_toeplitz_classification.tex#paper-discovered-8a28e4348fb57dcbb9,parity_toeplitz_classification.tex#paper-discovered-8a28e4348fb57dcbb9,paper-claim-audit-20260909,DOCUMENTATION,OTHER,OPEN,NOT_APPLICABLE,FINITE_FRAGMENT,true,0.4158
parity_toeplitz_classification.tex#paper-discovered-8c0f25dc4f915e05d0,parity_toeplitz_classification.tex#paper-discovered-8c0f25dc4f915e05d0,paper-claim-audit-20260909,DOCUMENTATION,OTHER,OPEN,NOT_APPLICABLE,FINITE_FRAGMENT,true,0.4158
parity_toeplitz_classification.tex#paper-discovered-95e1f921bcce25b6d9,parity_toeplitz_classification.tex#paper-discovered-95e1f921bcce25b6d9,paper-claim-audit-20260909,DOCUMENTATION,OTHER,OPEN,NOT_APPLICABLE,FINITE_FRAGMENT,true,0.4158
parity_toeplitz_classification.tex#paper-discovered-97c79d4ab0e8dd30cb,parity_toeplitz_classification.tex#paper-discovered-97c79d4ab0e8dd30cb,paper-claim-audit-20260909,DOCUMENTATION,OTHER,OPEN,NOT_APPLICABLE,FINITE_FRAGMENT,true,0.4158
parity_toeplitz_classification.tex#paper-discovered-980fd48d416e18d93c,parity_toeplitz_classification.tex#paper-discovered-980fd48d416e18d93c,paper-claim-audit-20260909,DOCUMENTATION,OTHER,OPEN,NOT_APPLICABLE,FINITE_FRAGMENT,true,0.4158
parity_toeplitz_classification.tex#paper-discovered-99c762258200cee48f,parity_toeplitz_classification.tex#paper-discovered-99c762258200cee48f,paper-claim-audit-20260909,DOCUMENTATION,OTHER,OPEN,NOT_APPLICABLE,FINITE_FRAGMENT,true,0.4158
parity_toeplitz_classification.tex#paper-discovered-9c57574c3a6ebc7aaf,parity_toeplitz_classification.tex#paper-discovered-9c57574c3a6ebc7aaf,paper-claim-audit-20260909,DOCUMENTATION,OTHER,OPEN,NOT_APPLICABLE,FINITE_FRAGMENT,true,0.4158
parity_toeplitz_classification.tex#paper-discovered-9f2dfb456cb556dd25,parity_toeplitz_classification.tex#paper-discovered-9f2dfb456cb556dd25,paper-claim-audit-20260909,DOCUMENTATION,OTHER,OPEN,NOT_APPLICABLE,FINITE_FRAGMENT,true,0.4158
parity_toeplitz_classification.tex#paper-discovered-a1dfb788db1b66f2bc,parity_toeplitz_classification.tex#paper-discovered-a1dfb788db1b66f2bc,paper-claim-audit-20260909,DOCUMENTATION,OTHER,OPEN,NOT_APPLICABLE,FINITE_FRAGMENT,true,0.4158
parity_toeplitz_classification.tex#paper-discovered-a387e9609981c9ab05,parity_toeplitz_classification.tex#paper-discovered-a387e9609981c9ab05,paper-claim-audit-20260909,DOCUMENTATION,OTHER,OPEN,NOT_APPLICABLE,FINITE_FRAGMENT,true,0.4158
parity_toeplitz_classification.tex#paper-discovered-a573b2c473eb5bd09c,parity_toeplitz_classification.tex#paper-discovered-a573b2c473eb5bd09c,paper-claim-audit-20260909,DOCUMENTATION,OTHER,OPEN,NOT_APPLICABLE,FINITE_FRAGMENT,true,0.4158
parity_toeplitz_classification.tex#paper-discovered-ae8a84340577309de3,parity_toeplitz_classification.tex#paper-discovered-ae8a84340577309de3,paper-claim-audit-20260909,DOCUMENTATION,OTHER,OPEN,NOT_APPLICABLE,FINITE_FRAGMENT,true,0.4158
parity_toeplitz_classification.tex#paper-discovered-b084b87f76b0a9e9d2,parity_toeplitz_classification.tex#paper-discovered-b084b87f76b0a9e9d2,paper-claim-audit-20260909,DOCUMENTATION,OTHER,OPEN,NOT_APPLICABLE,FINITE_FRAGMENT,true,0.4158
parity_toeplitz_classification.tex#paper-discovered-b25a77f9a4c290a31f,parity_toeplitz_classification.tex#paper-discovered-b25a77f9a4c290a31f,paper-claim-audit-20260909,DOCUMENTATION,OTHER,OPEN,NOT_APPLICABLE,FINITE_FRAGMENT,true,0.4158
parity_toeplitz_classification.tex#paper-discovered-b92f45406321154a17,parity_toeplitz_classification.tex#paper-discovered-b92f45406321154a17,paper-claim-audit-20260909,DOCUMENTATION,OTHER,OPEN,NOT_APPLICABLE,FINITE_FRAGMENT,true,0.4158
parity_toeplitz_classification.tex#paper-discovered-bc95440a2d345d61e5,parity_toeplitz_classification.tex#paper-discovered-bc95440a2d345d61e5,paper-claim-audit-20260909,DOCUMENTATION,OTHER,OPEN,NOT_APPLICABLE,FINITE_FRAGMENT,true,0.4158
parity_toeplitz_classification.tex#paper-discovered-bfaa5f451dd2db10c2,parity_toeplitz_classification.tex#paper-discovered-bfaa5f451dd2db10c2,paper-claim-audit-20260909,DOCUMENTATION,OTHER,OPEN,NOT_APPLICABLE,FINITE_FRAGMENT,true,0.4158
parity_toeplitz_classification.tex#paper-discovered-c1f1a1eaf716b58454,parity_toeplitz_classification.tex#paper-discovered-c1f1a1eaf716b58454,paper-claim-audit-20260909,DOCUMENTATION,OTHER,OPEN,NOT_APPLICABLE,FINITE_FRAGMENT,true,0.4158
parity_toeplitz_classification.tex#paper-discovered-c4f584830691972127,parity_toeplitz_classification.tex#paper-discovered-c4f584830691972127,paper-claim-audit-20260909,DOCUMENTATION,OTHER,OPEN,NOT_APPLICABLE,FINITE_FRAGMENT,true,0.4158
parity_toeplitz_classification.tex#paper-discovered-cd5e3cce9ea4f3170f,parity_toeplitz_classification.tex#paper-discovered-cd5e3cce9ea4f3170f,paper-claim-audit-20260909,DOCUMENTATION,OTHER,OPEN,NOT_APPLICABLE,FINITE_FRAGMENT,true,0.4158
parity_toeplitz_classification.tex#paper-discovered-ce3d5f0fc40b3225c8,parity_toeplitz_classification.tex#paper-discovered-ce3d5f0fc40b3225c8,paper-claim-audit-20260909,DOCUMENTATION,OTHER,OPEN,NOT_APPLICABLE,FINITE_FRAGMENT,true,0.4158
parity_toeplitz_classification.tex#paper-discovered-d3e6ad4539ec004f95,parity_toeplitz_classification.tex#paper-discovered-d3e6ad4539ec004f95,paper-claim-audit-20260909,DOCUMENTATION,OTHER,OPEN,NOT_APPLICABLE,FINITE_FRAGMENT,true,0.4158
parity_toeplitz_classification.tex#paper-discovered-dafcaa980aca53ed92,parity_toeplitz_classification.tex#paper-discovered-dafcaa980aca53ed92,paper-claim-audit-20260909,DOCUMENTATION,OTHER,OPEN,NOT_APPLICABLE,FINITE_FRAGMENT,true,0.4158
parity_toeplitz_classification.tex#paper-discovered-dddbca0e17742f0bfa,parity_toeplitz_classification.tex#paper-discovered-dddbca0e17742f0bfa,paper-claim-audit-20260909,DOCUMENTATION,OTHER,OPEN,NOT_APPLICABLE,FINITE_FRAGMENT,true,0.4158
parity_toeplitz_classification.tex#paper-discovered-dee174ffb08a5ceb18,parity_toeplitz_classification.tex#paper-discovered-dee174ffb08a5ceb18,paper-claim-audit-20260909,DOCUMENTATION,OTHER,OPEN,NOT_APPLICABLE,FINITE_FRAGMENT,true,0.4158
parity_toeplitz_classification.tex#paper-discovered-e288556fb374acee75,parity_toeplitz_classification.tex#paper-discovered-e288556fb374acee75,paper-claim-audit-20260909,DOCUMENTATION,OTHER,OPEN,NOT_APPLICABLE,FINITE_FRAGMENT,true,0.4158
parity_toeplitz_classification.tex#paper-discovered-e3fb89428aae11080a,parity_toeplitz_classification.tex#paper-discovered-e3fb89428aae11080a,paper-claim-audit-20260909,DOCUMENTATION,OTHER,OPEN,NOT_APPLICABLE,FINITE_FRAGMENT,true,0.4158
parity_toeplitz_classification.tex#paper-discovered-fa175f6232986ee441,parity_toeplitz_classification.tex#paper-discovered-fa175f6232986ee441,paper-claim-audit-20260909,DOCUMENTATION,OTHER,OPEN,NOT_APPLICABLE,FINITE_FRAGMENT,true,0.4158
parity_toeplitz_classification.tex#paper-parity-r1-open,parity_toeplitz_classification.tex#paper-parity-r1-open,paper-claim-audit-20260909,DOCUMENTATION,OTHER,RESTATED,NOT_APPLICABLE,FINITE_FRAGMENT,false,0.3025
parity_toeplitz_classification.tex#paper-parity-rank-three,parity_toeplitz_classification.tex#paper-parity-rank-three,paper-claim-audit-20260909,DOCUMENTATION,OTHER,RESTATED,NOT_APPLICABLE,FINITE_FRAGMENT,false,0.3025
parity_toeplitz_classification.tex#paper-parity-rank-two-refuted,parity_toeplitz_classification.tex#paper-parity-rank-two-refuted,paper-claim-audit-20260909,DOCUMENTATION,OTHER,KILLED,STRUCTURAL_MISMATCH,FINITE_FRAGMENT,false,0.88
parity_toeplitz_classification.tex#paper-parity-tv-floor,parity_toeplitz_classification.tex#paper-parity-tv-floor,paper-claim-audit-20260909,DOCUMENTATION,OTHER,RESTATED,NOT_APPLICABLE,FINITE_FRAGMENT,false,0.3025
rh/catalog/research_engine/results/00ee7a7d71d24d9992dc-137733c98f183a37d23f.json,rh/catalog/research_engine/results/00ee7a7d71d24d9992dc-137733c98f183a37d23f.json,paper-claim-audit-20260909,DOCUMENTATION,OTHER,OPEN,NOT_APPLICABLE,INFRASTRUCTURE,true,0.4158
rh/catalog/research_engine/results/01c1c1f85b1922cd5555-ce6b31dc4aef29dde28a.json,rh/catalog/research_engine/results/01c1c1f85b1922cd5555-ce6b31dc4aef29dde28a.json,paper-claim-audit-20260909,DOCUMENTATION,OTHER,OPEN,NOT_APPLICABLE,INFRASTRUCTURE,true,0.4158
rh/catalog/research_engine/results/02a3af21aad8e34acdac-7815c7ba7c1747a50ebc.json,rh/catalog/research_engine/results/02a3af21aad8e34acdac-7815c7ba7c1747a50ebc.json,paper-claim-audit-20260909,DOCUMENTATION,OTHER,OPEN,NOT_APPLICABLE,INFRASTRUCTURE,true,0.4158
rh/catalog/research_engine/results/02ab4dfa1b4f8fe3f653-1448eda75c0d9f7c54b9.json,rh/catalog/research_engine/results/02ab4dfa1b4f8fe3f653-1448eda75c0d9f7c54b9.json,paper-claim-audit-20260909,DOCUMENTATION,OTHER,OPEN,NOT_APPLICABLE,INFRASTRUCTURE,true,0.4158
rh/catalog/research_engine/results/04133e2e7b324db349c6-ec5009d27856decd8da9.json,rh/catalog/research_engine/results/04133e2e7b324db349c6-ec5009d27856decd8da9.json,paper-claim-audit-20260909,DOCUMENTATION,OTHER,OPEN,NOT_APPLICABLE,INFRASTRUCTURE,true,0.4158
rh/catalog/research_engine/results/054838d44e5ebecca19f-8ea50ab6b1b9ece914cd.json,rh/catalog/research_engine/results/054838d44e5ebecca19f-8ea50ab6b1b9ece914cd.json,paper-claim-audit-20260909,DOCUMENTATION,OTHER,OPEN,NOT_APPLICABLE,INFRASTRUCTURE,true,0.4158
rh/catalog/research_engine/results/197b476fcee6ddf87925-7e6b629d2b396dd307c6.json,rh/catalog/research_engine/results/197b476fcee6ddf87925-7e6b629d2b396dd307c6.json,paper-claim-audit-20260909,DOCUMENTATION,OTHER,OPEN,NOT_APPLICABLE,INFRASTRUCTURE,true,0.4158
rh/catalog/research_engine/results/1b20bd62752303f80e3b-0ae4c77a6c6348f40064.json,rh/catalog/research_engine/results/1b20bd62752303f80e3b-0ae4c77a6c6348f40064.json,paper-claim-audit-20260909,DOCUMENTATION,OTHER,OPEN,NOT_APPLICABLE,INFRASTRUCTURE,true,0.4158
rh/catalog/research_engine/results/1d38897a7c613767cef1-3f514638489df697b7a4.json,rh/catalog/research_engine/results/1d38897a7c613767cef1-3f514638489df697b7a4.json,paper-claim-audit-20260909,DOCUMENTATION,OTHER,OPEN,NOT_APPLICABLE,INFRASTRUCTURE,true,0.4158
rh/catalog/research_engine/results/1deef5a392a300dd18d3-d3c2831cc307ad761991.json,rh/catalog/research_engine/results/1deef5a392a300dd18d3-d3c2831cc307ad761991.json,paper-claim-audit-20260909,DOCUMENTATION,OTHER,OPEN,NOT_APPLICABLE,INFRASTRUCTURE,true,0.4158
rh/catalog/research_engine/results/1edaee96b51c865c6c96-5160b6331d71b5f58190.json,rh/catalog/research_engine/results/1edaee96b51c865c6c96-5160b6331d71b5f58190.json,paper-claim-audit-20260909,DOCUMENTATION,OTHER,OPEN,NOT_APPLICABLE,INFRASTRUCTURE,true,0.4158
rh/catalog/research_engine/results/2201c1f528e2ad759dbc-4a8a1a6ff153a8459fdd.json,rh/catalog/research_engine/results/2201c1f528e2ad759dbc-4a8a1a6ff153a8459fdd.json,paper-claim-audit-20260909,DOCUMENTATION,OTHER,OPEN,NOT_APPLICABLE,INFRASTRUCTURE,true,0.4158
rh/catalog/research_engine/results/226bed110858038c9d22-836d2c397f1aa94e1d32.json,rh/catalog/research_engine/results/226bed110858038c9d22-836d2c397f1aa94e1d32.json,paper-claim-audit-20260909,DOCUMENTATION,OTHER,OPEN,NOT_APPLICABLE,INFRASTRUCTURE,true,0.4158
rh/catalog/research_engine/results/22a7c052cefc781c698c-0a508f17a9aed177a291.json,rh/catalog/research_engine/results/22a7c052cefc781c698c-0a508f17a9aed177a291.json,paper-claim-audit-20260909,DOCUMENTATION,OTHER,OPEN,NOT_APPLICABLE,INFRASTRUCTURE,true,0.4158
rh/catalog/research_engine/results/23ad10578c30a41c1dd9-c5aeb50cef50e8b6d0ab.json,rh/catalog/research_engine/results/23ad10578c30a41c1dd9-c5aeb50cef50e8b6d0ab.json,paper-claim-audit-20260909,DOCUMENTATION,OTHER,OPEN,NOT_APPLICABLE,INFRASTRUCTURE,true,0.4158
rh/catalog/research_engine/results/2495edd2d4c00938ab67-7859bd6009c4686b82b2.json,rh/catalog/research_engine/results/2495edd2d4c00938ab67-7859bd6009c4686b82b2.json,paper-claim-audit-20260909,DOCUMENTATION,OTHER,OPEN,NOT_APPLICABLE,INFRASTRUCTURE,true,0.4158
rh/catalog/research_engine/results/24a4f0c34f23ace4b258-6f69746427ddfd2d56d1.json,rh/catalog/research_engine/results/24a4f0c34f23ace4b258-6f69746427ddfd2d56d1.json,paper-claim-audit-20260909,DOCUMENTATION,OTHER,OPEN,NOT_APPLICABLE,INFRASTRUCTURE,true,0.4158
rh/catalog/research_engine/results/2665966261f63a5be264-c1833814d2b315557703.json,rh/catalog/research_engine/results/2665966261f63a5be264-c1833814d2b315557703.json,paper-claim-audit-20260909,DOCUMENTATION,OTHER,OPEN,NOT_APPLICABLE,INFRASTRUCTURE,true,0.4158
rh/catalog/research_engine/results/2a5119f4be4d183f35ca-6ea69c52145748826c6c.json,rh/catalog/research_engine/results/2a5119f4be4d183f35ca-6ea69c52145748826c6c.json,paper-claim-audit-20260909,DOCUMENTATION,OTHER,OPEN,NOT_APPLICABLE,INFRASTRUCTURE,true,0.4158
rh/catalog/research_engine/results/2bca6b421f2cab3db40d-917e012b83ea0594ce16.json,rh/catalog/research_engine/results/2bca6b421f2cab3db40d-917e012b83ea0594ce16.json,paper-claim-audit-20260909,DOCUMENTATION,OTHER,OPEN,NOT_APPLICABLE,INFRASTRUCTURE,true,0.4158
rh/catalog/research_engine/results/2fe73304c82980ba7274-f2a80208450f2bf5cbef.json,rh/catalog/research_engine/results/2fe73304c82980ba7274-f2a80208450f2bf5cbef.json,paper-claim-audit-20260909,DOCUMENTATION,OTHER,OPEN,NOT_APPLICABLE,INFRASTRUCTURE,true,0.4158
rh/catalog/research_engine/results/30e2c1ea8c5c34f23609-fe7f92c213b7542a08b6.json,rh/catalog/research_engine/results/30e2c1ea8c5c34f23609-fe7f92c213b7542a08b6.json,paper-claim-audit-20260909,DOCUMENTATION,OTHER,OPEN,NOT_APPLICABLE,INFRASTRUCTURE,true,0.4158
rh/catalog/research_engine/results/31f4cbc64c9fcf9a690e-0ccba4c1570398b97848.json,rh/catalog/research_engine/results/31f4cbc64c9fcf9a690e-0ccba4c1570398b97848.json,paper-claim-audit-20260909,DOCUMENTATION,OTHER,OPEN,NOT_APPLICABLE,INFRASTRUCTURE,true,0.4158
rh/catalog/research_engine/results/396e2aed8501c2c6ec04-869050aa2e95e1ea1fa1.json,rh/catalog/research_engine/results/396e2aed8501c2c6ec04-869050aa2e95e1ea1fa1.json,paper-claim-audit-20260909,DOCUMENTATION,OTHER,OPEN,NOT_APPLICABLE,INFRASTRUCTURE,true,0.4158
rh/catalog/research_engine/results/3ed8c913159a8e42fbfe-1d31edad4059e269a417.json,rh/catalog/research_engine/results/3ed8c913159a8e42fbfe-1d31edad4059e269a417.json,paper-claim-audit-20260909,DOCUMENTATION,OTHER,OPEN,NOT_APPLICABLE,INFRASTRUCTURE,true,0.4158
rh/catalog/research_engine/results/4465b0893e26290a5c71-2e4926c370927c6e333b.json,rh/catalog/research_engine/results/4465b0893e26290a5c71-2e4926c370927c6e333b.json,paper-claim-audit-20260909,DOCUMENTATION,OTHER,OPEN,NOT_APPLICABLE,INFRASTRUCTURE,true,0.4158
rh/catalog/research_engine/results/44bdb8960247e9e41ddb-d7cd51360b513d5f329c.json,rh/catalog/research_engine/results/44bdb8960247e9e41ddb-d7cd51360b513d5f329c.json,paper-claim-audit-20260909,DOCUMENTATION,OTHER,OPEN,NOT_APPLICABLE,INFRASTRUCTURE,true,0.4158
rh/catalog/research_engine/results/4805350b2720e3271e71-14793f3d1f870fca9cf9.json,rh/catalog/research_engine/results/4805350b2720e3271e71-14793f3d1f870fca9cf9.json,paper-claim-audit-20260909,DOCUMENTATION,OTHER,OPEN,NOT_APPLICABLE,INFRASTRUCTURE,true,0.4158
rh/catalog/research_engine/results/491b9280f7f01a8a37fe-f154186a35d1cd74d0e1.json,rh/catalog/research_engine/results/491b9280f7f01a8a37fe-f154186a35d1cd74d0e1.json,paper-claim-audit-20260909,DOCUMENTATION,OTHER,OPEN,NOT_APPLICABLE,INFRASTRUCTURE,true,0.4158
rh/catalog/research_engine/results/49206e31105f9b010004-c23e5d737be98c3344e8.json,rh/catalog/research_engine/results/49206e31105f9b010004-c23e5d737be98c3344e8.json,paper-claim-audit-20260909,DOCUMENTATION,OTHER,OPEN,NOT_APPLICABLE,INFRASTRUCTURE,true,0.4158
rh/catalog/research_engine/results/495998e71e8f4c789b64-e433b495cea7c94219ee.json,rh/catalog/research_engine/results/495998e71e8f4c789b64-e433b495cea7c94219ee.json,paper-claim-audit-20260909,DOCUMENTATION,OTHER,OPEN,NOT_APPLICABLE,INFRASTRUCTURE,true,0.4158
rh/catalog/research_engine/results/503430682f427668488b-db9d173c181a3bc7b182.json,rh/catalog/research_engine/results/503430682f427668488b-db9d173c181a3bc7b182.json,paper-claim-audit-20260909,DOCUMENTATION,OTHER,OPEN,NOT_APPLICABLE,INFRASTRUCTURE,true,0.4158
rh/catalog/research_engine/results/54871ccf0c417b1be1c5-f3ffe3e6aa76fe08df5c.json,rh/catalog/research_engine/results/54871ccf0c417b1be1c5-f3ffe3e6aa76fe08df5c.json,paper-claim-audit-20260909,DOCUMENTATION,OTHER,OPEN,NOT_APPLICABLE,INFRASTRUCTURE,true,0.4158
rh/catalog/research_engine/results/55a4575c929b484cd6cf-ba76610dc052de42b534.json,rh/catalog/research_engine/results/55a4575c929b484cd6cf-ba76610dc052de42b534.json,paper-claim-audit-20260909,DOCUMENTATION,OTHER,OPEN,NOT_APPLICABLE,INFRASTRUCTURE,true,0.4158
rh/catalog/research_engine/results/56c71e165621d9782eab-81d325a2648236d38357.json,rh/catalog/research_engine/results/56c71e165621d9782eab-81d325a2648236d38357.json,paper-claim-audit-20260909,DOCUMENTATION,OTHER,OPEN,NOT_APPLICABLE,INFRASTRUCTURE,true,0.4158
rh/catalog/research_engine/results/56e2f7259d3e1eddfef2-d8a10c59661f08dc71b1.json,rh/catalog/research_engine/results/56e2f7259d3e1eddfef2-d8a10c59661f08dc71b1.json,paper-claim-audit-20260909,DOCUMENTATION,OTHER,OPEN,NOT_APPLICABLE,INFRASTRUCTURE,true,0.4158
rh/catalog/research_engine/results/58d51f149dd9b146c68f-7ded60fa159efe3fedfc.json,rh/catalog/research_engine/results/58d51f149dd9b146c68f-7ded60fa159efe3fedfc.json,paper-claim-audit-20260909,DOCUMENTATION,OTHER,OPEN,NOT_APPLICABLE,INFRASTRUCTURE,true,0.4158
rh/catalog/research_engine/results/59f266ce0bf6d8d3f736-9bafa0ea341a0262a29a.json,rh/catalog/research_engine/results/59f266ce0bf6d8d3f736-9bafa0ea341a0262a29a.json,paper-claim-audit-20260909,DOCUMENTATION,OTHER,OPEN,NOT_APPLICABLE,INFRASTRUCTURE,true,0.4158
rh/catalog/research_engine/results/59f266ce0bf6d8d3f736-e77228951b79efab687a.json,rh/catalog/research_engine/results/59f266ce0bf6d8d3f736-e77228951b79efab687a.json,paper-claim-audit-20260909,DOCUMENTATION,OTHER,OPEN,NOT_APPLICABLE,INFRASTRUCTURE,true,0.4158
rh/catalog/research_engine/results/5bb72a2dd025609bf7c8-4ce3af5c971e940e8742.json,rh/catalog/research_engine/results/5bb72a2dd025609bf7c8-4ce3af5c971e940e8742.json,paper-claim-audit-20260909,DOCUMENTATION,OTHER,OPEN,NOT_APPLICABLE,INFRASTRUCTURE,true,0.4158
rh/catalog/research_engine/results/5e61d54c7fc94ba87fb3-9ff1795eb8cdce256fab.json,rh/catalog/research_engine/results/5e61d54c7fc94ba87fb3-9ff1795eb8cdce256fab.json,paper-claim-audit-20260909,DOCUMENTATION,OTHER,OPEN,NOT_APPLICABLE,INFRASTRUCTURE,true,0.4158
rh/catalog/research_engine/results/5e61d54c7fc94ba87fb3-d933cb97bbe60a4df147.json,rh/catalog/research_engine/results/5e61d54c7fc94ba87fb3-d933cb97bbe60a4df147.json,paper-claim-audit-20260909,DOCUMENTATION,OTHER,OPEN,NOT_APPLICABLE,INFRASTRUCTURE,true,0.4158
rh/catalog/research_engine/results/6593fe1682fa1c612586-7d1ea5a105817cb7ca86.json,rh/catalog/research_engine/results/6593fe1682fa1c612586-7d1ea5a105817cb7ca86.json,paper-claim-audit-20260909,DOCUMENTATION,OTHER,OPEN,NOT_APPLICABLE,INFRASTRUCTURE,true,0.4158
rh/catalog/research_engine/results/6c63b79bc4b3ae978d4c-b2058615bc29ef758d1a.json,rh/catalog/research_engine/results/6c63b79bc4b3ae978d4c-b2058615bc29ef758d1a.json,paper-claim-audit-20260909,DOCUMENTATION,OTHER,OPEN,NOT_APPLICABLE,INFRASTRUCTURE,true,0.4158
rh/catalog/research_engine/results/7632581451a561f8a598-26aef13f80769f12b819.json,rh/catalog/research_engine/results/7632581451a561f8a598-26aef13f80769f12b819.json,paper-claim-audit-20260909,DOCUMENTATION,OTHER,OPEN,NOT_APPLICABLE,INFRASTRUCTURE,true,0.4158
rh/catalog/research_engine/results/7731668a96b791a00760-c5b473f8ac97378a2c7a.json,rh/catalog/research_engine/results/7731668a96b791a00760-c5b473f8ac97378a2c7a.json,paper-claim-audit-20260909,DOCUMENTATION,OTHER,OPEN,NOT_APPLICABLE,INFRASTRUCTURE,true,0.4158
rh/catalog/research_engine/results/7c143aa16194c0430198-4c6967e0320f06919adf.json,rh/catalog/research_engine/results/7c143aa16194c0430198-4c6967e0320f06919adf.json,paper-claim-audit-20260909,DOCUMENTATION,OTHER,OPEN,NOT_APPLICABLE,INFRASTRUCTURE,true,0.4158
rh/catalog/research_engine/results/8089983e645565143e67-54d2d2aa3c153b463d12.json,rh/catalog/research_engine/results/8089983e645565143e67-54d2d2aa3c153b463d12.json,paper-claim-audit-20260909,DOCUMENTATION,OTHER,OPEN,NOT_APPLICABLE,INFRASTRUCTURE,true,0.4158
rh/catalog/research_engine/results/838b3b3d42bad99210ca-d200bd98a4161d18771d.json,rh/catalog/research_engine/results/838b3b3d42bad99210ca-d200bd98a4161d18771d.json,paper-claim-audit-20260909,DOCUMENTATION,OTHER,OPEN,NOT_APPLICABLE,INFRASTRUCTURE,true,0.4158
rh/catalog/research_engine/results/8660fe7a567215dc1e7d-0ad3a93e9fffed8fce47.json,rh/catalog/research_engine/results/8660fe7a567215dc1e7d-0ad3a93e9fffed8fce47.json,paper-claim-audit-20260909,DOCUMENTATION,OTHER,OPEN,NOT_APPLICABLE,INFRASTRUCTURE,true,0.4158
rh/catalog/research_engine/results/86e1a0a653cc477a4c2e-982f6f9e923d4ed4aa06.json,rh/catalog/research_engine/results/86e1a0a653cc477a4c2e-982f6f9e923d4ed4aa06.json,paper-claim-audit-20260909,DOCUMENTATION,OTHER,OPEN,NOT_APPLICABLE,INFRASTRUCTURE,true,0.4158
rh/catalog/research_engine/results/8e6e2acd80d27c201412-3b5592ee1b81c4925fbb.json,rh/catalog/research_engine/results/8e6e2acd80d27c201412-3b5592ee1b81c4925fbb.json,paper-claim-audit-20260909,DOCUMENTATION,OTHER,OPEN,NOT_APPLICABLE,INFRASTRUCTURE,true,0.4158
rh/catalog/research_engine/results/8ea5f9a999677d8c1fc2-bc732a52d1f99f03fed4.json,rh/catalog/research_engine/results/8ea5f9a999677d8c1fc2-bc732a52d1f99f03fed4.json,paper-claim-audit-20260909,DOCUMENTATION,OTHER,OPEN,NOT_APPLICABLE,INFRASTRUCTURE,true,0.4158
rh/catalog/research_engine/results/933e292f75fe6cccb46d-2935d1f45ad3a4081572.json,rh/catalog/research_engine/results/933e292f75fe6cccb46d-2935d1f45ad3a4081572.json,paper-claim-audit-20260909,DOCUMENTATION,OTHER,OPEN,NOT_APPLICABLE,INFRASTRUCTURE,true,0.4158
rh/catalog/research_engine/results/943a24806adc5110bfac-7a83eba58cbdebf2d463.json,rh/catalog/research_engine/results/943a24806adc5110bfac-7a83eba58cbdebf2d463.json,paper-claim-audit-20260909,DOCUMENTATION,OTHER,OPEN,NOT_APPLICABLE,INFRASTRUCTURE,true,0.4158
rh/catalog/research_engine/results/952ab0ef9e61a6314ee0-ebcf489aaec71e03ef1b.json,rh/catalog/research_engine/results/952ab0ef9e61a6314ee0-ebcf489aaec71e03ef1b.json,paper-claim-audit-20260909,DOCUMENTATION,OTHER,OPEN,NOT_APPLICABLE,INFRASTRUCTURE,true,0.4158
rh/catalog/research_engine/results/9649bf8ecce60a8a3e38-df4732698cbeda550642.json,rh/catalog/research_engine/results/9649bf8ecce60a8a3e38-df4732698cbeda550642.json,paper-claim-audit-20260909,DOCUMENTATION,OTHER,OPEN,NOT_APPLICABLE,INFRASTRUCTURE,true,0.4158
rh/catalog/research_engine/results/98376f761b136af87a3a-b7bc220266499bd84e80.json,rh/catalog/research_engine/results/98376f761b136af87a3a-b7bc220266499bd84e80.json,paper-claim-audit-20260909,DOCUMENTATION,OTHER,OPEN,NOT_APPLICABLE,INFRASTRUCTURE,true,0.4158
rh/catalog/research_engine/results/9b5df48ca2a537b5f090-3a2372c7adfc6272f5ee.json,rh/catalog/research_engine/results/9b5df48ca2a537b5f090-3a2372c7adfc6272f5ee.json,paper-claim-audit-20260909,DOCUMENTATION,OTHER,OPEN,NOT_APPLICABLE,INFRASTRUCTURE,true,0.4158
rh/catalog/research_engine/results/9bafcb5d890ed63b1583-efdeb23e18eefa36fa3f.json,rh/catalog/research_engine/results/9bafcb5d890ed63b1583-efdeb23e18eefa36fa3f.json,paper-claim-audit-20260909,DOCUMENTATION,OTHER,OPEN,NOT_APPLICABLE,INFRASTRUCTURE,true,0.4158
rh/catalog/research_engine/results/9fb53ea037ff5464edee-707dddd23bc1fa457b96.json,rh/catalog/research_engine/results/9fb53ea037ff5464edee-707dddd23bc1fa457b96.json,paper-claim-audit-20260909,DOCUMENTATION,OTHER,OPEN,NOT_APPLICABLE,INFRASTRUCTURE,true,0.4158
rh/catalog/research_engine/results/a04ac936f779ff00b5f1-4197857072240bc1c0c9.json,rh/catalog/research_engine/results/a04ac936f779ff00b5f1-4197857072240bc1c0c9.json,paper-claim-audit-20260909,DOCUMENTATION,OTHER,OPEN,NOT_APPLICABLE,INFRASTRUCTURE,true,0.4158
rh/catalog/research_engine/results/a05d2c08c25414107b60-f4e1657edc8caf25ee48.json,rh/catalog/research_engine/results/a05d2c08c25414107b60-f4e1657edc8caf25ee48.json,paper-claim-audit-20260909,DOCUMENTATION,OTHER,OPEN,NOT_APPLICABLE,INFRASTRUCTURE,true,0.4158
rh/catalog/research_engine/results/a0f8aa486f0f64c03825-27122c10b61fe513cce3.json,rh/catalog/research_engine/results/a0f8aa486f0f64c03825-27122c10b61fe513cce3.json,paper-claim-audit-20260909,DOCUMENTATION,OTHER,OPEN,NOT_APPLICABLE,INFRASTRUCTURE,true,0.4158
rh/catalog/research_engine/results/a4e723ed85107148e5cd-d44f763a4f1c89ec595c.json,rh/catalog/research_engine/results/a4e723ed85107148e5cd-d44f763a4f1c89ec595c.json,paper-claim-audit-20260909,DOCUMENTATION,OTHER,OPEN,NOT_APPLICABLE,INFRASTRUCTURE,true,0.4158
rh/catalog/research_engine/results/adf473a211e62d082946-3e5b6ecae6ca8083433c.json,rh/catalog/research_engine/results/adf473a211e62d082946-3e5b6ecae6ca8083433c.json,paper-claim-audit-20260909,DOCUMENTATION,OTHER,OPEN,NOT_APPLICABLE,INFRASTRUCTURE,true,0.4158
rh/catalog/research_engine/results/b0191b67d2f7cbab9df2-e351803cb77e48208d8e.json,rh/catalog/research_engine/results/b0191b67d2f7cbab9df2-e351803cb77e48208d8e.json,paper-claim-audit-20260909,DOCUMENTATION,OTHER,OPEN,NOT_APPLICABLE,INFRASTRUCTURE,true,0.4158
rh/catalog/research_engine/results/b17d002396911bfee16f-7c48401dbcd62c0552d2.json,rh/catalog/research_engine/results/b17d002396911bfee16f-7c48401dbcd62c0552d2.json,paper-claim-audit-20260909,DOCUMENTATION,OTHER,OPEN,NOT_APPLICABLE,INFRASTRUCTURE,true,0.4158
rh/catalog/research_engine/results/b1e3d23bbf7959bf7058-793dd088543f2fa510fb.json,rh/catalog/research_engine/results/b1e3d23bbf7959bf7058-793dd088543f2fa510fb.json,paper-claim-audit-20260909,DOCUMENTATION,OTHER,OPEN,NOT_APPLICABLE,INFRASTRUCTURE,true,0.4158
rh/catalog/research_engine/results/b2d1536430b4160671da-c96e01fcc484cf6d3a96.json,rh/catalog/research_engine/results/b2d1536430b4160671da-c96e01fcc484cf6d3a96.json,paper-claim-audit-20260909,DOCUMENTATION,OTHER,OPEN,NOT_APPLICABLE,INFRASTRUCTURE,true,0.4158
rh/catalog/research_engine/results/b7b5d259fb821653794b-76d846c70398a203ea7a.json,rh/catalog/research_engine/results/b7b5d259fb821653794b-76d846c70398a203ea7a.json,paper-claim-audit-20260909,DOCUMENTATION,OTHER,OPEN,NOT_APPLICABLE,INFRASTRUCTURE,true,0.4158
rh/catalog/research_engine/results/bd2948c33ea1366efeb2-36af07e1911381ace9a3.json,rh/catalog/research_engine/results/bd2948c33ea1366efeb2-36af07e1911381ace9a3.json,paper-claim-audit-20260909,DOCUMENTATION,OTHER,OPEN,NOT_APPLICABLE,INFRASTRUCTURE,true,0.4158
rh/catalog/research_engine/results/befea4742a94a35e4201-11d42aa5f0601bb3cae8.json,rh/catalog/research_engine/results/befea4742a94a35e4201-11d42aa5f0601bb3cae8.json,paper-claim-audit-20260909,DOCUMENTATION,OTHER,OPEN,NOT_APPLICABLE,INFRASTRUCTURE,true,0.4158
rh/catalog/research_engine/results/c01cb4a6cd94ae40bfa8-076cc573c89643811629.json,rh/catalog/research_engine/results/c01cb4a6cd94ae40bfa8-076cc573c89643811629.json,paper-claim-audit-20260909,DOCUMENTATION,OTHER,OPEN,NOT_APPLICABLE,INFRASTRUCTURE,true,0.4158
rh/catalog/research_engine/results/c7a5b9a901d71e4e3992-49f33427ef7bf8def3fd.json,rh/catalog/research_engine/results/c7a5b9a901d71e4e3992-49f33427ef7bf8def3fd.json,paper-claim-audit-20260909,DOCUMENTATION,OTHER,OPEN,NOT_APPLICABLE,INFRASTRUCTURE,true,0.4158
rh/catalog/research_engine/results/cab32e6011ca282684e1-8cfc42a7b06935836ddd.json,rh/catalog/research_engine/results/cab32e6011ca282684e1-8cfc42a7b06935836ddd.json,paper-claim-audit-20260909,DOCUMENTATION,OTHER,OPEN,NOT_APPLICABLE,INFRASTRUCTURE,true,0.4158
rh/catalog/research_engine/results/cc2897fe68d1da8a9cd0-e73f6e7396ac7f90861a.json,rh/catalog/research_engine/results/cc2897fe68d1da8a9cd0-e73f6e7396ac7f90861a.json,paper-claim-audit-20260909,DOCUMENTATION,OTHER,OPEN,NOT_APPLICABLE,INFRASTRUCTURE,true,0.4158
rh/catalog/research_engine/results/cc857032ec0523eff1a0-07b59ef5a34e85a220b8.json,rh/catalog/research_engine/results/cc857032ec0523eff1a0-07b59ef5a34e85a220b8.json,paper-claim-audit-20260909,DOCUMENTATION,OTHER,OPEN,NOT_APPLICABLE,INFRASTRUCTURE,true,0.4158
rh/catalog/research_engine/results/cf3e42f061fc941ef1cb-4f619f4844b93053f3f9.json,rh/catalog/research_engine/results/cf3e42f061fc941ef1cb-4f619f4844b93053f3f9.json,paper-claim-audit-20260909,DOCUMENTATION,OTHER,OPEN,NOT_APPLICABLE,INFRASTRUCTURE,true,0.4158
rh/catalog/research_engine/results/cf7c855ae564f86c79fd-3e303f5d4089c67dcce5.json,rh/catalog/research_engine/results/cf7c855ae564f86c79fd-3e303f5d4089c67dcce5.json,paper-claim-audit-20260909,DOCUMENTATION,OTHER,OPEN,NOT_APPLICABLE,INFRASTRUCTURE,true,0.4158
rh/catalog/research_engine/results/d5b566672d584b3f6168-175d112bbfa03b23ca4f.json,rh/catalog/research_engine/results/d5b566672d584b3f6168-175d112bbfa03b23ca4f.json,paper-claim-audit-20260909,DOCUMENTATION,OTHER,OPEN,NOT_APPLICABLE,INFRASTRUCTURE,true,0.4158
rh/catalog/research_engine/results/d65295d5e3fe40fb3701-b69208d88fa0d9614386.json,rh/catalog/research_engine/results/d65295d5e3fe40fb3701-b69208d88fa0d9614386.json,paper-claim-audit-20260909,DOCUMENTATION,OTHER,OPEN,NOT_APPLICABLE,INFRASTRUCTURE,true,0.4158
rh/catalog/research_engine/results/daa5ba359ceb354e2f88-e44ecb341937c401af9f.json,rh/catalog/research_engine/results/daa5ba359ceb354e2f88-e44ecb341937c401af9f.json,paper-claim-audit-20260909,DOCUMENTATION,OTHER,OPEN,NOT_APPLICABLE,INFRASTRUCTURE,true,0.4158
rh/catalog/research_engine/results/dee4dbd465492c8a29b0-fa8365b8fab9a2525941.json,rh/catalog/research_engine/results/dee4dbd465492c8a29b0-fa8365b8fab9a2525941.json,paper-claim-audit-20260909,DOCUMENTATION,OTHER,OPEN,NOT_APPLICABLE,INFRASTRUCTURE,true,0.4158
rh/catalog/research_engine/results/e4804354c70a3c1992c9-1072c65194fbaba5102a.json,rh/catalog/research_engine/results/e4804354c70a3c1992c9-1072c65194fbaba5102a.json,paper-claim-audit-20260909,DOCUMENTATION,OTHER,OPEN,NOT_APPLICABLE,INFRASTRUCTURE,true,0.4158
rh/catalog/research_engine/results/ed34b2d2f5ac4f46c5cf-17dde544f9dc30d52e0f.json,rh/catalog/research_engine/results/ed34b2d2f5ac4f46c5cf-17dde544f9dc30d52e0f.json,paper-claim-audit-20260909,DOCUMENTATION,OTHER,OPEN,NOT_APPLICABLE,INFRASTRUCTURE,true,0.4158
rh/catalog/research_engine/results/f50550d0b55c8398f7f7-2f3a7f9a1cd4f2977aa6.json,rh/catalog/research_engine/results/f50550d0b55c8398f7f7-2f3a7f9a1cd4f2977aa6.json,paper-claim-audit-20260909,DOCUMENTATION,OTHER,OPEN,NOT_APPLICABLE,INFRASTRUCTURE,true,0.4158
rh/catalog/research_engine/results/f529de163b9eff9064ec-bdaf5af883920f7d4ffd.json,rh/catalog/research_engine/results/f529de163b9eff9064ec-bdaf5af883920f7d4ffd.json,paper-claim-audit-20260909,DOCUMENTATION,OTHER,OPEN,NOT_APPLICABLE,INFRASTRUCTURE,true,0.4158
rh/catalog/research_engine/results/f9f81a97bebf4e47a2dc-9b4b9ffd3ac31a07edef.json,rh/catalog/research_engine/results/f9f81a97bebf4e47a2dc-9b4b9ffd3ac31a07edef.json,paper-claim-audit-20260909,DOCUMENTATION,OTHER,OPEN,NOT_APPLICABLE,INFRASTRUCTURE,true,0.4158
rh/catalog/research_engine/results/fca79d9e6596a5e41121-e7e0d3617ea12a06a89e.json,rh/catalog/research_engine/results/fca79d9e6596a5e41121-e7e0d3617ea12a06a89e.json,paper-claim-audit-20260909,DOCUMENTATION,OTHER,OPEN,NOT_APPLICABLE,INFRASTRUCTURE,true,0.4158
rh/catalog/research_engine/submissions/00ee7a7d71d24d9992dc.json,rh/catalog/research_engine/submissions/00ee7a7d71d24d9992dc.json,paper-claim-audit-20260909,DOCUMENTATION,OTHER,OPEN,NOT_APPLICABLE,INFRASTRUCTURE,true,0.4158
rh/catalog/research_engine/submissions/01c1c1f85b1922cd5555.json,rh/catalog/research_engine/submissions/01c1c1f85b1922cd5555.json,paper-claim-audit-20260909,DOCUMENTATION,OTHER,OPEN,NOT_APPLICABLE,INFRASTRUCTURE,true,0.4158
rh/catalog/research_engine/submissions/02a3af21aad8e34acdac.json,rh/catalog/research_engine/submissions/02a3af21aad8e34acdac.json,paper-claim-audit-20260909,DOCUMENTATION,OTHER,OPEN,NOT_APPLICABLE,INFRASTRUCTURE,true,0.4158
rh/catalog/research_engine/submissions/02ab4dfa1b4f8fe3f653.json,rh/catalog/research_engine/submissions/02ab4dfa1b4f8fe3f653.json,paper-claim-audit-20260909,DOCUMENTATION,OTHER,OPEN,NOT_APPLICABLE,INFRASTRUCTURE,true,0.4158
rh/catalog/research_engine/submissions/04133e2e7b324db349c6.json,rh/catalog/research_engine/submissions/04133e2e7b324db349c6.json,paper-claim-audit-20260909,DOCUMENTATION,OTHER,OPEN,NOT_APPLICABLE,INFRASTRUCTURE,true,0.4158
rh/catalog/research_engine/submissions/054838d44e5ebecca19f.json,rh/catalog/research_engine/submissions/054838d44e5ebecca19f.json,paper-claim-audit-20260909,DOCUMENTATION,OTHER,OPEN,NOT_APPLICABLE,INFRASTRUCTURE,true,0.4158
rh/catalog/research_engine/submissions/197b476fcee6ddf87925.json,rh/catalog/research_engine/submissions/197b476fcee6ddf87925.json,paper-claim-audit-20260909,DOCUMENTATION,OTHER,OPEN,NOT_APPLICABLE,INFRASTRUCTURE,true,0.4158
rh/catalog/research_engine/submissions/1b20bd62752303f80e3b.json,rh/catalog/research_engine/submissions/1b20bd62752303f80e3b.json,paper-claim-audit-20260909,DOCUMENTATION,OTHER,OPEN,NOT_APPLICABLE,INFRASTRUCTURE,true,0.4158
rh/catalog/research_engine/submissions/1d38897a7c613767cef1.json,rh/catalog/research_engine/submissions/1d38897a7c613767cef1.json,paper-claim-audit-20260909,DOCUMENTATION,OTHER,OPEN,NOT_APPLICABLE,INFRASTRUCTURE,true,0.4158
rh/catalog/research_engine/submissions/1deef5a392a300dd18d3.json,rh/catalog/research_engine/submissions/1deef5a392a300dd18d3.json,paper-claim-audit-20260909,DOCUMENTATION,OTHER,OPEN,NOT_APPLICABLE,INFRASTRUCTURE,true,0.4158
rh/catalog/research_engine/submissions/1edaee96b51c865c6c96.json,rh/catalog/research_engine/submissions/1edaee96b51c865c6c96.json,paper-claim-audit-20260909,DOCUMENTATION,OTHER,OPEN,NOT_APPLICABLE,INFRASTRUCTURE,true,0.4158
rh/catalog/research_engine/submissions/2201c1f528e2ad759dbc.json,rh/catalog/research_engine/submissions/2201c1f528e2ad759dbc.json,paper-claim-audit-20260909,DOCUMENTATION,OTHER,OPEN,NOT_APPLICABLE,INFRASTRUCTURE,true,0.4158
rh/catalog/research_engine/submissions/226bed110858038c9d22.json,rh/catalog/research_engine/submissions/226bed110858038c9d22.json,paper-claim-audit-20260909,DOCUMENTATION,OTHER,OPEN,NOT_APPLICABLE,INFRASTRUCTURE,true,0.4158
rh/catalog/research_engine/submissions/22a7c052cefc781c698c.json,rh/catalog/research_engine/submissions/22a7c052cefc781c698c.json,paper-claim-audit-20260909,DOCUMENTATION,OTHER,OPEN,NOT_APPLICABLE,INFRASTRUCTURE,true,0.4158
rh/catalog/research_engine/submissions/23ad10578c30a41c1dd9.json,rh/catalog/research_engine/submissions/23ad10578c30a41c1dd9.json,paper-claim-audit-20260909,DOCUMENTATION,OTHER,OPEN,NOT_APPLICABLE,INFRASTRUCTURE,true,0.4158
rh/catalog/research_engine/submissions/2495edd2d4c00938ab67.json,rh/catalog/research_engine/submissions/2495edd2d4c00938ab67.json,paper-claim-audit-20260909,DOCUMENTATION,OTHER,OPEN,NOT_APPLICABLE,INFRASTRUCTURE,true,0.4158
rh/catalog/research_engine/submissions/24a4f0c34f23ace4b258.json,rh/catalog/research_engine/submissions/24a4f0c34f23ace4b258.json,paper-claim-audit-20260909,DOCUMENTATION,OTHER,OPEN,NOT_APPLICABLE,INFRASTRUCTURE,true,0.4158
rh/catalog/research_engine/submissions/2665966261f63a5be264.json,rh/catalog/research_engine/submissions/2665966261f63a5be264.json,paper-claim-audit-20260909,DOCUMENTATION,OTHER,OPEN,NOT_APPLICABLE,INFRASTRUCTURE,true,0.4158
rh/catalog/research_engine/submissions/2a5119f4be4d183f35ca.json,rh/catalog/research_engine/submissions/2a5119f4be4d183f35ca.json,paper-claim-audit-20260909,DOCUMENTATION,OTHER,OPEN,NOT_APPLICABLE,INFRASTRUCTURE,true,0.4158
rh/catalog/research_engine/submissions/2bca6b421f2cab3db40d.json,rh/catalog/research_engine/submissions/2bca6b421f2cab3db40d.json,paper-claim-audit-20260909,DOCUMENTATION,OTHER,OPEN,NOT_APPLICABLE,INFRASTRUCTURE,true,0.4158
rh/catalog/research_engine/submissions/2fe73304c82980ba7274.json,rh/catalog/research_engine/submissions/2fe73304c82980ba7274.json,paper-claim-audit-20260909,DOCUMENTATION,OTHER,OPEN,NOT_APPLICABLE,INFRASTRUCTURE,true,0.4158
rh/catalog/research_engine/submissions/30e2c1ea8c5c34f23609.json,rh/catalog/research_engine/submissions/30e2c1ea8c5c34f23609.json,paper-claim-audit-20260909,DOCUMENTATION,OTHER,OPEN,NOT_APPLICABLE,INFRASTRUCTURE,true,0.4158
rh/catalog/research_engine/submissions/31f4cbc64c9fcf9a690e.json,rh/catalog/research_engine/submissions/31f4cbc64c9fcf9a690e.json,paper-claim-audit-20260909,DOCUMENTATION,OTHER,OPEN,NOT_APPLICABLE,INFRASTRUCTURE,true,0.4158
rh/catalog/research_engine/submissions/396e2aed8501c2c6ec04.json,rh/catalog/research_engine/submissions/396e2aed8501c2c6ec04.json,paper-claim-audit-20260909,DOCUMENTATION,OTHER,OPEN,NOT_APPLICABLE,INFRASTRUCTURE,true,0.4158
rh/catalog/research_engine/submissions/3ed8c913159a8e42fbfe.json,rh/catalog/research_engine/submissions/3ed8c913159a8e42fbfe.json,paper-claim-audit-20260909,DOCUMENTATION,OTHER,OPEN,NOT_APPLICABLE,INFRASTRUCTURE,true,0.4158
rh/catalog/research_engine/submissions/4465b0893e26290a5c71.json,rh/catalog/research_engine/submissions/4465b0893e26290a5c71.json,paper-claim-audit-20260909,DOCUMENTATION,OTHER,OPEN,NOT_APPLICABLE,INFRASTRUCTURE,true,0.4158
rh/catalog/research_engine/submissions/44bdb8960247e9e41ddb.json,rh/catalog/research_engine/submissions/44bdb8960247e9e41ddb.json,paper-claim-audit-20260909,DOCUMENTATION,OTHER,OPEN,NOT_APPLICABLE,INFRASTRUCTURE,true,0.4158
rh/catalog/research_engine/submissions/4805350b2720e3271e71.json,rh/catalog/research_engine/submissions/4805350b2720e3271e71.json,paper-claim-audit-20260909,DOCUMENTATION,OTHER,OPEN,NOT_APPLICABLE,INFRASTRUCTURE,true,0.4158
rh/catalog/research_engine/submissions/491b9280f7f01a8a37fe.json,rh/catalog/research_engine/submissions/491b9280f7f01a8a37fe.json,paper-claim-audit-20260909,DOCUMENTATION,OTHER,OPEN,NOT_APPLICABLE,INFRASTRUCTURE,true,0.4158
rh/catalog/research_engine/submissions/49206e31105f9b010004.json,rh/catalog/research_engine/submissions/49206e31105f9b010004.json,paper-claim-audit-20260909,DOCUMENTATION,OTHER,OPEN,NOT_APPLICABLE,INFRASTRUCTURE,true,0.4158
rh/catalog/research_engine/submissions/495998e71e8f4c789b64.json,rh/catalog/research_engine/submissions/495998e71e8f4c789b64.json,paper-claim-audit-20260909,DOCUMENTATION,OTHER,OPEN,NOT_APPLICABLE,INFRASTRUCTURE,true,0.4158
rh/catalog/research_engine/submissions/503430682f427668488b.json,rh/catalog/research_engine/submissions/503430682f427668488b.json,paper-claim-audit-20260909,DOCUMENTATION,OTHER,OPEN,NOT_APPLICABLE,INFRASTRUCTURE,true,0.4158
rh/catalog/research_engine/submissions/54871ccf0c417b1be1c5.json,rh/catalog/research_engine/submissions/54871ccf0c417b1be1c5.json,paper-claim-audit-20260909,DOCUMENTATION,OTHER,OPEN,NOT_APPLICABLE,INFRASTRUCTURE,true,0.4158
rh/catalog/research_engine/submissions/55a4575c929b484cd6cf.json,rh/catalog/research_engine/submissions/55a4575c929b484cd6cf.json,paper-claim-audit-20260909,DOCUMENTATION,OTHER,OPEN,NOT_APPLICABLE,INFRASTRUCTURE,true,0.4158
rh/catalog/research_engine/submissions/56c71e165621d9782eab.json,rh/catalog/research_engine/submissions/56c71e165621d9782eab.json,paper-claim-audit-20260909,DOCUMENTATION,OTHER,OPEN,NOT_APPLICABLE,INFRASTRUCTURE,true,0.4158
rh/catalog/research_engine/submissions/56e2f7259d3e1eddfef2.json,rh/catalog/research_engine/submissions/56e2f7259d3e1eddfef2.json,paper-claim-audit-20260909,DOCUMENTATION,OTHER,OPEN,NOT_APPLICABLE,INFRASTRUCTURE,true,0.4158
rh/catalog/research_engine/submissions/58d51f149dd9b146c68f.json,rh/catalog/research_engine/submissions/58d51f149dd9b146c68f.json,paper-claim-audit-20260909,DOCUMENTATION,OTHER,OPEN,NOT_APPLICABLE,INFRASTRUCTURE,true,0.4158
rh/catalog/research_engine/submissions/59f266ce0bf6d8d3f736.json,rh/catalog/research_engine/submissions/59f266ce0bf6d8d3f736.json,paper-claim-audit-20260909,DOCUMENTATION,OTHER,OPEN,NOT_APPLICABLE,INFRASTRUCTURE,true,0.4158
rh/catalog/research_engine/submissions/5bb72a2dd025609bf7c8.json,rh/catalog/research_engine/submissions/5bb72a2dd025609bf7c8.json,paper-claim-audit-20260909,DOCUMENTATION,OTHER,OPEN,NOT_APPLICABLE,INFRASTRUCTURE,true,0.4158
rh/catalog/research_engine/submissions/5e61d54c7fc94ba87fb3.json,rh/catalog/research_engine/submissions/5e61d54c7fc94ba87fb3.json,paper-claim-audit-20260909,DOCUMENTATION,OTHER,OPEN,NOT_APPLICABLE,INFRASTRUCTURE,true,0.4158
rh/catalog/research_engine/submissions/6593fe1682fa1c612586.json,rh/catalog/research_engine/submissions/6593fe1682fa1c612586.json,paper-claim-audit-20260909,DOCUMENTATION,OTHER,OPEN,NOT_APPLICABLE,INFRASTRUCTURE,true,0.4158
rh/catalog/research_engine/submissions/6c63b79bc4b3ae978d4c.json,rh/catalog/research_engine/submissions/6c63b79bc4b3ae978d4c.json,paper-claim-audit-20260909,DOCUMENTATION,OTHER,OPEN,NOT_APPLICABLE,INFRASTRUCTURE,true,0.4158
rh/catalog/research_engine/submissions/7632581451a561f8a598.json,rh/catalog/research_engine/submissions/7632581451a561f8a598.json,paper-claim-audit-20260909,DOCUMENTATION,OTHER,OPEN,NOT_APPLICABLE,INFRASTRUCTURE,true,0.4158
rh/catalog/research_engine/submissions/7731668a96b791a00760.json,rh/catalog/research_engine/submissions/7731668a96b791a00760.json,paper-claim-audit-20260909,DOCUMENTATION,OTHER,OPEN,NOT_APPLICABLE,INFRASTRUCTURE,true,0.4158
rh/catalog/research_engine/submissions/7c143aa16194c0430198.json,rh/catalog/research_engine/submissions/7c143aa16194c0430198.json,paper-claim-audit-20260909,DOCUMENTATION,OTHER,OPEN,NOT_APPLICABLE,INFRASTRUCTURE,true,0.4158
rh/catalog/research_engine/submissions/8089983e645565143e67.json,rh/catalog/research_engine/submissions/8089983e645565143e67.json,paper-claim-audit-20260909,DOCUMENTATION,OTHER,OPEN,NOT_APPLICABLE,INFRASTRUCTURE,true,0.4158
rh/catalog/research_engine/submissions/838b3b3d42bad99210ca.json,rh/catalog/research_engine/submissions/838b3b3d42bad99210ca.json,paper-claim-audit-20260909,DOCUMENTATION,OTHER,OPEN,NOT_APPLICABLE,INFRASTRUCTURE,true,0.4158
rh/catalog/research_engine/submissions/8660fe7a567215dc1e7d.json,rh/catalog/research_engine/submissions/8660fe7a567215dc1e7d.json,paper-claim-audit-20260909,DOCUMENTATION,OTHER,OPEN,NOT_APPLICABLE,INFRASTRUCTURE,true,0.4158
rh/catalog/research_engine/submissions/86e1a0a653cc477a4c2e.json,rh/catalog/research_engine/submissions/86e1a0a653cc477a4c2e.json,paper-claim-audit-20260909,DOCUMENTATION,OTHER,OPEN,NOT_APPLICABLE,INFRASTRUCTURE,true,0.4158
rh/catalog/research_engine/submissions/8e6e2acd80d27c201412.json,rh/catalog/research_engine/submissions/8e6e2acd80d27c201412.json,paper-claim-audit-20260909,DOCUMENTATION,OTHER,OPEN,NOT_APPLICABLE,INFRASTRUCTURE,true,0.4158
rh/catalog/research_engine/submissions/8ea5f9a999677d8c1fc2.json,rh/catalog/research_engine/submissions/8ea5f9a999677d8c1fc2.json,paper-claim-audit-20260909,DOCUMENTATION,OTHER,OPEN,NOT_APPLICABLE,INFRASTRUCTURE,true,0.4158
rh/catalog/research_engine/submissions/933e292f75fe6cccb46d.json,rh/catalog/research_engine/submissions/933e292f75fe6cccb46d.json,paper-claim-audit-20260909,DOCUMENTATION,OTHER,OPEN,NOT_APPLICABLE,INFRASTRUCTURE,true,0.4158
rh/catalog/research_engine/submissions/943a24806adc5110bfac.json,rh/catalog/research_engine/submissions/943a24806adc5110bfac.json,paper-claim-audit-20260909,DOCUMENTATION,OTHER,OPEN,NOT_APPLICABLE,INFRASTRUCTURE,true,0.4158
rh/catalog/research_engine/submissions/952ab0ef9e61a6314ee0.json,rh/catalog/research_engine/submissions/952ab0ef9e61a6314ee0.json,paper-claim-audit-20260909,DOCUMENTATION,OTHER,OPEN,NOT_APPLICABLE,INFRASTRUCTURE,true,0.4158
rh/catalog/research_engine/submissions/9649bf8ecce60a8a3e38.json,rh/catalog/research_engine/submissions/9649bf8ecce60a8a3e38.json,paper-claim-audit-20260909,DOCUMENTATION,OTHER,OPEN,NOT_APPLICABLE,INFRASTRUCTURE,true,0.4158
rh/catalog/research_engine/submissions/98376f761b136af87a3a.json,rh/catalog/research_engine/submissions/98376f761b136af87a3a.json,paper-claim-audit-20260909,DOCUMENTATION,OTHER,OPEN,NOT_APPLICABLE,INFRASTRUCTURE,true,0.4158
rh/catalog/research_engine/submissions/9b5df48ca2a537b5f090.json,rh/catalog/research_engine/submissions/9b5df48ca2a537b5f090.json,paper-claim-audit-20260909,DOCUMENTATION,OTHER,OPEN,NOT_APPLICABLE,INFRASTRUCTURE,true,0.4158
rh/catalog/research_engine/submissions/9bafcb5d890ed63b1583.json,rh/catalog/research_engine/submissions/9bafcb5d890ed63b1583.json,paper-claim-audit-20260909,DOCUMENTATION,OTHER,OPEN,NOT_APPLICABLE,INFRASTRUCTURE,true,0.4158
rh/catalog/research_engine/submissions/9fb53ea037ff5464edee.json,rh/catalog/research_engine/submissions/9fb53ea037ff5464edee.json,paper-claim-audit-20260909,DOCUMENTATION,OTHER,OPEN,NOT_APPLICABLE,INFRASTRUCTURE,true,0.4158
rh/catalog/research_engine/submissions/a04ac936f779ff00b5f1.json,rh/catalog/research_engine/submissions/a04ac936f779ff00b5f1.json,paper-claim-audit-20260909,DOCUMENTATION,OTHER,OPEN,NOT_APPLICABLE,INFRASTRUCTURE,true,0.4158
rh/catalog/research_engine/submissions/a05d2c08c25414107b60.json,rh/catalog/research_engine/submissions/a05d2c08c25414107b60.json,paper-claim-audit-20260909,DOCUMENTATION,OTHER,OPEN,NOT_APPLICABLE,INFRASTRUCTURE,true,0.4158
rh/catalog/research_engine/submissions/a0f8aa486f0f64c03825.json,rh/catalog/research_engine/submissions/a0f8aa486f0f64c03825.json,paper-claim-audit-20260909,DOCUMENTATION,OTHER,OPEN,NOT_APPLICABLE,INFRASTRUCTURE,true,0.4158
rh/catalog/research_engine/submissions/a4e723ed85107148e5cd.json,rh/catalog/research_engine/submissions/a4e723ed85107148e5cd.json,paper-claim-audit-20260909,DOCUMENTATION,OTHER,OPEN,NOT_APPLICABLE,INFRASTRUCTURE,true,0.4158
rh/catalog/research_engine/submissions/adf473a211e62d082946.json,rh/catalog/research_engine/submissions/adf473a211e62d082946.json,paper-claim-audit-20260909,DOCUMENTATION,OTHER,OPEN,NOT_APPLICABLE,INFRASTRUCTURE,true,0.4158
rh/catalog/research_engine/submissions/b0191b67d2f7cbab9df2.json,rh/catalog/research_engine/submissions/b0191b67d2f7cbab9df2.json,paper-claim-audit-20260909,DOCUMENTATION,OTHER,OPEN,NOT_APPLICABLE,INFRASTRUCTURE,true,0.4158
rh/catalog/research_engine/submissions/b17d002396911bfee16f.json,rh/catalog/research_engine/submissions/b17d002396911bfee16f.json,paper-claim-audit-20260909,DOCUMENTATION,OTHER,OPEN,NOT_APPLICABLE,INFRASTRUCTURE,true,0.4158
rh/catalog/research_engine/submissions/b1e3d23bbf7959bf7058.json,rh/catalog/research_engine/submissions/b1e3d23bbf7959bf7058.json,paper-claim-audit-20260909,DOCUMENTATION,OTHER,OPEN,NOT_APPLICABLE,INFRASTRUCTURE,true,0.4158
rh/catalog/research_engine/submissions/b2d1536430b4160671da.json,rh/catalog/research_engine/submissions/b2d1536430b4160671da.json,paper-claim-audit-20260909,DOCUMENTATION,OTHER,OPEN,NOT_APPLICABLE,INFRASTRUCTURE,true,0.4158
rh/catalog/research_engine/submissions/b7b5d259fb821653794b.json,rh/catalog/research_engine/submissions/b7b5d259fb821653794b.json,paper-claim-audit-20260909,DOCUMENTATION,OTHER,OPEN,NOT_APPLICABLE,INFRASTRUCTURE,true,0.4158
rh/catalog/research_engine/submissions/bd2948c33ea1366efeb2.json,rh/catalog/research_engine/submissions/bd2948c33ea1366efeb2.json,paper-claim-audit-20260909,DOCUMENTATION,OTHER,OPEN,NOT_APPLICABLE,INFRASTRUCTURE,true,0.4158
rh/catalog/research_engine/submissions/befea4742a94a35e4201.json,rh/catalog/research_engine/submissions/befea4742a94a35e4201.json,paper-claim-audit-20260909,DOCUMENTATION,OTHER,OPEN,NOT_APPLICABLE,INFRASTRUCTURE,true,0.4158
rh/catalog/research_engine/submissions/c01cb4a6cd94ae40bfa8.json,rh/catalog/research_engine/submissions/c01cb4a6cd94ae40bfa8.json,paper-claim-audit-20260909,DOCUMENTATION,OTHER,OPEN,NOT_APPLICABLE,INFRASTRUCTURE,true,0.4158
rh/catalog/research_engine/submissions/c7a5b9a901d71e4e3992.json,rh/catalog/research_engine/submissions/c7a5b9a901d71e4e3992.json,paper-claim-audit-20260909,DOCUMENTATION,OTHER,OPEN,NOT_APPLICABLE,INFRASTRUCTURE,true,0.4158
rh/catalog/research_engine/submissions/cab32e6011ca282684e1.json,rh/catalog/research_engine/submissions/cab32e6011ca282684e1.json,paper-claim-audit-20260909,DOCUMENTATION,OTHER,OPEN,NOT_APPLICABLE,INFRASTRUCTURE,true,0.4158
rh/catalog/research_engine/submissions/cc2897fe68d1da8a9cd0.json,rh/catalog/research_engine/submissions/cc2897fe68d1da8a9cd0.json,paper-claim-audit-20260909,DOCUMENTATION,OTHER,OPEN,NOT_APPLICABLE,INFRASTRUCTURE,true,0.4158
rh/catalog/research_engine/submissions/cc857032ec0523eff1a0.json,rh/catalog/research_engine/submissions/cc857032ec0523eff1a0.json,paper-claim-audit-20260909,DOCUMENTATION,OTHER,OPEN,NOT_APPLICABLE,INFRASTRUCTURE,true,0.4158
rh/catalog/research_engine/submissions/cf3e42f061fc941ef1cb.json,rh/catalog/research_engine/submissions/cf3e42f061fc941ef1cb.json,paper-claim-audit-20260909,DOCUMENTATION,OTHER,OPEN,NOT_APPLICABLE,INFRASTRUCTURE,true,0.4158
rh/catalog/research_engine/submissions/cf7c855ae564f86c79fd.json,rh/catalog/research_engine/submissions/cf7c855ae564f86c79fd.json,paper-claim-audit-20260909,DOCUMENTATION,OTHER,OPEN,NOT_APPLICABLE,INFRASTRUCTURE,true,0.4158
rh/catalog/research_engine/submissions/d5b566672d584b3f6168.json,rh/catalog/research_engine/submissions/d5b566672d584b3f6168.json,paper-claim-audit-20260909,DOCUMENTATION,OTHER,OPEN,NOT_APPLICABLE,INFRASTRUCTURE,true,0.4158
rh/catalog/research_engine/submissions/d65295d5e3fe40fb3701.json,rh/catalog/research_engine/submissions/d65295d5e3fe40fb3701.json,paper-claim-audit-20260909,DOCUMENTATION,OTHER,OPEN,NOT_APPLICABLE,INFRASTRUCTURE,true,0.4158
rh/catalog/research_engine/submissions/daa5ba359ceb354e2f88.json,rh/catalog/research_engine/submissions/daa5ba359ceb354e2f88.json,paper-claim-audit-20260909,DOCUMENTATION,OTHER,OPEN,NOT_APPLICABLE,INFRASTRUCTURE,true,0.4158
rh/catalog/research_engine/submissions/dee4dbd465492c8a29b0.json,rh/catalog/research_engine/submissions/dee4dbd465492c8a29b0.json,paper-claim-audit-20260909,DOCUMENTATION,OTHER,OPEN,NOT_APPLICABLE,INFRASTRUCTURE,true,0.4158
rh/catalog/research_engine/submissions/e4804354c70a3c1992c9.json,rh/catalog/research_engine/submissions/e4804354c70a3c1992c9.json,paper-claim-audit-20260909,DOCUMENTATION,OTHER,OPEN,NOT_APPLICABLE,INFRASTRUCTURE,true,0.4158
rh/catalog/research_engine/submissions/ed34b2d2f5ac4f46c5cf.json,rh/catalog/research_engine/submissions/ed34b2d2f5ac4f46c5cf.json,paper-claim-audit-20260909,DOCUMENTATION,OTHER,OPEN,NOT_APPLICABLE,INFRASTRUCTURE,true,0.4158
rh/catalog/research_engine/submissions/f50550d0b55c8398f7f7.json,rh/catalog/research_engine/submissions/f50550d0b55c8398f7f7.json,paper-claim-audit-20260909,DOCUMENTATION,OTHER,OPEN,NOT_APPLICABLE,INFRASTRUCTURE,true,0.4158
rh/catalog/research_engine/submissions/f529de163b9eff9064ec.json,rh/catalog/research_engine/submissions/f529de163b9eff9064ec.json,paper-claim-audit-20260909,DOCUMENTATION,OTHER,OPEN,NOT_APPLICABLE,INFRASTRUCTURE,true,0.4158
rh/catalog/research_engine/submissions/f9f81a97bebf4e47a2dc.json,rh/catalog/research_engine/submissions/f9f81a97bebf4e47a2dc.json,paper-claim-audit-20260909,DOCUMENTATION,OTHER,OPEN,NOT_APPLICABLE,INFRASTRUCTURE,true,0.4158
rh/catalog/research_engine/submissions/fca79d9e6596a5e41121.json,rh/catalog/research_engine/submissions/fca79d9e6596a5e41121.json,paper-claim-audit-20260909,DOCUMENTATION,OTHER,OPEN,NOT_APPLICABLE,INFRASTRUCTURE,true,0.4158
tfpt_prime_front.tex#paper-route-lemma-separation,tfpt_prime_front.tex#paper-route-lemma-separation,paper-claim-audit-20260909,DOCUMENTATION,OTHER,RESTATED,NOT_APPLICABLE,FINITE_FRAGMENT,false,0.3025
verification/v563_paper2_readouts.py,verification/v563_paper2_readouts.py,phase2,FOUNDATION,TOEPLITZ_MOMENT_POSITIVITY,OPEN,NOT_APPLICABLE,INFRASTRUCTURE,false,1.155
verification/v881_carleson_port_geometry.py,verification/v881_carleson_port_geometry.py,port lane,REDUCTION,TOEPLITZ_MOMENT_POSITIVITY,CERTIFIED,STRUCTURAL_MISMATCH,EQUIVALENCE,false,2.3
/Users/stefanhamann/Documents/Codex/2026-09-04/scha-2/work/relative_window_flow_20260907/relative_flow_proof.md,/Users/stefanhamann/Documents/Codex/2026-09-04/scha-2/work/relative_window_flow_20260907/relative_flow_proof.md,relative_window_flow_20260907,DOCUMENTATION,WEIL_POSITIVITY_WINDOWS,KILLED,STRUCTURAL_MISMATCH,LOAD_BEARING_OPEN,false,1.012
/Users/stefanhamann/Documents/Codex/2026-09-04/scha-2/research/research_update_audit_20260909/README.md,/Users/stefanhamann/Documents/Codex/2026-09-04/scha-2/research/research_update_audit_20260909/README.md,research_update_audit_20260909,DOCUMENTATION,EXTERNAL_ADJUDICATION,RESTATED,NO_BRIDGE,INFRASTRUCTURE,false,0.3025
/Users/stefanhamann/Documents/Codex/2026-09-04/scha-2/research/rh_arithmetic_relative_correction_20260909/README.md,/Users/stefanhamann/Documents/Codex/2026-09-04/scha-2/research/rh_arithmetic_relative_correction_20260909/README.md,rh_arithmetic_relative_correction_20260909,DOCUMENTATION,WEIL_POSITIVITY_WINDOWS,RESTATED,NO_BRIDGE,FINITE_FRAGMENT,false,0.3025
/Users/stefanhamann/Documents/Codex/2026-09-04/scha-2/research/rh_autonomous_search_20260907/README.md,/Users/stefanhamann/Documents/Codex/2026-09-04/scha-2/research/rh_autonomous_search_20260907/README.md,rh_autonomous_search_20260907,DOCUMENTATION,OPERATOR_SPECTRAL,MEASURED,NO_BRIDGE,FINITE_FRAGMENT,false,0.66
/Users/stefanhamann/Documents/Codex/2026-09-04/scha-2/research/rh_barrier_search_20260907/README.md,/Users/stefanhamann/Documents/Codex/2026-09-04/scha-2/research/rh_barrier_search_20260907/README.md,rh_barrier_search_20260907,DOCUMENTATION,WEIL_POSITIVITY_WINDOWS,RESTATED,NOT_APPLICABLE,FINITE_FRAGMENT,false,0.3025
/Users/stefanhamann/Documents/Codex/2026-09-04/scha-2/research/rh_fermion_event_identity_20260908/README.md,/Users/stefanhamann/Documents/Codex/2026-09-04/scha-2/research/rh_fermion_event_identity_20260908/README.md,rh_fermion_event_identity_20260908,DOCUMENTATION,TOEPLITZ_MOMENT_POSITIVITY,RESTATED,NO_BRIDGE,IDENTITY_SIDE,false,0.3025
/Users/stefanhamann/Documents/Codex/2026-09-04/scha-2/research/rh_residual_response_20260908/RESPONSE_PROOF.md,/Users/stefanhamann/Documents/Codex/2026-09-04/scha-2/research/rh_residual_response_20260908/RESPONSE_PROOF.md,rh_residual_response_20260908,DOCUMENTATION,WEIL_POSITIVITY_WINDOWS,RESTATED,NO_BRIDGE,FINITE_FRAGMENT,false,0.3025
/Users/stefanhamann/Documents/Codex/2026-09-04/scha-2/research/rh_seam_gram_correction_20260909/README.md,/Users/stefanhamann/Documents/Codex/2026-09-04/scha-2/research/rh_seam_gram_correction_20260909/README.md,rh_seam_gram_correction_20260909,DOCUMENTATION,DYNAMICS_CLOCKS_PF,RESTATED,NO_BRIDGE,IDENTITY_SIDE,false,0.3025
/Users/stefanhamann/Documents/Codex/2026-09-04/scha-2/research/rh_whole_odd_coercivity_20260909/README.md,/Users/stefanhamann/Documents/Codex/2026-09-04/scha-2/research/rh_whole_odd_coercivity_20260909/README.md,rh_whole_odd_coercivity_20260909,DOCUMENTATION,WEIL_POSITIVITY_WINDOWS,RESTATED,NO_BRIDGE,FINITE_FRAGMENT,false,0.3025
/Users/stefanhamann/Documents/Codex/2026-09-04/scha-2/research/rh_zero_temperature_readout_20260908/README.md,/Users/stefanhamann/Documents/Codex/2026-09-04/scha-2/research/rh_zero_temperature_readout_20260908/README.md,rh_zero_temperature_readout_20260908,DOCUMENTATION,TOEPLITZ_MOMENT_POSITIVITY,RESTATED,NO_BRIDGE,LOAD_BEARING_OPEN,false,0.3479
verification/v1021_all_place_tate_rank_audit.py,verification/v1021_all_place_tate_rank_audit.py,v1021,FOUNDATION,EXPLICIT_FORMULA_IDENTITY,PROVED,NOT_APPLICABLE,IDENTITY_SIDE,false,2.42
